timestamp,link_id,src_port,dst_port,tx_rate_bytes,utilization_pct
2026-09-08T05:18:45.690216,0000000000000003-0000000000000005,2,2,0.0,0.0
2026-09-08T05:18:45.710466,0000000000000004-0000000000000006,2,2,0.0,0.0
2026-09-08T05:18:45.725631,0000000000000001-0000000000000005,3,2,0.0,0.0
2026-09-08T05:18:45.740588,0000000000000005-0000000000000001,2,3,0.0,0.0
2026-09-08T05:18:45.760476,0000000000000001-0000000000000004,2,1,0.0,0.0
2026-09-08T05:18:45.779237,0000000000000002-0000000000000004,3,1,0.0,0.0
2026-09-08T05:18:45.795931,0000000000000003-0000000000000001,1,3,0.0,0.0
2026-09-08T05:18:45.811162,0000000000000006-0000000000000001,2,2,0.0,0.0
2026-09-08T05:18:45.828185,0000000000000004-0000000000000001,1,2,0.0,0.0
2026-09-08T05:18:45.844825,0000000000000002-0000000000000005,2,2,0.0,0.0
2026-09-08T05:18:48.146705,0000000000000003-0000000000000005,2,2,7813.48,0.06
2026-09-08T05:18:48.165881,0000000000000004-0000000000000006,2,2,7740.23,0.06
2026-09-08T05:18:48.184428,0000000000000002-0000000000000006,3,2,7666.98,0.06
2026-09-08T05:18:48.203854,0000000000000001-0000000000000004,2,1,6055.45,0.05
2026-09-08T05:18:48.223059,0000000000000003-0000000000000002,1,2,3979.99,0.06
2026-09-08T05:18:48.241280,0000000000000005-0000000000000001,2,3,1855.7,0.06
2026-09-08T05:18:48.259331,0000000000000006-0000000000000001,2,2,1855.7,0.06
2026-09-08T05:18:48.276045,0000000000000004-0000000000000001,1,2,3882.32,0.06
2026-09-08T05:18:48.295175,0000000000000002-0000000000000005,2,2,5811.28,0.05
2026-09-08T05:18:48.312461,0000000000000001-0000000000000005,3,2,7789.06,0.06
2026-09-08T05:18:50.917466,0000000000000003-0000000000000005,2,2,7168.0,0.06
2026-09-08T05:18:50.936076,0000000000000004-0000000000000006,2,2,7276.27,0.06
2026-09-08T05:18:50.953323,0000000000000002-0000000000000004,3,1,7103.03,0.06
2026-09-08T05:18:50.968824,0000000000000005-0000000000000004,2,1,1840.72,0.06
2026-09-08T05:18:50.984892,0000000000000003-0000000000000004,1,1,3768.07,0.06
2026-09-08T05:18:51.004418,0000000000000001-0000000000000004,2,1,5435.55,0.04
2026-09-08T05:18:51.021572,0000000000000006-0000000000000005,2,2,1819.07,0.06
2026-09-08T05:18:51.037223,0000000000000004-0000000000000005,1,2,3746.41,0.06
2026-09-08T05:18:51.055477,0000000000000002-0000000000000005,2,2,5478.86,0.04
2026-09-08T05:18:51.070696,0000000000000001-0000000000000005,3,2,6929.78,0.06
2026-09-08T05:18:53.509835,0000000000000003-0000000000000005,2,2,8031.35,0.06
2026-09-08T05:18:53.532759,0000000000000004-0000000000000006,2,2,7915.62,0.06
2026-09-08T05:18:53.549732,0000000000000001-0000000000000003,3,1,8031.35,0.06
2026-09-08T05:18:53.567560,0000000000000002-0000000000000006,3,2,7961.91,0.06
2026-09-08T05:18:53.582791,0000000000000003-0000000000000006,1,2,4096.68,0.06
2026-09-08T05:18:53.598417,0000000000000001-0000000000000006,2,2,6087.16,0.05
2026-09-08T05:18:53.616192,0000000000000006-0000000000000003,2,1,2059.91,0.06
2026-09-08T05:18:53.634960,0000000000000004-0000000000000003,1,1,4119.83,0.06
2026-09-08T05:18:53.654857,0000000000000002-0000000000000003,2,1,6133.45,0.05
2026-09-08T05:18:53.671021,0000000000000005-0000000000000003,2,2,2036.77,0.06
2026-09-08T05:18:56.267703,0000000000000003-0000000000000005,2,2,7179.85,0.06
2026-09-08T05:18:56.289338,0000000000000004-0000000000000006,2,2,7201.61,0.06
2026-09-08T05:18:56.315706,0000000000000002-0000000000000005,2,2,5374.01,0.04
2026-09-08T05:18:56.333702,0000000000000004-0000000000000002,1,3,3502.9,0.06
2026-09-08T05:18:56.351061,0000000000000003-0000000000000006,1,2,3807.5,0.06
2026-09-08T05:18:56.369996,0000000000000002-0000000000000006,3,2,7005.8,0.06
2026-09-08T05:18:56.386937,0000000000000006-0000000000000002,2,3,1740.57,0.06
2026-09-08T05:18:56.405579,0000000000000001-0000000000000006,2,2,5504.55,0.04
2026-09-08T05:18:56.421090,0000000000000001-0000000000000003,3,1,7005.8,0.06
2026-09-08T05:18:56.442100,0000000000000005-0000000000000003,2,2,1849.36,0.06
2026-09-08T05:18:58.880056,0000000000000003-0000000000000005,2,2,7492.37,0.06
2026-09-08T05:18:58.899147,0000000000000004-0000000000000006,2,2,259570.75,2.08
2026-09-08T05:18:58.919969,0000000000000002-0000000000000004,3,1,158926.34,1.27
2026-09-08T05:18:58.937499,0000000000000001-0000000000000002,2,2,106835.73,0.85
2026-09-08T05:18:58.954072,0000000000000003-0000000000000001,1,3,3858.34,0.06
2026-09-08T05:18:58.974322,0000000000000005-0000000000000001,2,3,2269.83,0.25
2026-09-08T05:18:58.992785,0000000000000006-0000000000000001,2,2,3034.61,2.48
2026-09-08T05:18:59.009281,0000000000000004-0000000000000005,1,2,4931.63,2.08
2026-09-08T05:18:59.027268,0000000000000002-0000000000000005,2,2,6608.93,1.26
2026-09-08T05:18:59.042715,0000000000000001-0000000000000005,3,2,7515.34,0.06
2026-09-08T05:19:01.702882,0000000000000003-0000000000000005,2,2,9432151.16,75.46
2026-09-08T05:19:01.724737,0000000000000004-0000000000000006,2,2,2472968.62,19.78
2026-09-08T05:19:01.750772,0000000000000002-0000000000000004,3,1,2379904.4,19.04
2026-09-08T05:19:01.770698,0000000000000005-0000000000000004,2,1,16993.15,79.37
2026-09-08T05:19:01.790740,0000000000000003-0000000000000004,1,1,18619.65,75.46
2026-09-08T05:19:01.810803,0000000000000001-0000000000000004,2,1,2345286.9,69.9
2026-09-08T05:19:01.829562,0000000000000006-0000000000000005,2,2,6681.65,20.16
2026-09-08T05:19:01.849790,0000000000000004-0000000000000005,1,2,8632.59,19.78
2026-09-08T05:19:01.873713,0000000000000002-0000000000000005,2,2,9093608.54,72.75
2026-09-08T05:19:01.893201,0000000000000001-0000000000000005,3,2,8734541.38,69.88
2026-09-08T05:19:04.486619,0000000000000003-0000000000000005,2,2,8464809.65,67.72
2026-09-08T05:19:04.508442,0000000000000004-0000000000000006,2,2,2507362.6,20.06
2026-09-08T05:19:04.530685,0000000000000001-0000000000000003,3,1,9172191.33,73.38
2026-09-08T05:19:04.548517,0000000000000004-0000000000000003,1,1,7772.74,20.06
2026-09-08T05:19:04.571452,0000000000000002-0000000000000003,2,1,8813101.31,70.5
2026-09-08T05:19:04.589990,0000000000000005-0000000000000003,2,2,14246.43,63.57
2026-09-08T05:19:04.608454,0000000000000001-0000000000000006,2,2,2614133.21,73.39
2026-09-08T05:19:04.627429,0000000000000002-0000000000000004,3,1,2601680.16,20.81
2026-09-08T05:19:04.647848,0000000000000003-0000000000000004,1,1,17098.16,67.72
2026-09-08T05:19:04.665649,0000000000000006-0000000000000004,2,2,5660.35,20.06
2026-09-08T05:19:07.157275,0000000000000003-0000000000000005,2,2,575983.35,4.61
2026-09-08T05:19:07.177843,0000000000000004-0000000000000006,2,2,2563826.08,20.51
2026-09-08T05:19:07.197301,0000000000000002-0000000000000006,3,2,2563803.6,20.51
2026-09-08T05:19:07.215999,0000000000000001-0000000000000002,2,2,2562163.17,20.5
2026-09-08T05:19:07.236668,0000000000000003-0000000000000002,1,2,5420.92,4.61
2026-09-08T05:19:07.258091,0000000000000001-0000000000000003,3,1,7056.11,0.06
2026-09-08T05:19:07.276853,0000000000000006-0000000000000003,2,1,5512.31,20.12
2026-09-08T05:19:07.296775,0000000000000004-0000000000000003,1,1,7316.79,20.51
2026-09-08T05:19:07.317869,0000000000000002-0000000000000003,2,1,366616.03,20.51
2026-09-08T05:19:07.338633,0000000000000005-0000000000000003,2,2,4232.17,7.65
2026-09-08T05:19:09.971568,0000000000000003-0000000000000005,2,2,11104860.74,88.84
2026-09-08T05:19:09.996146,0000000000000004-0000000000000006,2,2,2479572.11,19.84
2026-09-08T05:19:10.017475,0000000000000001-0000000000000003,3,1,10921325.32,87.37
2026-09-08T05:19:10.037647,0000000000000002-0000000000000006,3,2,2432805.73,19.46
2026-09-08T05:19:10.057904,0000000000000002-0000000000000005,2,2,11004292.58,88.03
2026-09-08T05:19:10.081061,0000000000000004-0000000000000002,1,3,7520.71,19.84
2026-09-08T05:19:10.098749,0000000000000006-0000000000000002,2,3,5715.14,20.21
2026-09-08T05:19:10.117516,0000000000000001-0000000000000002,2,2,2448736.78,87.39
2026-09-08T05:19:10.141062,0000000000000005-0000000000000002,2,2,18816.69,89.69
2026-09-08T05:19:10.161552,0000000000000003-0000000000000002,1,2,20588.15,88.84
2026-09-08T05:19:12.685581,0000000000000003-0000000000000005,2,2,8738793.32,69.91
2026-09-08T05:19:12.706597,0000000000000004-0000000000000006,2,2,2523060.72,20.18
2026-09-08T05:19:12.728269,0000000000000001-0000000000000005,3,2,9488580.54,75.91
2026-09-08T05:19:12.746608,0000000000000006-0000000000000004,2,2,5736.77,20.18
2026-09-08T05:19:12.766420,0000000000000005-0000000000000003,2,2,14754.23,66.04
2026-09-08T05:19:12.787029,0000000000000001-0000000000000006,2,2,2584163.08,75.92
2026-09-08T05:19:12.806054,0000000000000002-0000000000000006,3,2,2571360.9,20.57
2026-09-08T05:19:12.823540,0000000000000003-0000000000000001,1,3,17583.93,69.91
2026-09-08T05:19:12.843907,0000000000000002-0000000000000001,2,2,9055291.58,72.44
2026-09-08T05:19:12.861354,0000000000000004-0000000000000001,1,2,7949.69,20.18
2026-09-08T05:19:15.432552,0000000000000003-0000000000000005,2,2,1421206.0,11.37
2026-09-08T05:19:15.452384,0000000000000004-0000000000000006,2,2,2498030.36,19.98
2026-09-08T05:19:15.471615,0000000000000001-0000000000000005,3,2,678856.79,5.43
2026-09-08T05:19:15.489455,0000000000000002-0000000000000006,3,2,2473802.68,19.79
2026-09-08T05:19:15.511561,0000000000000005-0000000000000001,2,3,5574.22,15.59
2026-09-08T05:19:15.531248,0000000000000002-0000000000000001,2,2,1064101.22,19.8
2026-09-08T05:19:15.551037,0000000000000004-0000000000000002,1,3,7543.7,19.98
2026-09-08T05:19:15.570009,0000000000000006-0000000000000002,2,3,5619.46,19.99
2026-09-08T05:19:15.591609,0000000000000001-0000000000000002,2,2,2498103.34,19.98
2026-09-08T05:19:15.611856,0000000000000003-0000000000000002,1,2,6878.93,11.37
2026-09-08T05:19:18.180098,0000000000000003-0000000000000005,2,2,11992368.56,95.94
2026-09-08T05:19:18.200446,0000000000000004-0000000000000006,2,2,2534607.44,20.28
2026-09-08T05:19:18.224842,0000000000000006-0000000000000004,2,2,5679.43,19.9
2026-09-08T05:19:18.242607,0000000000000005-0000000000000004,2,1,16299.49,94.81
2026-09-08T05:19:18.261619,0000000000000002-0000000000000006,3,2,2534563.85,20.28
2026-09-08T05:19:18.278509,0000000000000001-0000000000000002,2,2,2547291.35,96.04
2026-09-08T05:19:18.296046,0000000000000003-0000000000000002,1,2,18236.94,95.94
2026-09-08T05:19:18.312189,0000000000000004-0000000000000005,1,2,7843.54,20.28
2026-09-08T05:19:18.328847,0000000000000002-0000000000000005,2,2,12017033.19,96.14
2026-09-08T05:19:18.345523,0000000000000001-0000000000000005,3,2,12002344.25,96.02
2026-09-08T05:19:20.752044,0000000000000003-0000000000000005,2,2,8847903.78,70.78
2026-09-08T05:19:20.776414,0000000000000004-0000000000000006,2,2,2509884.42,20.08
2026-09-08T05:19:20.795989,0000000000000002-0000000000000006,3,2,2535588.82,20.28
2026-09-08T05:19:20.812844,0000000000000003-0000000000000002,1,2,15968.42,70.78
2026-09-08T05:19:20.834494,0000000000000001-0000000000000002,2,2,2572083.74,77.04
2026-09-08T05:19:20.853730,0000000000000006-0000000000000003,2,1,6334.33,20.08
2026-09-08T05:19:20.870960,0000000000000004-0000000000000003,1,1,8410.78,20.08
2026-09-08T05:19:20.888790,0000000000000002-0000000000000003,2,1,9208622.36,73.67
2026-09-08T05:19:20.904697,0000000000000001-0000000000000003,3,1,9628255.27,77.03
2026-09-08T05:19:20.921936,0000000000000005-0000000000000003,2,2,13180.39,67.5
2026-09-08T05:19:23.519274,0000000000000003-0000000000000005,2,2,7195.53,0.06
2026-09-08T05:19:23.544259,0000000000000004-0000000000000006,2,2,2473058.2,19.78
2026-09-08T05:19:23.559689,0000000000000002-0000000000000004,3,1,2378049.77,19.02
2026-09-08T05:19:23.580382,0000000000000001-0000000000000002,2,2,2376445.95,19.01
2026-09-08T05:19:23.597122,0000000000000001-0000000000000005,3,2,7043.82,0.06
2026-09-08T05:19:23.616414,0000000000000003-0000000000000001,1,3,3792.82,0.06
2026-09-08T05:19:23.634303,0000000000000002-0000000000000001,2,2,9124.45,19.01
2026-09-08T05:19:23.653518,0000000000000006-0000000000000002,2,3,5589.54,20.17
2026-09-08T05:19:23.675979,0000000000000005-0000000000000006,2,2,1928.92,0.06
2026-09-08T05:19:23.694170,0000000000000004-0000000000000003,1,1,7490.28,19.78
2026-09-08T05:19:26.275486,0000000000000003-0000000000000005,2,2,7777.03,0.06
2026-09-08T05:19:26.298474,0000000000000004-0000000000000006,2,2,2486196.71,19.89
2026-09-08T05:19:26.319393,0000000000000001-0000000000000004,2,1,2532027.47,20.26
2026-09-08T05:19:26.340176,0000000000000002-0000000000000004,3,1,2533770.23,20.27
2026-09-08T05:19:26.364026,0000000000000001-0000000000000005,3,2,7842.39,0.06
2026-09-08T05:19:26.383457,0000000000000005-0000000000000001,2,3,1873.46,0.06
2026-09-08T05:19:26.403712,0000000000000003-0000000000000001,1,3,3921.19,0.06
2026-09-08T05:19:26.425661,0000000000000006-0000000000000001,2,2,5700.98,20.08
2026-09-08T05:19:26.444335,0000000000000004-0000000000000001,1,2,7681.18,19.89
2026-09-08T05:19:26.471720,0000000000000002-0000000000000001,2,2,9713.67,20.26
2026-09-08T05:19:29.002041,0000000000000003-0000000000000005,2,2,7807.22,0.06
2026-09-08T05:19:29.031817,0000000000000004-0000000000000006,2,2,2269543.01,18.16
2026-09-08T05:19:29.060577,0000000000000001-0000000000000006,2,2,2460112.57,19.68
2026-09-08T05:19:29.087009,0000000000000001-0000000000000003,3,1,7653.28,0.06
2026-09-08T05:19:29.121748,0000000000000005-0000000000000001,2,3,1935.31,0.06
2026-09-08T05:19:29.159428,0000000000000003-0000000000000001,1,3,3958.59,0.06
2026-09-08T05:19:29.183241,0000000000000002-0000000000000001,2,2,9969.05,19.3
2026-09-08T05:19:29.208687,0000000000000006-0000000000000004,2,2,5535.43,17.2
2026-09-08T05:19:29.229737,0000000000000002-0000000000000004,3,1,2413910.67,19.31
2026-09-08T05:19:29.253857,0000000000000004-0000000000000001,1,2,7772.04,18.16
2026-09-08T05:19:31.741922,0000000000000003-0000000000000005,2,2,7425.33,0.06
2026-09-08T05:19:31.763536,0000000000000004-0000000000000006,2,2,7556.75,0.06
2026-09-08T05:19:31.786613,0000000000000002-0000000000000004,3,1,7578.65,0.06
2026-09-08T05:19:31.811593,0000000000000001-0000000000000005,3,2,7403.43,0.06
2026-09-08T05:19:31.833884,0000000000000002-0000000000000001,2,2,5738.75,0.05
2026-09-08T05:19:31.852896,0000000000000004-0000000000000001,1,2,3614.1,0.06
2026-09-08T05:19:31.876552,0000000000000006-0000000000000004,2,2,1752.29,0.06
2026-09-08T05:19:31.897662,0000000000000005-0000000000000004,2,1,1752.29,0.06
2026-09-08T05:19:31.919301,0000000000000003-0000000000000004,1,1,3745.52,0.06
2026-09-08T05:19:31.942450,0000000000000001-0000000000000004,2,1,5782.56,0.05
2026-09-08T05:19:34.440062,0000000000000003-0000000000000005,2,2,7188.33,0.06
2026-09-08T05:19:34.464708,0000000000000004-0000000000000006,2,2,7410.87,0.06
2026-09-08T05:19:34.483995,0000000000000001-0000000000000003,3,1,7121.56,0.06
2026-09-08T05:19:34.504923,0000000000000002-0000000000000006,3,2,7188.33,0.06
2026-09-08T05:19:34.527737,0000000000000002-0000000000000001,2,2,5252.15,0.04
2026-09-08T05:19:34.545456,0000000000000006-0000000000000002,2,3,1713.63,0.06
2026-09-08T05:19:34.561774,0000000000000004-0000000000000002,1,3,3605.29,0.06
2026-09-08T05:19:34.581164,0000000000000005-0000000000000002,2,2,1936.17,0.06
2026-09-08T05:19:34.600152,0000000000000003-0000000000000002,1,2,3783.33,0.06
2026-09-08T05:19:34.617849,0000000000000001-0000000000000002,2,2,5541.46,0.04
2026-09-08T05:19:37.089620,0000000000000003-0000000000000005,2,2,7850.33,0.06
2026-09-08T05:19:37.108928,0000000000000004-0000000000000006,2,2,7805.08,0.06
2026-09-08T05:19:37.132180,0000000000000001-0000000000000003,3,1,7782.46,0.06
2026-09-08T05:19:37.149228,0000000000000002-0000000000000006,3,2,7805.08,0.06
2026-09-08T05:19:37.167134,0000000000000001-0000000000000002,2,2,5972.58,0.05
2026-09-08T05:19:37.188436,0000000000000003-0000000000000002,1,2,3981.72,0.06
2026-09-08T05:19:37.206717,0000000000000006-0000000000000003,2,1,1968.24,0.06
2026-09-08T05:19:37.228236,0000000000000004-0000000000000003,1,1,3913.85,0.06
2026-09-08T05:19:37.246181,0000000000000002-0000000000000003,2,1,6017.83,0.05
2026-09-08T05:19:37.265186,0000000000000005-0000000000000003,2,2,1968.24,0.06
2026-09-08T05:19:39.804501,0000000000000003-0000000000000005,2,2,7314.0,0.06
2026-09-08T05:19:39.825950,0000000000000004-0000000000000006,2,2,7667.55,0.06
2026-09-08T05:19:39.842643,0000000000000001-0000000000000003,3,1,7269.81,0.06
2026-09-08T05:19:39.861176,0000000000000002-0000000000000006,3,2,7601.26,0.06
2026-09-08T05:19:39.882199,0000000000000003-0000000000000002,1,2,3844.82,0.06
2026-09-08T05:19:39.900168,0000000000000001-0000000000000002,2,2,5678.85,0.05
2026-09-08T05:19:39.917549,0000000000000006-0000000000000003,2,1,1811.93,0.06
2026-09-08T05:19:39.939804,0000000000000004-0000000000000003,1,1,3734.34,0.06
2026-09-08T05:19:39.960492,0000000000000002-0000000000000003,2,1,5678.85,0.05
2026-09-08T05:19:39.981136,0000000000000005-0000000000000003,2,2,1900.31,0.06
2026-09-08T05:19:42.514919,0000000000000003-0000000000000005,2,2,7991.49,0.06
2026-09-08T05:19:42.532912,0000000000000004-0000000000000006,2,2,8057.9,0.06
2026-09-08T05:19:42.552800,0000000000000001-0000000000000005,3,2,7770.12,0.06
2026-09-08T05:19:42.577281,0000000000000001-0000000000000004,2,1,6087.7,0.05
2026-09-08T05:19:42.593684,0000000000000002-0000000000000004,3,1,7925.08,0.06
2026-09-08T05:19:42.617447,0000000000000006-0000000000000001,2,2,1815.24,0.06
2026-09-08T05:19:42.634646,0000000000000002-0000000000000003,2,1,5932.74,0.05
2026-09-08T05:19:42.653282,0000000000000005-0000000000000003,2,2,2036.61,0.06
2026-09-08T05:19:42.671941,0000000000000003-0000000000000002,1,2,4139.64,0.06
2026-09-08T05:19:42.694196,0000000000000004-0000000000000002,1,3,3896.13,0.06
2026-09-08T05:19:45.298142,0000000000000003-0000000000000005,2,2,7373.32,0.06
2026-09-08T05:19:45.316529,0000000000000004-0000000000000006,2,2,7675.15,0.06
2026-09-08T05:19:45.333794,0000000000000001-0000000000000003,3,1,7481.12,0.06
2026-09-08T05:19:45.356156,0000000000000002-0000000000000006,3,2,7632.03,0.06
2026-09-08T05:19:45.375643,0000000000000002-0000000000000005,2,2,5734.8,0.05
2026-09-08T05:19:45.395460,0000000000000003-0000000000000002,1,2,3966.93,0.06
2026-09-08T05:19:45.412736,0000000000000001-0000000000000006,2,2,5907.28,0.05
2026-09-08T05:19:45.434546,0000000000000006-0000000000000003,2,1,1789.43,0.06
2026-09-08T05:19:45.453363,0000000000000004-0000000000000003,1,1,3729.78,0.06
2026-09-08T05:19:45.472309,0000000000000005-0000000000000003,2,2,1918.79,0.06
2026-09-08T05:19:47.958656,0000000000000003-0000000000000005,2,2,8098.73,0.06
2026-09-08T05:19:47.978462,0000000000000004-0000000000000006,2,2,8166.41,0.07
2026-09-08T05:19:48.000209,0000000000000002-0000000000000006,3,2,8143.85,0.07
2026-09-08T05:19:48.017706,0000000000000001-0000000000000003,3,1,8076.17,0.06
2026-09-08T05:19:48.045893,0000000000000006-0000000000000003,2,1,1849.85,0.06
2026-09-08T05:19:48.064229,0000000000000004-0000000000000003,1,1,3947.85,0.06
2026-09-08T05:19:48.081216,0000000000000002-0000000000000003,2,1,6181.21,0.05
2026-09-08T05:19:48.098241,0000000000000005-0000000000000006,2,2,2007.76,0.06
2026-09-08T05:19:48.117095,0000000000000003-0000000000000006,1,2,4150.88,0.06
2026-09-08T05:19:48.136677,0000000000000001-0000000000000006,2,2,6361.68,0.05
2026-09-08T05:19:50.567515,0000000000000003-0000000000000005,2,2,7633.9,0.06
2026-09-08T05:19:50.588638,0000000000000004-0000000000000006,2,2,7633.9,0.06
2026-09-08T05:19:50.609700,0000000000000004-0000000000000001,1,2,3816.95,0.06
2026-09-08T05:19:50.627903,0000000000000002-0000000000000001,2,2,5817.4,0.05
2026-09-08T05:19:50.644440,0000000000000001-0000000000000004,2,1,5771.41,0.05
2026-09-08T05:19:50.667119,0000000000000002-0000000000000004,3,1,7541.92,0.06
2026-09-08T05:19:50.684247,0000000000000001-0000000000000003,3,1,7518.93,0.06
2026-09-08T05:19:50.701792,0000000000000006-0000000000000005,2,2,1816.5,0.06
2026-09-08T05:19:50.721526,0000000000000005-0000000000000001,2,3,1885.48,0.06
2026-09-08T05:19:50.739466,0000000000000003-0000000000000001,1,3,3862.94,0.06
2026-09-08T05:19:52.856257,0000000000000003-0000000000000005,2,2,8650.93,0.07
2026-09-08T05:19:52.876541,0000000000000004-0000000000000006,2,2,8677.15,0.07
2026-09-08T05:19:52.893508,0000000000000001-0000000000000005,3,2,8755.79,0.07
2026-09-08T05:19:52.912471,0000000000000002-0000000000000003,2,1,6527.52,0.05
2026-09-08T05:19:52.928822,0000000000000001-0000000000000004,2,1,6946.96,0.06
2026-09-08T05:19:52.945615,0000000000000002-0000000000000006,3,2,8886.87,0.07
2026-09-08T05:19:52.964372,0000000000000004-0000000000000003,1,1,4010.89,0.07
2026-09-08T05:19:52.985624,0000000000000005-0000000000000002,2,2,1939.91,0.07
2026-09-08T05:19:53.004930,0000000000000006-0000000000000001,2,2,1808.83,0.07
2026-09-08T05:19:53.022712,0000000000000003-0000000000000004,1,1,4325.47,0.07
2026-09-08T05:19:55.369589,0000000000000003-0000000000000005,2,2,8354.48,0.07
2026-09-08T05:19:55.386713,0000000000000004-0000000000000006,2,2,8497.7,0.07
2026-09-08T05:19:55.404384,0000000000000001-0000000000000003,3,1,8091.91,0.06
2026-09-08T05:19:55.420117,0000000000000002-0000000000000006,3,2,8235.13,0.07
2026-09-08T05:19:55.436610,0000000000000003-0000000000000006,1,2,4296.59,0.07
2026-09-08T05:19:55.452423,0000000000000001-0000000000000006,2,2,6253.92,0.05
2026-09-08T05:19:55.466619,0000000000000006-0000000000000003,2,1,2100.55,0.07
2026-09-08T05:19:55.483485,0000000000000004-0000000000000003,1,1,4320.46,0.07
2026-09-08T05:19:55.498681,0000000000000002-0000000000000003,2,1,6325.53,0.05
2026-09-08T05:19:55.513573,0000000000000005-0000000000000003,2,2,2148.29,0.07
2026-09-08T05:19:58.059078,0000000000000003-0000000000000005,2,2,7008.76,0.06
2026-09-08T05:19:58.077151,0000000000000004-0000000000000006,2,2,7209.65,0.06
2026-09-08T05:19:58.095659,0000000000000001-0000000000000003,3,1,6941.8,0.06
2026-09-08T05:19:58.115426,0000000000000002-0000000000000006,3,2,7142.69,0.06
2026-09-08T05:19:58.133858,0000000000000002-0000000000000003,2,1,5379.34,0.04
2026-09-08T05:19:58.151465,0000000000000004-0000000000000002,1,3,3549.02,0.06
2026-09-08T05:19:58.173771,0000000000000006-0000000000000002,2,3,1807.99,0.06
2026-09-08T05:19:58.192069,0000000000000001-0000000000000002,2,2,5468.62,0.04
2026-09-08T05:19:58.211875,0000000000000005-0000000000000002,2,2,1874.96,0.06
2026-09-08T05:19:58.228191,0000000000000003-0000000000000002,1,2,3705.27,0.06
2026-09-08T05:20:00.803260,0000000000000003-0000000000000005,2,2,7167.74,0.06
2026-09-08T05:20:00.823147,0000000000000004-0000000000000006,2,2,7429.97,0.06
2026-09-08T05:20:00.844724,0000000000000001-0000000000000005,3,2,7102.18,0.06
2026-09-08T05:20:00.862565,0000000000000002-0000000000000006,3,2,7364.41,0.06
2026-09-08T05:20:00.891953,0000000000000003-0000000000000002,1,2,3714.99,0.06
2026-09-08T05:20:00.911628,0000000000000001-0000000000000002,2,2,5572.48,0.04
2026-09-08T05:20:00.931923,0000000000000006-0000000000000003,2,1,1791.93,0.06
2026-09-08T05:20:00.949976,0000000000000004-0000000000000003,1,1,3671.28,0.06
2026-09-08T05:20:00.971117,0000000000000002-0000000000000003,2,1,5550.63,0.04
2026-09-08T05:20:00.989956,0000000000000005-0000000000000003,2,2,1813.79,0.06
2026-09-08T05:20:03.517821,0000000000000003-0000000000000005,2,2,7559.19,0.06
2026-09-08T05:20:03.536665,0000000000000004-0000000000000006,2,2,7514.98,0.06
2026-09-08T05:20:03.558781,0000000000000002-0000000000000006,3,2,7470.78,0.06
2026-09-08T05:20:03.578650,0000000000000001-0000000000000002,2,2,5746.75,0.05
2026-09-08T05:20:03.598522,0000000000000003-0000000000000002,1,2,3823.8,0.06
2026-09-08T05:20:03.617874,0000000000000001-0000000000000003,3,1,7492.88,0.06
2026-09-08T05:20:03.637250,0000000000000006-0000000000000003,2,1,1790.33,0.06
2026-09-08T05:20:03.655606,0000000000000004-0000000000000003,1,1,3713.29,0.06
2026-09-08T05:20:03.671752,0000000000000002-0000000000000003,2,1,5658.34,0.05
2026-09-08T05:20:03.690919,0000000000000005-0000000000000003,2,2,1834.54,0.06
2026-09-08T05:20:06.225853,0000000000000003-0000000000000005,2,2,7423.42,0.06
2026-09-08T05:20:06.246871,0000000000000004-0000000000000006,2,2,7379.1,0.06
2026-09-08T05:20:06.264809,0000000000000002-0000000000000006,3,2,7268.31,0.06
2026-09-08T05:20:06.287319,0000000000000001-0000000000000003,3,1,7356.94,0.06
2026-09-08T05:20:06.312181,0000000000000002-0000000000000003,2,1,5584.19,0.05
2026-09-08T05:20:06.332284,0000000000000004-0000000000000002,1,3,3678.47,0.06
2026-09-08T05:20:06.354265,0000000000000006-0000000000000002,2,3,1794.92,0.06
2026-09-08T05:20:06.373133,0000000000000001-0000000000000002,2,2,5606.35,0.04
2026-09-08T05:20:06.392458,0000000000000005-0000000000000002,2,2,1839.24,0.06
2026-09-08T05:20:06.410900,0000000000000003-0000000000000002,1,2,3722.79,0.06
2026-09-08T05:20:08.942946,0000000000000003-0000000000000005,2,2,7330.21,0.06
2026-09-08T05:20:08.959649,0000000000000004-0000000000000006,2,2,7771.79,0.06
2026-09-08T05:20:08.978321,0000000000000002-0000000000000006,3,2,7683.47,0.06
2026-09-08T05:20:08.996721,0000000000000002-0000000000000003,2,1,5630.13,0.05
2026-09-08T05:20:09.013984,0000000000000003-0000000000000006,1,2,3885.89,0.06
2026-09-08T05:20:09.032196,0000000000000001-0000000000000006,2,2,5806.76,0.05
2026-09-08T05:20:09.048435,0000000000000006-0000000000000003,2,1,1744.24,0.06
2026-09-08T05:20:09.066758,0000000000000004-0000000000000003,1,1,3841.74,0.06
2026-09-08T05:20:09.085572,0000000000000001-0000000000000003,3,1,7286.05,0.06
2026-09-08T05:20:09.102348,0000000000000005-0000000000000003,2,2,1965.03,0.06
2026-09-08T05:20:11.555405,0000000000000003-0000000000000005,2,2,7785.83,0.06
2026-09-08T05:20:11.572967,0000000000000004-0000000000000006,2,2,7831.76,0.06
2026-09-08T05:20:11.594790,0000000000000002-0000000000000004,3,1,7785.83,0.06
2026-09-08T05:20:11.612332,0000000000000001-0000000000000004,2,1,6040.33,0.05
2026-09-08T05:20:11.631268,0000000000000003-0000000000000001,1,3,3927.37,0.06
2026-09-08T05:20:11.650926,0000000000000005-0000000000000001,2,3,1975.17,0.06
2026-09-08T05:20:11.667463,0000000000000006-0000000000000001,2,2,1837.36,0.06
2026-09-08T05:20:11.685919,0000000000000004-0000000000000005,1,2,3858.46,0.06
2026-09-08T05:20:11.705723,0000000000000002-0000000000000005,2,2,5948.47,0.05
2026-09-08T05:20:11.722402,0000000000000001-0000000000000005,3,2,7785.83,0.06
2026-09-08T05:20:14.122544,0000000000000003-0000000000000005,2,2,7759.27,0.06
2026-09-08T05:20:14.144496,0000000000000004-0000000000000006,2,2,7689.16,0.06
2026-09-08T05:20:14.163768,0000000000000006-0000000000000005,2,2,1893.08,0.06
2026-09-08T05:20:14.180685,0000000000000001-0000000000000005,3,2,7642.42,0.06
2026-09-08T05:20:14.207276,0000000000000002-0000000000000001,2,2,5889.57,0.05
2026-09-08T05:20:14.224784,0000000000000004-0000000000000002,1,3,3949.75,0.06
2026-09-08T05:20:14.242253,0000000000000003-0000000000000002,1,2,3832.89,0.06
2026-09-08T05:20:14.262512,0000000000000002-0000000000000006,3,2,7642.42,0.06
2026-09-08T05:20:14.279629,0000000000000001-0000000000000004,2,1,5819.45,0.05
2026-09-08T05:20:14.299051,0000000000000005-0000000000000003,2,2,1869.7,0.06
2026-09-08T05:20:16.480545,0000000000000003-0000000000000005,2,2,8397.08,0.07
2026-09-08T05:20:16.502255,0000000000000004-0000000000000006,2,2,8498.86,0.07
2026-09-08T05:20:16.524346,0000000000000002-0000000000000003,2,1,6335.98,0.05
2026-09-08T05:20:16.545242,0000000000000001-0000000000000004,2,1,6615.88,0.05
2026-09-08T05:20:16.567092,0000000000000001-0000000000000005,3,2,8498.86,0.07
2026-09-08T05:20:16.589316,0000000000000003-0000000000000006,1,2,4223.99,0.07
2026-09-08T05:20:16.615620,0000000000000002-0000000000000006,3,2,8676.98,0.07
2026-09-08T05:20:16.634490,0000000000000006-0000000000000002,2,3,1781.2,0.07
2026-09-08T05:20:16.657322,0000000000000005-0000000000000001,2,3,1908.43,0.06
2026-09-08T05:20:16.677597,0000000000000004-0000000000000001,1,2,3893.19,0.07
2026-09-08T05:20:19.076361,0000000000000003-0000000000000005,2,2,6869.42,0.05
2026-09-08T05:20:19.098627,0000000000000004-0000000000000006,2,2,6892.55,0.06
2026-09-08T05:20:19.116738,0000000000000002-0000000000000006,3,2,6707.52,0.05
2026-09-08T05:20:19.138230,0000000000000001-0000000000000003,3,1,6661.26,0.05
2026-09-08T05:20:19.163561,0000000000000002-0000000000000003,2,1,5227.24,0.04
2026-09-08T05:20:19.183983,0000000000000006-0000000000000002,2,3,1711.57,0.06
2026-09-08T05:20:19.203934,0000000000000004-0000000000000002,1,3,3469.41,0.05
2026-09-08T05:20:19.228265,0000000000000005-0000000000000006,2,2,1665.31,0.06
2026-09-08T05:20:19.250533,0000000000000003-0000000000000006,1,2,3492.54,0.05
2026-09-08T05:20:19.274153,0000000000000001-0000000000000006,2,2,5111.59,0.04
2026-09-08T05:20:21.900089,0000000000000003-0000000000000005,2,2,7071.82,0.06
2026-09-08T05:20:21.922999,0000000000000004-0000000000000006,2,2,7390.37,0.06
2026-09-08T05:20:21.942481,0000000000000002-0000000000000004,3,1,7114.29,0.06
2026-09-08T05:20:21.965268,0000000000000001-0000000000000005,3,2,6816.98,0.05
2026-09-08T05:20:21.984045,0000000000000001-0000000000000004,2,1,5266.7,0.04
2026-09-08T05:20:22.001774,0000000000000003-0000000000000001,1,3,3737.66,0.06
2026-09-08T05:20:22.021759,0000000000000002-0000000000000001,2,2,5479.07,0.04
2026-09-08T05:20:22.042275,0000000000000006-0000000000000001,2,2,1868.83,0.06
2026-09-08T05:20:22.061400,0000000000000004-0000000000000001,1,2,3801.37,0.06
2026-09-08T05:20:22.079699,0000000000000005-0000000000000006,2,2,1868.83,0.06
2026-09-08T05:20:24.520567,0000000000000003-0000000000000005,2,2,8426.09,0.07
2026-09-08T05:20:24.540515,0000000000000004-0000000000000006,2,2,8448.99,0.07
2026-09-08T05:20:24.560289,0000000000000001-0000000000000004,2,1,6388.26,0.05
2026-09-08T05:20:24.580571,0000000000000002-0000000000000004,3,1,8517.68,0.07
2026-09-08T05:20:24.602201,0000000000000001-0000000000000005,3,2,8517.68,0.07
2026-09-08T05:20:24.626042,0000000000000005-0000000000000001,2,3,1946.24,0.07
2026-09-08T05:20:24.646931,0000000000000003-0000000000000001,1,3,4075.66,0.07
2026-09-08T05:20:24.664832,0000000000000006-0000000000000001,2,2,1946.24,0.07
2026-09-08T05:20:24.684019,0000000000000004-0000000000000001,1,2,4098.56,0.07
2026-09-08T05:20:24.701357,0000000000000002-0000000000000001,2,2,6365.36,0.05
2026-09-08T05:20:27.166655,0000000000000003-0000000000000005,2,2,7414.59,0.06
2026-09-08T05:20:27.187694,0000000000000004-0000000000000006,2,2,7391.91,0.06
2026-09-08T05:20:27.209694,0000000000000002-0000000000000004,3,1,7301.21,0.06
2026-09-08T05:20:27.228989,0000000000000001-0000000000000004,2,1,5759.34,0.05
2026-09-08T05:20:27.249482,0000000000000003-0000000000000001,1,3,3809.33,0.06
2026-09-08T05:20:27.269785,0000000000000005-0000000000000001,2,3,1904.66,0.06
2026-09-08T05:20:27.292589,0000000000000006-0000000000000005,2,2,1836.64,0.06
2026-09-08T05:20:27.310452,0000000000000004-0000000000000005,1,2,3695.96,0.06
2026-09-08T05:20:27.326945,0000000000000002-0000000000000005,2,2,5645.97,0.05
2026-09-08T05:20:27.354805,0000000000000001-0000000000000005,3,2,7369.24,0.06
2026-09-08T05:20:29.904903,0000000000000003-0000000000000005,2,2,7099.29,0.06
2026-09-08T05:20:29.933045,0000000000000004-0000000000000006,2,2,7318.4,0.06
2026-09-08T05:20:29.953376,0000000000000002-0000000000000004,3,1,7274.58,0.06
2026-09-08T05:20:29.972417,0000000000000006-0000000000000004,2,2,1796.73,0.06
2026-09-08T05:20:29.995031,0000000000000001-0000000000000004,2,1,5434.02,0.04
2026-09-08T05:20:30.013259,0000000000000003-0000000000000001,1,3,3659.2,0.06
2026-09-08T05:20:30.031902,0000000000000002-0000000000000005,2,2,5521.67,0.04
2026-09-08T05:20:30.057370,0000000000000001-0000000000000005,3,2,7033.56,0.06
2026-09-08T05:20:30.080214,0000000000000005-0000000000000001,2,3,1796.73,0.06
2026-09-08T05:20:30.100036,0000000000000004-0000000000000001,1,2,3659.2,0.06
2026-09-08T05:20:32.662970,0000000000000003-0000000000000005,2,2,7940.49,0.06
2026-09-08T05:20:32.690303,0000000000000004-0000000000000006,2,2,8049.27,0.06
2026-09-08T05:20:32.710059,0000000000000001-0000000000000003,3,1,7788.21,0.06
2026-09-08T05:20:32.728797,0000000000000001-0000000000000002,2,2,6178.36,0.05
2026-09-08T05:20:32.750857,0000000000000002-0000000000000004,3,1,7896.98,0.06
2026-09-08T05:20:32.772234,0000000000000005-0000000000000001,2,3,2023.19,0.06
2026-09-08T05:20:32.791576,0000000000000003-0000000000000001,1,3,4220.43,0.06
2026-09-08T05:20:32.814049,0000000000000006-0000000000000001,2,2,1914.42,0.06
2026-09-08T05:20:32.834871,0000000000000004-0000000000000001,1,2,3937.61,0.06
2026-09-08T05:20:32.854409,0000000000000002-0000000000000001,2,2,5917.3,0.05
2026-09-08T05:20:35.351495,0000000000000003-0000000000000005,2,2,8122.72,0.06
2026-09-08T05:20:35.378243,0000000000000004-0000000000000006,2,2,8033.46,0.06
2026-09-08T05:20:35.396059,0000000000000001-0000000000000003,3,1,8122.72,0.06
2026-09-08T05:20:35.414033,0000000000000002-0000000000000006,3,2,8033.46,0.06
2026-09-08T05:20:35.434056,0000000000000002-0000000000000003,2,1,6158.98,0.05
2026-09-08T05:20:35.452733,0000000000000004-0000000000000002,1,3,3972.1,0.06
2026-09-08T05:20:35.474223,0000000000000006-0000000000000002,2,3,1919.1,0.06
2026-09-08T05:20:35.492279,0000000000000001-0000000000000002,2,2,6047.41,0.05
2026-09-08T05:20:35.510478,0000000000000005-0000000000000002,2,2,1896.79,0.06
2026-09-08T05:20:35.533034,0000000000000003-0000000000000002,1,2,3972.1,0.06
2026-09-08T05:20:38.203541,0000000000000003-0000000000000005,2,2,7153.01,0.06
2026-09-08T05:20:38.224730,0000000000000004-0000000000000006,2,2,7405.47,0.06
2026-09-08T05:20:38.245725,0000000000000004-0000000000000002,1,3,3744.81,0.06
2026-09-08T05:20:38.263205,0000000000000001-0000000000000004,2,1,5554.1,0.04
2026-09-08T05:20:38.282610,0000000000000002-0000000000000004,3,1,7258.2,0.06
2026-09-08T05:20:38.303172,0000000000000006-0000000000000005,2,2,1788.25,0.06
2026-09-08T05:20:38.322510,0000000000000002-0000000000000003,2,1,5575.14,0.04
2026-09-08T05:20:38.343914,0000000000000001-0000000000000003,3,1,7047.82,0.06
2026-09-08T05:20:38.367925,0000000000000005-0000000000000002,2,2,1851.37,0.06
2026-09-08T05:20:38.392186,0000000000000003-0000000000000002,1,2,3807.92,0.06
2026-09-08T05:20:40.953768,0000000000000003-0000000000000005,2,2,7963.84,0.06
2026-09-08T05:20:40.981351,0000000000000004-0000000000000006,2,2,7920.2,0.06
2026-09-08T05:20:41.005795,0000000000000002-0000000000000006,3,2,7942.02,0.06
2026-09-08T05:20:41.030211,0000000000000001-0000000000000003,3,1,7942.02,0.06
2026-09-08T05:20:41.052475,0000000000000002-0000000000000003,2,1,6043.79,0.05
2026-09-08T05:20:41.090719,0000000000000004-0000000000000002,1,3,3883.73,0.06
2026-09-08T05:20:41.113679,0000000000000006-0000000000000002,2,3,1810.95,0.06
2026-09-08T05:20:41.137808,0000000000000001-0000000000000002,2,2,6218.34,0.05
2026-09-08T05:20:41.159948,0000000000000005-0000000000000002,2,2,1898.23,0.06
2026-09-08T05:20:41.185888,0000000000000003-0000000000000002,1,2,4014.65,0.06
2026-09-08T05:20:43.714672,0000000000000003-0000000000000005,2,2,7713.39,0.06
2026-09-08T05:20:43.733293,0000000000000004-0000000000000006,2,2,7843.75,0.06
2026-09-08T05:20:43.749117,0000000000000001-0000000000000003,3,1,7669.93,0.06
2026-09-08T05:20:43.768203,0000000000000006-0000000000000003,2,1,1825.14,0.06
2026-09-08T05:20:43.784987,0000000000000004-0000000000000003,1,1,3824.1,0.06
2026-09-08T05:20:43.801795,0000000000000002-0000000000000003,2,1,5975.16,0.05
2026-09-08T05:20:43.820604,0000000000000005-0000000000000006,2,2,1912.05,0.06
2026-09-08T05:20:43.836245,0000000000000003-0000000000000006,1,2,3997.92,0.06
2026-09-08T05:20:43.854146,0000000000000001-0000000000000006,2,2,6105.52,0.05
2026-09-08T05:20:43.872508,0000000000000002-0000000000000006,3,2,7865.48,0.06
2026-09-08T05:20:46.297925,0000000000000003-0000000000000005,2,2,7921.22,0.06
2026-09-08T05:20:46.317089,0000000000000004-0000000000000006,2,2,7990.91,0.06
2026-09-08T05:20:46.334660,0000000000000004-0000000000000005,1,2,4065.14,0.06
2026-09-08T05:20:46.351910,0000000000000002-0000000000000005,2,2,6039.64,0.05
2026-09-08T05:20:46.370873,0000000000000001-0000000000000005,3,2,7828.3,0.06
2026-09-08T05:20:46.388623,0000000000000005-0000000000000004,2,1,2020.96,0.06
2026-09-08T05:20:46.407645,0000000000000003-0000000000000004,1,1,4065.14,0.06
2026-09-08T05:20:46.425833,0000000000000001-0000000000000004,2,1,6155.79,0.05
2026-09-08T05:20:46.445623,0000000000000002-0000000000000004,3,1,7897.99,0.06
2026-09-08T05:20:46.462916,0000000000000006-0000000000000004,2,2,1951.27,0.07
2026-09-08T05:20:49.087561,0000000000000003-0000000000000005,2,2,7033.55,0.06
2026-09-08T05:20:49.106989,0000000000000004-0000000000000006,2,2,7377.69,0.06
2026-09-08T05:20:49.124260,0000000000000001-0000000000000003,3,1,6969.02,0.06
2026-09-08T05:20:49.142329,0000000000000005-0000000000000001,2,3,1828.29,0.06
2026-09-08T05:20:49.158189,0000000000000002-0000000000000004,3,1,7141.09,0.06
2026-09-08T05:20:49.179190,0000000000000004-0000000000000002,1,3,3656.58,0.06
2026-09-08T05:20:49.195701,0000000000000006-0000000000000002,2,3,1763.76,0.06
2026-09-08T05:20:49.213603,0000000000000001-0000000000000002,2,2,5613.93,0.04
2026-09-08T05:20:49.230467,0000000000000003-0000000000000002,1,2,3828.66,0.06
2026-09-08T05:20:49.248346,0000000000000002-0000000000000005,2,2,5398.84,0.04
2026-09-08T05:20:51.721768,0000000000000003-0000000000000005,2,2,8065.41,0.06
2026-09-08T05:20:51.742068,0000000000000004-0000000000000006,2,2,7997.06,0.06
2026-09-08T05:20:51.761290,0000000000000002-0000000000000006,3,2,8042.63,0.06
2026-09-08T05:20:51.784555,0000000000000002-0000000000000003,2,1,6265.5,0.05
2026-09-08T05:20:51.804067,0000000000000001-0000000000000003,3,1,8088.19,0.06
2026-09-08T05:20:51.831777,0000000000000006-0000000000000002,2,3,1936.61,0.06
2026-09-08T05:20:51.852073,0000000000000004-0000000000000002,1,3,3987.14,0.06
2026-09-08T05:20:51.872635,0000000000000005-0000000000000002,2,2,1891.04,0.06
2026-09-08T05:20:51.898313,0000000000000003-0000000000000002,1,2,3964.35,0.06
2026-09-08T05:20:51.920770,0000000000000001-0000000000000002,2,2,6128.8,0.05
2026-09-08T05:20:54.403095,0000000000000003-0000000000000005,2,2,7337.04,0.06
2026-09-08T05:20:54.428192,0000000000000004-0000000000000006,2,2,7564.46,0.06
2026-09-08T05:20:54.450393,0000000000000002-0000000000000006,3,2,7497.35,0.06
2026-09-08T05:20:54.473025,0000000000000001-0000000000000003,3,1,7292.3,0.06
2026-09-08T05:20:54.496358,0000000000000003-0000000000000002,1,2,3895.94,0.06
2026-09-08T05:20:54.517451,0000000000000001-0000000000000002,2,2,5774.94,0.05
2026-09-08T05:20:54.542757,0000000000000006-0000000000000003,2,1,1834.26,0.06
2026-09-08T05:20:54.562511,0000000000000004-0000000000000003,1,1,3646.15,0.06
2026-09-08T05:20:54.586264,0000000000000002-0000000000000003,2,1,5614.62,0.05
2026-09-08T05:20:54.610482,0000000000000005-0000000000000003,2,2,1994.57,0.06
2026-09-08T05:20:57.281524,0000000000000003-0000000000000005,2,2,7212.91,0.06
2026-09-08T05:20:57.303138,0000000000000004-0000000000000006,2,2,7442.22,0.06
2026-09-08T05:20:57.324456,0000000000000001-0000000000000005,3,2,7046.14,0.06
2026-09-08T05:20:57.346110,0000000000000001-0000000000000002,2,2,5482.65,0.04
2026-09-08T05:20:57.367718,0000000000000005-0000000000000004,2,1,1876.19,0.06
2026-09-08T05:20:57.390070,0000000000000002-0000000000000003,2,1,5691.11,0.05
2026-09-08T05:20:57.409255,0000000000000003-0000000000000006,1,2,3752.38,0.06
2026-09-08T05:20:57.433070,0000000000000004-0000000000000002,1,3,3898.31,0.06
2026-09-08T05:20:57.456157,0000000000000006-0000000000000001,2,2,1938.73,0.06
2026-09-08T05:20:57.476954,0000000000000002-0000000000000004,3,1,7337.99,0.06
2026-09-08T05:21:00.161413,0000000000000003-0000000000000005,2,2,7833.9,0.06
2026-09-08T05:21:00.181195,0000000000000004-0000000000000006,2,2,7833.9,0.06
2026-09-08T05:21:00.208973,0000000000000001-0000000000000003,3,1,7708.89,0.06
2026-09-08T05:21:00.248117,0000000000000005-0000000000000001,2,3,1708.46,0.06
2026-09-08T05:21:00.286943,0000000000000002-0000000000000001,2,2,6000.43,0.05
2026-09-08T05:21:00.328135,0000000000000006-0000000000000002,2,3,1770.96,0.06
2026-09-08T05:21:00.365357,0000000000000004-0000000000000002,1,3,3875.28,0.06
2026-09-08T05:21:00.405443,0000000000000003-0000000000000006,1,2,3896.11,0.06
2026-09-08T05:21:00.448842,0000000000000001-0000000000000006,2,2,5917.09,0.05
2026-09-08T05:21:00.488359,0000000000000002-0000000000000006,3,2,7646.38,0.06
2026-09-08T05:21:02.914479,0000000000000003-0000000000000005,2,2,8147.81,0.07
2026-09-08T05:21:02.957970,0000000000000004-0000000000000006,2,2,7886.38,0.06
2026-09-08T05:21:02.997171,0000000000000002-0000000000000006,3,2,8126.02,0.07
2026-09-08T05:21:03.016171,0000000000000001-0000000000000006,2,2,6252.46,0.05
2026-09-08T05:21:03.035221,0000000000000003-0000000000000001,1,3,3986.76,0.06
2026-09-08T05:21:03.052116,0000000000000002-0000000000000003,2,1,6165.32,0.05
2026-09-08T05:21:03.071455,0000000000000006-0000000000000003,2,1,1851.77,0.06
2026-09-08T05:21:03.093324,0000000000000004-0000000000000003,1,1,3834.26,0.06
2026-09-08T05:21:03.113943,0000000000000001-0000000000000003,3,1,8213.16,0.07
2026-09-08T05:21:03.133896,0000000000000005-0000000000000003,2,2,1895.35,0.06
2026-09-08T05:21:05.561629,0000000000000003-0000000000000005,2,2,7459.21,0.06
2026-09-08T05:21:05.584571,0000000000000004-0000000000000006,2,2,7549.9,0.06
2026-09-08T05:21:05.609583,0000000000000001-0000000000000005,3,2,7323.17,0.06
2026-09-08T05:21:05.633050,0000000000000002-0000000000000004,3,1,7459.21,0.06
2026-09-08T05:21:05.655781,0000000000000001-0000000000000004,2,1,5668.09,0.05
2026-09-08T05:21:05.679902,0000000000000003-0000000000000001,1,3,3854.3,0.06
2026-09-08T05:21:05.701164,0000000000000005-0000000000000001,2,3,1904.48,0.06
2026-09-08T05:21:05.721015,0000000000000002-0000000000000001,2,2,5826.8,0.05
2026-09-08T05:21:05.745845,0000000000000006-0000000000000001,2,2,1859.13,0.06
2026-09-08T05:21:05.764532,0000000000000004-0000000000000001,1,2,3854.3,0.06
2026-09-08T05:21:08.314394,0000000000000003-0000000000000005,2,2,7497.78,0.06
2026-09-08T05:21:08.340456,0000000000000004-0000000000000006,2,2,7650.35,0.06
2026-09-08T05:21:08.360050,0000000000000004-0000000000000005,1,2,3814.28,0.06
2026-09-08T05:21:08.381494,0000000000000002-0000000000000005,2,2,5732.31,0.05
2026-09-08T05:21:08.405636,0000000000000001-0000000000000005,3,2,7432.39,0.06
2026-09-08T05:21:08.425813,0000000000000006-0000000000000004,2,2,1874.44,0.06
2026-09-08T05:21:08.459977,0000000000000002-0000000000000004,3,1,7410.59,0.06
2026-09-08T05:21:08.490834,0000000000000005-0000000000000004,2,1,1918.04,0.06
2026-09-08T05:21:08.519630,0000000000000003-0000000000000004,1,1,3901.46,0.06
2026-09-08T05:21:08.543686,0000000000000001-0000000000000004,2,1,5732.31,0.05
2026-09-08T05:21:11.068862,0000000000000003-0000000000000005,2,2,6927.38,0.06
2026-09-08T05:21:11.094709,0000000000000004-0000000000000006,2,2,6883.81,0.06
2026-09-08T05:21:11.114219,0000000000000001-0000000000000003,3,1,6796.67,0.05
2026-09-08T05:21:11.132802,0000000000000001-0000000000000002,2,2,5162.86,0.04
2026-09-08T05:21:11.152347,0000000000000002-0000000000000004,3,1,6862.02,0.05
2026-09-08T05:21:11.170567,0000000000000006-0000000000000005,2,2,1655.6,0.06
2026-09-08T05:21:11.191088,0000000000000004-0000000000000005,1,2,3507.26,0.05
2026-09-08T05:21:11.213332,0000000000000005-0000000000000001,2,3,1742.74,0.06
2026-09-08T05:21:11.234517,0000000000000003-0000000000000001,1,3,3594.39,0.05
2026-09-08T05:21:11.255414,0000000000000002-0000000000000001,2,2,5271.78,0.04
2026-09-08T05:21:13.781847,0000000000000003-0000000000000005,2,2,7873.24,0.06
2026-09-08T05:21:13.802889,0000000000000004-0000000000000006,2,2,7895.36,0.06
2026-09-08T05:21:13.824740,0000000000000001-0000000000000003,3,1,7806.89,0.06
2026-09-08T05:21:13.844037,0000000000000002-0000000000000003,2,1,6015.51,0.05
2026-09-08T05:21:13.863895,0000000000000004-0000000000000002,1,3,3936.62,0.06
2026-09-08T05:21:13.886504,0000000000000006-0000000000000004,2,2,1879.85,0.06
2026-09-08T05:21:13.908224,0000000000000005-0000000000000006,2,2,1968.31,0.06
2026-09-08T05:21:13.928668,0000000000000003-0000000000000006,1,2,3914.5,0.06
2026-09-08T05:21:13.955617,0000000000000001-0000000000000006,2,2,5993.39,0.05
2026-09-08T05:21:13.976787,0000000000000002-0000000000000006,3,2,7873.24,0.06
2026-09-08T05:21:16.413230,0000000000000003-0000000000000005,2,2,7776.49,0.06
2026-09-08T05:21:16.439114,0000000000000004-0000000000000006,2,2,7730.88,0.06
2026-09-08T05:21:16.459246,0000000000000002-0000000000000004,3,1,7685.27,0.06
2026-09-08T05:21:16.479034,0000000000000006-0000000000000002,2,3,1938.42,0.06
2026-09-08T05:21:16.499697,0000000000000003-0000000000000006,1,2,3968.06,0.06
2026-09-08T05:21:16.517153,0000000000000001-0000000000000006,2,2,5883.68,0.05
2026-09-08T05:21:16.535589,0000000000000004-0000000000000003,1,1,3968.06,0.06
2026-09-08T05:21:16.556729,0000000000000002-0000000000000003,2,1,5929.29,0.05
2026-09-08T05:21:16.575316,0000000000000001-0000000000000003,3,1,7776.49,0.06
2026-09-08T05:21:16.592369,0000000000000005-0000000000000003,2,2,1984.03,0.06
2026-09-08T05:21:19.205058,0000000000000003-0000000000000005,2,2,7156.13,0.06
2026-09-08T05:21:19.223969,0000000000000004-0000000000000006,2,2,7328.05,0.06
2026-09-08T05:21:19.244252,0000000000000001-0000000000000002,2,2,5415.45,0.04
2026-09-08T05:21:19.262016,0000000000000002-0000000000000005,2,2,5458.43,0.04
2026-09-08T05:21:19.283836,0000000000000001-0000000000000005,3,2,7005.7,0.06
2026-09-08T05:21:19.307246,0000000000000002-0000000000000004,3,1,7113.15,0.06
2026-09-08T05:21:19.327854,0000000000000003-0000000000000001,1,3,3631.79,0.06
2026-09-08T05:21:19.349430,0000000000000005-0000000000000001,2,3,1783.66,0.06
2026-09-08T05:21:19.371868,0000000000000006-0000000000000001,2,2,1848.13,0.06
2026-09-08T05:21:19.389134,0000000000000004-0000000000000001,1,2,3803.71,0.06
2026-09-08T05:21:21.926205,0000000000000003-0000000000000005,2,2,8421.31,0.07
2026-09-08T05:21:21.947501,0000000000000004-0000000000000006,2,2,8487.44,0.07
2026-09-08T05:21:21.969409,0000000000000001-0000000000000003,3,1,8465.4,0.07
2026-09-08T05:21:21.990387,0000000000000002-0000000000000006,3,2,8531.53,0.07
2026-09-08T05:21:22.009866,0000000000000002-0000000000000003,2,1,6591.55,0.05
2026-09-08T05:21:22.032672,0000000000000004-0000000000000002,1,3,4188.61,0.07
2026-09-08T05:21:22.052751,0000000000000006-0000000000000002,2,3,1984.08,0.07
2026-09-08T05:21:22.073411,0000000000000001-0000000000000002,2,2,6525.41,0.05
2026-09-08T05:21:22.093556,0000000000000005-0000000000000002,2,2,1984.08,0.07
2026-09-08T05:21:22.113175,0000000000000003-0000000000000002,1,2,4232.7,0.07
2026-09-08T05:21:24.645344,0000000000000003-0000000000000005,2,2,7525.37,0.06
2026-09-08T05:21:24.666084,0000000000000004-0000000000000006,2,2,7547.44,0.06
2026-09-08T05:21:24.688224,0000000000000002-0000000000000004,3,1,7525.37,0.06
2026-09-08T05:21:24.709900,0000000000000003-0000000000000002,1,2,3751.65,0.06
2026-09-08T05:21:24.735554,0000000000000001-0000000000000002,2,2,5737.82,0.05
2026-09-08T05:21:24.759684,0000000000000006-0000000000000003,2,1,1853.76,0.06
2026-09-08T05:21:24.778348,0000000000000004-0000000000000003,1,1,3906.13,0.06
2026-09-08T05:21:24.801084,0000000000000002-0000000000000003,2,1,5781.96,0.05
2026-09-08T05:21:24.821488,0000000000000001-0000000000000003,3,1,7503.3,0.06
2026-09-08T05:21:24.841136,0000000000000005-0000000000000003,2,2,1875.83,0.06
2026-09-08T05:21:27.366753,0000000000000003-0000000000000005,2,2,7385.94,0.06
2026-09-08T05:21:27.386623,0000000000000004-0000000000000006,2,2,7407.99,0.06
2026-09-08T05:21:27.408202,0000000000000002-0000000000000006,3,2,7341.85,0.06
2026-09-08T05:21:27.428317,0000000000000001-0000000000000003,3,1,7253.66,0.06
2026-09-08T05:21:27.448112,0000000000000002-0000000000000003,2,1,5555.99,0.04
2026-09-08T05:21:27.477129,0000000000000004-0000000000000002,1,3,3637.85,0.06
2026-09-08T05:21:27.496017,0000000000000006-0000000000000002,2,3,1785.86,0.06
2026-09-08T05:21:27.516505,0000000000000001-0000000000000002,2,2,5533.95,0.04
2026-09-08T05:21:27.548340,0000000000000005-0000000000000002,2,2,1785.86,0.06
2026-09-08T05:21:27.571923,0000000000000003-0000000000000002,1,2,3726.04,0.06
2026-09-08T05:21:30.198931,0000000000000003-0000000000000005,2,2,7372.46,0.06
2026-09-08T05:21:30.226627,0000000000000004-0000000000000006,2,2,7541.94,0.06
2026-09-08T05:21:30.249410,0000000000000003-0000000000000002,1,2,3876.9,0.06
2026-09-08T05:21:30.268418,0000000000000006-0000000000000003,2,1,1779.56,0.06
2026-09-08T05:21:30.288356,0000000000000004-0000000000000003,1,1,3728.6,0.06
2026-09-08T05:21:30.312279,0000000000000002-0000000000000003,2,1,5656.46,0.05
2026-09-08T05:21:30.333144,0000000000000001-0000000000000003,3,1,7224.16,0.06
2026-09-08T05:21:30.355971,0000000000000005-0000000000000006,2,2,1906.67,0.06
2026-09-08T05:21:30.377631,0000000000000001-0000000000000006,2,2,5656.46,0.05
2026-09-08T05:21:30.403055,0000000000000002-0000000000000006,3,2,7414.83,0.06
2026-09-08T05:21:32.938811,0000000000000003-0000000000000005,2,2,7292.52,0.06
2026-09-08T05:21:32.968659,0000000000000004-0000000000000006,2,2,7445.82,0.06
2026-09-08T05:21:32.996244,0000000000000002-0000000000000004,3,1,7423.92,0.06
2026-09-08T05:21:33.020713,0000000000000001-0000000000000004,2,1,5869.06,0.05
2026-09-08T05:21:33.046584,0000000000000003-0000000000000001,1,3,3810.51,0.06
2026-09-08T05:21:33.073821,0000000000000001-0000000000000003,3,1,7292.52,0.06
2026-09-08T05:21:33.097253,0000000000000004-0000000000000003,1,1,3591.51,0.06
2026-09-08T05:21:33.118806,0000000000000006-0000000000000003,2,1,1686.26,0.06
2026-09-08T05:21:33.144022,0000000000000002-0000000000000003,2,1,5584.36,0.05
2026-09-08T05:21:33.167167,0000000000000005-0000000000000003,2,2,1883.35,0.06
2026-09-08T05:21:35.665633,0000000000000003-0000000000000005,2,2,7634.36,0.06
2026-09-08T05:21:35.690237,0000000000000004-0000000000000006,2,2,7854.37,0.06
2026-09-08T05:21:35.715118,0000000000000006-0000000000000005,2,2,1804.08,0.06
2026-09-08T05:21:35.740192,0000000000000004-0000000000000005,1,2,3762.18,0.06
2026-09-08T05:21:35.761837,0000000000000002-0000000000000005,2,2,5874.27,0.05
2026-09-08T05:21:35.792175,0000000000000001-0000000000000005,3,2,7590.35,0.06
2026-09-08T05:21:35.818541,0000000000000005-0000000000000006,2,2,1980.09,0.06
2026-09-08T05:21:35.844193,0000000000000003-0000000000000006,1,2,3894.18,0.06
2026-09-08T05:21:35.868389,0000000000000001-0000000000000006,2,2,6006.28,0.05
2026-09-08T05:21:35.897403,0000000000000002-0000000000000006,3,2,7832.37,0.06
2026-09-08T05:21:38.430806,0000000000000003-0000000000000005,2,2,7550.91,0.06
2026-09-08T05:21:38.463819,0000000000000004-0000000000000006,2,2,7464.12,0.06
2026-09-08T05:21:38.490622,0000000000000001-0000000000000004,2,1,5684.88,0.05
2026-09-08T05:21:38.517425,0000000000000002-0000000000000004,3,1,7355.63,0.06
2026-09-08T05:21:38.534354,0000000000000001-0000000000000005,3,2,7399.02,0.06
2026-09-08T05:21:38.553406,0000000000000003-0000000000000001,1,3,3797.15,0.06
2026-09-08T05:21:38.572225,0000000000000005-0000000000000001,2,3,1844.33,0.06
2026-09-08T05:21:38.593113,0000000000000002-0000000000000001,2,2,5641.48,0.05
2026-09-08T05:21:38.618929,0000000000000006-0000000000000001,2,2,1800.94,0.06
2026-09-08T05:21:38.638378,0000000000000004-0000000000000001,1,2,3797.15,0.06
2026-09-08T05:21:41.171509,0000000000000003-0000000000000005,2,2,7423.3,0.06
2026-09-08T05:21:41.193971,0000000000000004-0000000000000006,2,2,7379.5,0.06
2026-09-08T05:21:41.221444,0000000000000003-0000000000000006,1,2,3832.09,0.06
2026-09-08T05:21:41.241590,0000000000000001-0000000000000006,2,2,5824.77,0.05
2026-09-08T05:21:41.259699,0000000000000002-0000000000000006,3,2,7335.71,0.06
2026-09-08T05:21:41.278970,0000000000000005-0000000000000003,2,2,1861.3,0.06
2026-09-08T05:21:41.295847,0000000000000001-0000000000000003,3,1,7401.4,0.06
2026-09-08T05:21:41.312655,0000000000000006-0000000000000003,2,1,1817.5,0.06
2026-09-08T05:21:41.331919,0000000000000004-0000000000000003,1,1,3766.39,0.06
2026-09-08T05:21:41.351698,0000000000000002-0000000000000003,2,1,5649.59,0.05
2026-09-08T05:21:43.817431,0000000000000003-0000000000000005,2,2,7459.87,0.06
2026-09-08T05:21:43.839611,0000000000000004-0000000000000006,2,2,7550.57,0.06
2026-09-08T05:21:43.861389,0000000000000004-0000000000000005,1,2,3786.62,0.06
2026-09-08T05:21:43.880513,0000000000000002-0000000000000005,2,2,5713.95,0.05
2026-09-08T05:21:43.898320,0000000000000001-0000000000000005,3,2,7527.9,0.06
2026-09-08T05:21:43.918722,0000000000000006-0000000000000004,2,2,1813.95,0.06
2026-09-08T05:21:43.937025,0000000000000002-0000000000000004,3,1,7459.87,0.06
2026-09-08T05:21:43.955060,0000000000000005-0000000000000004,2,1,1813.95,0.06
2026-09-08T05:21:43.976002,0000000000000003-0000000000000004,1,1,3831.97,0.06
2026-09-08T05:21:43.999114,0000000000000001-0000000000000004,2,1,5849.99,0.05
2026-09-08T05:21:46.452442,0000000000000003-0000000000000005,2,2,7217.69,0.06
2026-09-08T05:21:46.472420,0000000000000004-0000000000000006,2,2,7513.68,0.06
2026-09-08T05:21:46.493081,0000000000000001-0000000000000005,3,2,7149.38,0.06
2026-09-08T05:21:46.515313,0000000000000002-0000000000000004,3,1,7422.6,0.06
2026-09-08T05:21:46.535523,0000000000000001-0000000000000004,2,1,5646.64,0.05
2026-09-08T05:21:46.556383,0000000000000003-0000000000000001,1,3,3734.07,0.06
2026-09-08T05:21:46.579695,0000000000000005-0000000000000001,2,3,1844.27,0.06
2026-09-08T05:21:46.600878,0000000000000002-0000000000000001,2,2,5578.34,0.05
2026-09-08T05:21:46.624593,0000000000000006-0000000000000001,2,2,1775.96,0.06
2026-09-08T05:21:46.645252,0000000000000004-0000000000000001,1,2,3711.3,0.06
2026-09-08T05:21:49.217802,0000000000000003-0000000000000005,2,2,7116.45,0.06
2026-09-08T05:21:49.241808,0000000000000004-0000000000000006,2,2,7268.32,0.06
2026-09-08T05:21:49.260059,0000000000000001-0000000000000005,3,2,6964.57,0.06
2026-09-08T05:21:49.280220,0000000000000006-0000000000000003,2,1,1735.72,0.06
2026-09-08T05:21:49.304733,0000000000000004-0000000000000003,1,1,3623.31,0.06
2026-09-08T05:21:49.324661,0000000000000002-0000000000000003,2,1,5532.6,0.04
2026-09-08T05:21:49.343580,0000000000000005-0000000000000003,2,2,1800.81,0.06
2026-09-08T05:21:49.366703,0000000000000003-0000000000000006,1,2,3731.8,0.06
2026-09-08T05:21:49.391435,0000000000000001-0000000000000006,2,2,5597.69,0.04
2026-09-08T05:21:49.420161,0000000000000002-0000000000000006,3,2,7268.32,0.06
2026-09-08T05:21:52.014096,0000000000000003-0000000000000005,2,2,7915.8,0.06
2026-09-08T05:21:52.045914,0000000000000004-0000000000000006,2,2,7937.26,0.06
2026-09-08T05:21:52.070410,0000000000000001-0000000000000002,2,2,5899.31,0.05
2026-09-08T05:21:52.097538,0000000000000001-0000000000000003,3,1,7765.64,0.06
2026-09-08T05:21:52.121071,0000000000000006-0000000000000003,2,1,1952.14,0.06
2026-09-08T05:21:52.142108,0000000000000004-0000000000000003,1,1,4097.34,0.06
2026-09-08T05:21:52.162427,0000000000000002-0000000000000003,2,1,6070.93,0.05
2026-09-08T05:21:52.186114,0000000000000005-0000000000000003,2,2,1844.88,0.06
2026-09-08T05:21:52.203185,0000000000000003-0000000000000006,1,2,3990.08,0.06
2026-09-08T05:21:52.220058,0000000000000002-0000000000000006,3,2,7722.74,0.06
2026-09-08T05:21:54.700787,0000000000000003-0000000000000005,2,2,7840.68,0.06
2026-09-08T05:21:54.720005,0000000000000004-0000000000000006,2,2,8041.73,0.06
2026-09-08T05:21:54.750662,0000000000000001-0000000000000003,3,1,7863.02,0.06
2026-09-08T05:21:54.775545,0000000000000004-0000000000000003,1,1,3909.17,0.06
2026-09-08T05:21:54.800498,0000000000000002-0000000000000003,2,1,6008.96,0.05
2026-09-08T05:21:54.825945,0000000000000005-0000000000000003,2,2,1988.09,0.06
2026-09-08T05:21:54.853471,0000000000000002-0000000000000004,3,1,8131.08,0.07
2026-09-08T05:21:54.878674,0000000000000003-0000000000000004,1,1,4043.2,0.06
2026-09-08T05:21:54.904744,0000000000000001-0000000000000004,2,1,6187.66,0.05
2026-09-08T05:21:54.928543,0000000000000006-0000000000000004,2,2,1988.09,0.06
2026-09-08T05:21:57.430100,0000000000000003-0000000000000005,2,2,7694.22,0.06
2026-09-08T05:21:57.456950,0000000000000004-0000000000000006,2,2,7848.1,0.06
2026-09-08T05:21:57.480329,0000000000000001-0000000000000005,3,2,7628.27,0.06
2026-09-08T05:21:57.503708,0000000000000001-0000000000000004,2,1,5891.57,0.05
2026-09-08T05:21:57.529369,0000000000000002-0000000000000004,3,1,7716.2,0.06
2026-09-08T05:21:57.553559,0000000000000003-0000000000000001,1,3,3891.08,0.06
2026-09-08T05:21:57.577525,0000000000000005-0000000000000001,2,3,1890.58,0.06
2026-09-08T05:21:57.604507,0000000000000002-0000000000000001,2,2,5891.57,0.05
2026-09-08T05:21:57.628088,0000000000000006-0000000000000001,2,2,1912.56,0.06
2026-09-08T05:21:57.654057,0000000000000004-0000000000000001,1,2,3847.11,0.06
2026-09-08T05:22:00.142871,0000000000000003-0000000000000005,2,2,7099.18,0.06
2026-09-08T05:22:00.167993,0000000000000004-0000000000000006,2,2,7077.06,0.06
2026-09-08T05:22:00.192467,0000000000000001-0000000000000003,3,1,7032.83,0.06
2026-09-08T05:22:00.218082,0000000000000002-0000000000000003,2,1,5396.26,0.04
2026-09-08T05:22:00.238228,0000000000000002-0000000000000006,3,2,7099.18,0.06
2026-09-08T05:22:00.257155,0000000000000001-0000000000000002,2,2,5396.26,0.04
2026-09-08T05:22:00.277769,0000000000000005-0000000000000002,2,2,1725.03,0.06
2026-09-08T05:22:00.295969,0000000000000003-0000000000000002,1,2,3604.88,0.06
2026-09-08T05:22:00.318888,0000000000000004-0000000000000002,1,3,3538.53,0.06
2026-09-08T05:22:00.338156,0000000000000006-0000000000000002,2,3,1702.92,0.06
2026-09-08T05:22:02.895006,0000000000000003-0000000000000005,2,2,7390.72,0.06
2026-09-08T05:22:02.918070,0000000000000004-0000000000000006,2,2,7586.93,0.06
2026-09-08T05:22:02.936338,0000000000000001-0000000000000003,3,1,7259.91,0.06
2026-09-08T05:22:02.957051,0000000000000005-0000000000000001,2,3,1874.93,0.06
2026-09-08T05:22:02.975299,0000000000000003-0000000000000004,1,1,3858.87,0.06
2026-09-08T05:22:02.994168,0000000000000001-0000000000000004,2,1,5668.4,0.05
2026-09-08T05:22:03.013225,0000000000000002-0000000000000004,3,1,7434.32,0.06
2026-09-08T05:22:03.033660,0000000000000006-0000000000000005,2,2,1809.53,0.06
2026-09-08T05:22:03.050000,0000000000000004-0000000000000005,1,2,3728.06,0.06
2026-09-08T05:22:03.070143,0000000000000002-0000000000000005,2,2,5668.4,0.05
2026-09-08T05:22:05.577847,0000000000000003-0000000000000005,2,2,7581.59,0.06
2026-09-08T05:22:05.597875,0000000000000004-0000000000000006,2,2,7648.68,0.06
2026-09-08T05:22:05.620012,0000000000000001-0000000000000005,3,2,7671.05,0.06
2026-09-08T05:22:05.642564,0000000000000002-0000000000000001,2,2,5770.06,0.05
2026-09-08T05:22:05.666637,0000000000000004-0000000000000001,1,2,3846.71,0.06
2026-09-08T05:22:05.690923,0000000000000006-0000000000000004,2,2,1811.53,0.06
2026-09-08T05:22:05.752165,0000000000000002-0000000000000004,3,1,7581.59,0.06
2026-09-08T05:22:05.812516,0000000000000005-0000000000000004,2,1,1856.26,0.06
2026-09-08T05:22:05.835514,0000000000000003-0000000000000004,1,1,3801.98,0.06
2026-09-08T05:22:05.862937,0000000000000001-0000000000000004,2,1,5881.88,0.05
2026-09-08T05:22:08.464255,0000000000000003-0000000000000005,2,2,7816.89,0.06
2026-09-08T05:22:08.486583,0000000000000004-0000000000000006,2,2,7879.26,0.06
2026-09-08T05:22:08.506560,0000000000000001-0000000000000004,2,1,5883.46,0.05
2026-09-08T05:22:08.527766,0000000000000005-0000000000000003,2,2,1933.43,0.06
2026-09-08T05:22:08.548459,0000000000000006-0000000000000005,2,2,1850.28,0.06
2026-09-08T05:22:08.567520,0000000000000004-0000000000000005,1,2,3866.87,0.06
2026-09-08T05:22:08.586876,0000000000000002-0000000000000005,2,2,5945.83,0.05
2026-09-08T05:22:08.609905,0000000000000001-0000000000000005,3,2,7484.26,0.06
2026-09-08T05:22:08.629880,0000000000000003-0000000000000006,1,2,4074.76,0.06
2026-09-08T05:22:08.651668,0000000000000002-0000000000000006,3,2,7775.32,0.06
2026-09-08T05:22:11.138455,0000000000000003-0000000000000005,2,2,7494.26,0.06
2026-09-08T05:22:11.161904,0000000000000004-0000000000000006,2,2,7516.7,0.06
2026-09-08T05:22:11.181096,0000000000000001-0000000000000003,3,1,7696.2,0.06
2026-09-08T05:22:11.203122,0000000000000002-0000000000000003,2,1,5587.04,0.05
2026-09-08T05:22:11.223528,0000000000000004-0000000000000002,1,3,3679.82,0.06
2026-09-08T05:22:11.243713,0000000000000006-0000000000000004,2,2,1817.47,0.06
2026-09-08T05:22:11.263285,0000000000000002-0000000000000004,3,1,7471.82,0.06
2026-09-08T05:22:11.290687,0000000000000003-0000000000000004,1,1,3881.76,0.06
2026-09-08T05:22:11.314421,0000000000000001-0000000000000004,2,1,5923.61,0.05
2026-09-08T05:22:11.337001,0000000000000005-0000000000000001,2,3,1817.47,0.06
2026-09-08T05:22:13.942301,0000000000000003-0000000000000005,2,2,7132.3,0.06
2026-09-08T05:22:13.973556,0000000000000004-0000000000000006,2,2,7453.58,0.06
2026-09-08T05:22:13.994821,0000000000000001-0000000000000005,3,2,7003.79,0.06
2026-09-08T05:22:14.016745,0000000000000002-0000000000000004,3,1,7367.9,0.06
2026-09-08T05:22:14.038269,0000000000000005-0000000000000004,2,1,1820.56,0.06
2026-09-08T05:22:14.064321,0000000000000003-0000000000000004,1,1,3705.37,0.06
2026-09-08T05:22:14.095140,0000000000000001-0000000000000004,2,1,5525.93,0.04
2026-09-08T05:22:14.117024,0000000000000006-0000000000000005,2,2,1799.14,0.06
2026-09-08T05:22:14.137130,0000000000000004-0000000000000005,1,2,3619.7,0.06
2026-09-08T05:22:14.160322,0000000000000002-0000000000000005,2,2,5525.93,0.04
2026-09-08T05:22:16.838458,0000000000000003-0000000000000005,2,2,5466.03,0.04
2026-09-08T05:22:16.867230,0000000000000004-0000000000000006,2,2,5424.62,0.04
2026-09-08T05:22:16.892326,0000000000000001-0000000000000005,3,2,5403.92,0.04
2026-09-08T05:22:16.918195,0000000000000003-0000000000000001,1,3,2795.13,0.04
2026-09-08T05:22:16.944706,0000000000000002-0000000000000005,2,2,4182.34,0.03
2026-09-08T05:22:16.968844,0000000000000005-0000000000000006,2,2,1428.62,0.04
2026-09-08T05:22:16.997009,0000000000000002-0000000000000006,3,2,5424.62,0.04
2026-09-08T05:22:17.024493,0000000000000004-0000000000000002,1,3,2857.24,0.04
2026-09-08T05:22:17.055081,0000000000000006-0000000000000002,2,3,1490.74,0.04
2026-09-08T05:22:17.080336,0000000000000001-0000000000000002,2,2,4223.75,0.03
2026-09-08T05:22:19.567593,0000000000000003-0000000000000005,2,2,7604.69,0.06
2026-09-08T05:22:19.589884,0000000000000004-0000000000000006,2,2,7604.69,0.06
2026-09-08T05:22:19.617644,0000000000000001-0000000000000003,3,1,7560.73,0.06
2026-09-08T05:22:19.646467,0000000000000005-0000000000000001,2,3,1802.27,0.06
2026-09-08T05:22:19.666281,0000000000000002-0000000000000001,2,2,5846.38,0.05
2026-09-08T05:22:19.689380,0000000000000004-0000000000000005,1,2,3890.26,0.06
2026-09-08T05:22:19.710475,0000000000000002-0000000000000004,3,1,7604.69,0.06
2026-09-08T05:22:19.734786,0000000000000003-0000000000000004,1,1,3912.24,0.06
2026-09-08T05:22:19.756244,0000000000000001-0000000000000004,2,1,5978.25,0.05
2026-09-08T05:22:19.774049,0000000000000006-0000000000000004,2,2,1846.22,0.06
2026-09-08T05:22:22.242583,0000000000000003-0000000000000005,2,2,7829.92,0.06
2026-09-08T05:22:22.263594,0000000000000004-0000000000000006,2,2,7964.54,0.06
2026-09-08T05:22:22.281466,0000000000000002-0000000000000003,2,1,6147.28,0.05
2026-09-08T05:22:22.301906,0000000000000001-0000000000000003,3,1,7785.05,0.06
2026-09-08T05:22:22.325757,0000000000000002-0000000000000006,3,2,7964.54,0.06
2026-09-08T05:22:22.343583,0000000000000006-0000000000000002,2,3,2041.61,0.06
2026-09-08T05:22:22.365473,0000000000000004-0000000000000002,1,3,4060.79,0.06
2026-09-08T05:22:22.390673,0000000000000005-0000000000000002,2,2,2019.18,0.06
2026-09-08T05:22:22.411775,0000000000000003-0000000000000002,1,2,4240.27,0.06
2026-09-08T05:22:22.431166,0000000000000001-0000000000000002,2,2,6237.02,0.05
2026-09-08T05:22:24.855531,0000000000000003-0000000000000005,2,2,7438.35,0.06
2026-09-08T05:22:24.877013,0000000000000004-0000000000000006,2,2,7690.89,0.06
2026-09-08T05:22:24.898179,0000000000000003-0000000000000006,1,2,3742.13,0.06
2026-09-08T05:22:24.918926,0000000000000001-0000000000000006,2,2,5785.39,0.05
2026-09-08T05:22:24.939555,0000000000000002-0000000000000006,3,2,7553.14,0.06
2026-09-08T05:22:24.960906,0000000000000001-0000000000000003,3,1,7415.4,0.06
2026-09-08T05:22:24.981181,0000000000000006-0000000000000003,2,1,1905.5,0.06
2026-09-08T05:22:25.002846,0000000000000004-0000000000000003,1,1,3788.05,0.06
2026-09-08T05:22:25.021099,0000000000000002-0000000000000003,2,1,5900.18,0.05
2026-09-08T05:22:25.039686,0000000000000005-0000000000000003,2,2,1882.55,0.06
2026-09-08T05:22:27.555821,0000000000000003-0000000000000005,2,2,7399.14,0.06
2026-09-08T05:22:27.578195,0000000000000004-0000000000000006,2,2,7532.46,0.06
2026-09-08T05:22:27.599257,0000000000000001-0000000000000003,3,1,7332.48,0.06
2026-09-08T05:22:27.626740,0000000000000002-0000000000000006,3,2,7376.92,0.06
2026-09-08T05:22:27.645829,0000000000000001-0000000000000002,2,2,5732.67,0.05
2026-09-08T05:22:27.664537,0000000000000003-0000000000000002,1,2,3844.0,0.06
2026-09-08T05:22:27.685882,0000000000000006-0000000000000003,2,1,1888.67,0.06
2026-09-08T05:22:27.707958,0000000000000004-0000000000000003,1,1,3955.1,0.06
2026-09-08T05:22:27.726710,0000000000000002-0000000000000003,2,1,5732.67,0.05
2026-09-08T05:22:27.745200,0000000000000005-0000000000000003,2,2,1977.55,0.06
2026-09-08T05:22:30.248098,0000000000000003-0000000000000005,2,2,7465.42,0.06
2026-09-08T05:22:30.281242,0000000000000004-0000000000000006,2,2,7777.41,0.06
2026-09-08T05:22:30.305072,0000000000000002-0000000000000006,3,2,7710.55,0.06
2026-09-08T05:22:30.326332,0000000000000005-0000000000000002,2,2,2005.64,0.06
2026-09-08T05:22:30.350438,0000000000000003-0000000000000002,1,2,3966.7,0.06
2026-09-08T05:22:30.372958,0000000000000001-0000000000000002,2,2,5838.63,0.05
2026-09-08T05:22:30.397830,0000000000000006-0000000000000005,2,2,1805.07,0.06
2026-09-08T05:22:30.416766,0000000000000004-0000000000000005,1,2,3832.99,0.06
2026-09-08T05:22:30.437866,0000000000000002-0000000000000005,2,2,5704.92,0.05
2026-09-08T05:22:30.456424,0000000000000001-0000000000000005,3,2,7309.43,0.06
2026-09-08T05:22:32.943033,0000000000000003-0000000000000005,2,2,6993.61,0.06
2026-09-08T05:22:32.965607,0000000000000004-0000000000000006,2,2,7015.87,0.06
2026-09-08T05:22:32.984479,0000000000000001-0000000000000003,3,1,7015.87,0.06
2026-09-08T05:22:33.006400,0000000000000005-0000000000000002,2,2,1758.61,0.06
2026-09-08T05:22:33.027425,0000000000000003-0000000000000001,1,3,3606.25,0.06
2026-09-08T05:22:33.048334,0000000000000004-0000000000000005,1,2,3606.25,0.06
2026-09-08T05:22:33.068124,0000000000000002-0000000000000005,2,2,5453.9,0.04
2026-09-08T05:22:33.090699,0000000000000006-0000000000000004,2,2,1825.39,0.06
2026-09-08T05:22:33.111178,0000000000000001-0000000000000004,2,1,5435.35,0.04
2026-09-08T05:22:33.129681,0000000000000002-0000000000000004,3,1,7038.13,0.06
2026-09-08T05:22:35.684166,0000000000000003-0000000000000005,2,2,7683.23,0.06
2026-09-08T05:22:35.703900,0000000000000004-0000000000000006,2,2,7595.67,0.06
2026-09-08T05:22:35.722828,0000000000000001-0000000000000003,3,1,7551.89,0.06
2026-09-08T05:22:35.743075,0000000000000001-0000000000000002,2,2,5691.28,0.05
2026-09-08T05:22:35.761827,0000000000000002-0000000000000004,3,1,7376.77,0.06
2026-09-08T05:22:35.781699,0000000000000003-0000000000000004,1,1,3830.67,0.06
2026-09-08T05:22:35.803533,0000000000000006-0000000000000004,2,2,2035.73,0.06
2026-09-08T05:22:35.825096,0000000000000005-0000000000000001,2,3,1816.83,0.06
2026-09-08T05:22:35.842987,0000000000000002-0000000000000001,2,2,5888.29,0.05
2026-09-08T05:22:35.862442,0000000000000004-0000000000000001,1,2,4027.67,0.06
2026-09-08T05:22:38.386843,0000000000000003-0000000000000005,2,2,8235.65,0.07
2026-09-08T05:22:38.410894,0000000000000004-0000000000000006,2,2,8169.05,0.07
2026-09-08T05:22:38.431943,0000000000000002-0000000000000004,3,1,8169.05,0.07
2026-09-08T05:22:38.455963,0000000000000001-0000000000000003,3,1,8213.45,0.07
2026-09-08T05:22:38.481290,0000000000000001-0000000000000002,2,2,6304.38,0.05
2026-09-08T05:22:38.502833,0000000000000005-0000000000000001,2,3,2064.46,0.07
2026-09-08T05:22:38.523321,0000000000000003-0000000000000001,1,3,4350.91,0.07
2026-09-08T05:22:38.543249,0000000000000006-0000000000000001,2,2,2086.66,0.07
2026-09-08T05:22:38.564427,0000000000000004-0000000000000001,1,2,4128.92,0.07
2026-09-08T05:22:38.585446,0000000000000002-0000000000000001,2,2,6282.18,0.05
2026-09-08T05:22:41.028431,0000000000000003-0000000000000005,2,2,7836.94,0.06
2026-09-08T05:22:41.045840,0000000000000004-0000000000000006,2,2,7995.95,0.06
2026-09-08T05:22:41.068232,0000000000000001-0000000000000004,2,1,6133.26,0.05
2026-09-08T05:22:41.090239,0000000000000001-0000000000000005,3,2,7677.93,0.06
2026-09-08T05:22:41.108538,0000000000000004-0000000000000001,1,2,3816.25,0.06
2026-09-08T05:22:41.138574,0000000000000002-0000000000000001,2,2,5951.53,0.05
2026-09-08T05:22:41.158474,0000000000000006-0000000000000004,2,2,1771.83,0.06
2026-09-08T05:22:41.179030,0000000000000005-0000000000000004,2,1,1953.56,0.06
2026-09-08T05:22:41.201067,0000000000000003-0000000000000004,1,1,4134.27,0.06
2026-09-08T05:22:41.224160,0000000000000002-0000000000000004,3,1,7995.95,0.06
2026-09-08T05:22:43.755074,0000000000000003-0000000000000005,2,2,7108.44,0.06
2026-09-08T05:22:43.775309,0000000000000004-0000000000000006,2,2,7394.54,0.06
2026-09-08T05:22:43.795994,0000000000000004-0000000000000003,1,1,3587.23,0.06
2026-09-08T05:22:43.818189,0000000000000001-0000000000000003,3,1,7108.44,0.06
2026-09-08T05:22:43.838745,0000000000000001-0000000000000004,2,1,5633.93,0.05
2026-09-08T05:22:43.860942,0000000000000002-0000000000000004,3,1,7218.48,0.06
2026-09-08T05:22:43.884609,0000000000000005-0000000000000002,2,2,1936.66,0.06
2026-09-08T05:22:43.913347,0000000000000003-0000000000000002,1,2,3895.34,0.06
2026-09-08T05:22:43.933716,0000000000000006-0000000000000001,2,2,1782.61,0.06
2026-09-08T05:22:43.953075,0000000000000002-0000000000000001,2,2,5303.82,0.05
2026-09-08T05:22:46.208466,0000000000000003-0000000000000005,2,2,8093.42,0.06
2026-09-08T05:22:46.231983,0000000000000004-0000000000000006,2,2,8020.07,0.06
2026-09-08T05:22:46.253635,0000000000000001-0000000000000005,3,2,8166.78,0.07
2026-09-08T05:22:46.275944,0000000000000002-0000000000000006,3,2,8240.13,0.07
2026-09-08T05:22:46.299931,0000000000000002-0000000000000005,2,2,6210.66,0.05
2026-09-08T05:22:46.320643,0000000000000001-0000000000000006,2,2,6259.57,0.05
2026-09-08T05:22:46.341683,0000000000000003-0000000000000006,1,2,3985.58,0.06
2026-09-08T05:22:46.365421,0000000000000004-0000000000000005,1,2,3838.87,0.06
2026-09-08T05:22:46.392025,0000000000000005-0000000000000006,2,2,1784.95,0.06
2026-09-08T05:22:46.410009,0000000000000006-0000000000000005,2,2,1882.76,0.06
2026-09-08T05:22:48.601532,0000000000000003-0000000000000005,2,2,8500.58,0.07
2026-09-08T05:22:48.625901,0000000000000004-0000000000000006,2,2,8299.98,0.07
2026-09-08T05:22:48.647877,0000000000000002-0000000000000006,3,2,8199.68,0.07
2026-09-08T05:22:48.668285,0000000000000001-0000000000000005,3,2,8425.36,0.07
2026-09-08T05:22:48.686541,0000000000000002-0000000000000005,2,2,6444.39,0.05
2026-09-08T05:22:48.708499,0000000000000004-0000000000000003,1,1,4262.83,0.06
2026-09-08T05:22:48.727732,0000000000000005-0000000000000006,2,2,2006.04,0.07
2026-09-08T05:22:48.751072,0000000000000001-0000000000000006,2,2,6344.09,0.05
2026-09-08T05:22:48.770329,0000000000000006-0000000000000001,2,2,1930.81,0.06
2026-09-08T05:22:48.787689,0000000000000003-0000000000000001,1,3,4187.6,0.07
2026-09-08T05:22:51.341542,0000000000000003-0000000000000005,2,2,7117.2,0.06
2026-09-08T05:22:51.360984,0000000000000004-0000000000000006,2,2,7314.29,0.06
2026-09-08T05:22:51.383987,0000000000000003-0000000000000006,1,2,3788.54,0.06
2026-09-08T05:22:51.404752,0000000000000001-0000000000000006,2,2,5474.77,0.04
2026-09-08T05:22:51.424578,0000000000000002-0000000000000006,3,2,7117.2,0.06
2026-09-08T05:22:51.443735,0000000000000001-0000000000000003,3,1,6832.51,0.05
2026-09-08T05:22:51.461322,0000000000000006-0000000000000003,2,1,1817.62,0.06
2026-09-08T05:22:51.484197,0000000000000004-0000000000000003,1,1,3700.94,0.06
2026-09-08T05:22:51.507602,0000000000000002-0000000000000003,2,1,5452.87,0.04
2026-09-08T05:22:51.526794,0000000000000005-0000000000000003,2,2,1883.32,0.06
2026-09-08T05:22:53.968505,0000000000000003-0000000000000005,2,2,7765.87,0.06
2026-09-08T05:22:53.992043,0000000000000004-0000000000000006,2,2,7880.08,0.06
2026-09-08T05:22:54.011459,0000000000000001-0000000000000003,3,1,7765.87,0.06
2026-09-08T05:22:54.030027,0000000000000002-0000000000000001,2,2,5961.45,0.05
2026-09-08T05:22:54.050237,0000000000000006-0000000000000002,2,3,1872.95,0.06
2026-09-08T05:22:54.070795,0000000000000004-0000000000000002,1,3,3882.94,0.06
2026-09-08T05:22:54.087850,0000000000000005-0000000000000006,2,2,1918.63,0.06
2026-09-08T05:22:54.106631,0000000000000003-0000000000000006,1,2,3928.62,0.06
2026-09-08T05:22:54.124559,0000000000000001-0000000000000006,2,2,5961.45,0.05
2026-09-08T05:22:54.143260,0000000000000002-0000000000000006,3,2,7834.39,0.06
2026-09-08T05:22:56.784004,0000000000000003-0000000000000005,2,2,6990.21,0.06
2026-09-08T05:22:56.806489,0000000000000004-0000000000000006,2,2,7160.7,0.06
2026-09-08T05:22:56.827841,0000000000000002-0000000000000004,3,1,7032.83,0.06
2026-09-08T05:22:56.847920,0000000000000006-0000000000000004,2,2,1790.18,0.06
2026-09-08T05:22:56.866864,0000000000000004-0000000000000002,1,3,3665.6,0.06
2026-09-08T05:22:56.889810,0000000000000001-0000000000000003,3,1,6926.27,0.06
2026-09-08T05:22:56.908142,0000000000000002-0000000000000003,2,1,5370.53,0.04
2026-09-08T05:22:56.926842,0000000000000005-0000000000000006,2,2,1811.49,0.06
2026-09-08T05:22:56.945699,0000000000000003-0000000000000006,1,2,3644.29,0.06
2026-09-08T05:22:56.963532,0000000000000001-0000000000000006,2,2,5434.46,0.04
2026-09-08T05:22:59.468366,0000000000000003-0000000000000005,2,2,8000.29,0.06
2026-09-08T05:22:59.492616,0000000000000004-0000000000000006,2,2,8223.76,0.07
2026-09-08T05:22:59.513278,0000000000000001-0000000000000003,3,1,7933.25,0.06
2026-09-08T05:22:59.534127,0000000000000002-0000000000000003,2,1,6145.48,0.05
2026-09-08T05:22:59.553773,0000000000000002-0000000000000006,3,2,8112.03,0.06
2026-09-08T05:22:59.576413,0000000000000006-0000000000000002,2,3,1854.82,0.06
2026-09-08T05:22:59.598937,0000000000000004-0000000000000002,1,3,3955.45,0.06
2026-09-08T05:22:59.618388,0000000000000005-0000000000000002,2,2,1921.86,0.06
2026-09-08T05:22:59.640334,0000000000000003-0000000000000002,1,2,4022.49,0.06
2026-09-08T05:22:59.660211,0000000000000001-0000000000000002,2,2,6212.52,0.05
2026-09-08T05:23:02.123653,0000000000000003-0000000000000005,2,2,7705.85,0.06
2026-09-08T05:23:02.152710,0000000000000004-0000000000000006,2,2,7570.26,0.06
2026-09-08T05:23:02.173418,0000000000000002-0000000000000006,3,2,7547.67,0.06
2026-09-08T05:23:02.197126,0000000000000001-0000000000000003,3,1,7638.06,0.06
2026-09-08T05:23:02.218941,0000000000000002-0000000000000003,2,1,5852.83,0.05
2026-09-08T05:23:02.241314,0000000000000004-0000000000000002,1,3,3864.22,0.06
2026-09-08T05:23:02.260278,0000000000000006-0000000000000002,2,3,1966.01,0.06
2026-09-08T05:23:02.279685,0000000000000001-0000000000000002,2,2,5830.23,0.05
2026-09-08T05:23:02.299241,0000000000000005-0000000000000002,2,2,1807.82,0.06
2026-09-08T05:23:02.316237,0000000000000003-0000000000000002,1,2,3841.63,0.06
2026-09-08T05:23:04.943265,0000000000000003-0000000000000005,2,2,7277.0,0.06
2026-09-08T05:23:04.964506,0000000000000004-0000000000000006,2,2,7383.39,0.06
2026-09-08T05:23:04.986658,0000000000000002-0000000000000004,3,1,7234.44,0.06
2026-09-08T05:23:05.005724,0000000000000003-0000000000000001,1,3,3595.94,0.06
2026-09-08T05:23:05.027797,0000000000000006-0000000000000002,2,3,1961.1,0.06
2026-09-08T05:23:05.050094,0000000000000001-0000000000000002,2,2,5383.28,0.04
2026-09-08T05:23:05.069478,0000000000000004-0000000000000003,1,1,3876.1,0.06
2026-09-08T05:23:05.087151,0000000000000002-0000000000000003,2,1,5681.16,0.05
2026-09-08T05:23:05.104483,0000000000000001-0000000000000003,3,1,7128.05,0.06
2026-09-08T05:23:05.125419,0000000000000005-0000000000000003,2,2,1766.05,0.06
2026-09-08T05:23:07.720608,0000000000000003-0000000000000005,2,2,8195.97,0.07
2026-09-08T05:23:07.746372,0000000000000004-0000000000000006,2,2,7929.49,0.06
2026-09-08T05:23:07.764496,0000000000000002-0000000000000004,3,1,7972.7,0.06
2026-09-08T05:23:07.786289,0000000000000001-0000000000000004,2,1,6136.17,0.05
2026-09-08T05:23:07.807221,0000000000000001-0000000000000005,3,2,8152.75,0.07
2026-09-08T05:23:07.825990,0000000000000003-0000000000000001,1,3,4083.58,0.06
2026-09-08T05:23:07.846001,0000000000000005-0000000000000001,2,3,1966.17,0.06
2026-09-08T05:23:07.867140,0000000000000002-0000000000000001,2,2,6273.01,0.05
2026-09-08T05:23:07.887272,0000000000000006-0000000000000001,2,2,1922.96,0.06
2026-09-08T05:23:07.907252,0000000000000004-0000000000000001,1,2,4040.37,0.06
2026-09-08T05:23:10.391825,0000000000000003-0000000000000005,2,2,7546.31,0.06
2026-09-08T05:23:10.411268,0000000000000004-0000000000000006,2,2,7411.55,0.06
2026-09-08T05:23:10.428335,0000000000000001-0000000000000005,3,2,7591.22,0.06
2026-09-08T05:23:10.447731,0000000000000002-0000000000000004,3,1,7456.47,0.06
2026-09-08T05:23:10.465626,0000000000000001-0000000000000004,2,1,5749.57,0.05
2026-09-08T05:23:10.490659,0000000000000003-0000000000000001,1,3,3660.86,0.06
2026-09-08T05:23:10.507398,0000000000000005-0000000000000001,2,3,1774.28,0.06
2026-09-08T05:23:10.527041,0000000000000002-0000000000000001,2,2,5682.19,0.05
2026-09-08T05:23:10.544563,0000000000000006-0000000000000001,2,2,1751.82,0.06
2026-09-08T05:23:10.563553,0000000000000004-0000000000000001,1,2,3683.32,0.06
2026-09-08T05:23:13.071164,0000000000000003-0000000000000005,2,2,6897.24,0.06
2026-09-08T05:23:13.093913,0000000000000004-0000000000000006,2,2,7277.93,0.06
2026-09-08T05:23:13.112153,0000000000000002-0000000000000004,3,1,7076.38,0.06
2026-09-08T05:23:13.133198,0000000000000001-0000000000000004,2,1,5441.65,0.04
2026-09-08T05:23:13.157136,0000000000000003-0000000000000001,1,3,3627.77,0.06
2026-09-08T05:23:13.175938,0000000000000005-0000000000000001,2,3,1813.88,0.06
2026-09-08T05:23:13.195085,0000000000000006-0000000000000005,2,2,1746.7,0.06
2026-09-08T05:23:13.216626,0000000000000004-0000000000000005,1,2,3627.77,0.06
2026-09-08T05:23:13.235980,0000000000000002-0000000000000005,2,2,5396.86,0.04
2026-09-08T05:23:13.254685,0000000000000001-0000000000000005,3,2,6874.84,0.05
2026-09-08T05:23:15.817678,0000000000000003-0000000000000005,2,2,7471.31,0.06
2026-09-08T05:23:15.839703,0000000000000004-0000000000000006,2,2,7667.93,0.06
2026-09-08T05:23:15.859869,0000000000000002-0000000000000006,3,2,7602.39,0.06
2026-09-08T05:23:15.879250,0000000000000001-0000000000000002,2,2,5701.79,0.05
2026-09-08T05:23:15.905676,0000000000000003-0000000000000002,1,2,3823.04,0.06
2026-09-08T05:23:15.926162,0000000000000005-0000000000000003,2,2,1878.75,0.06
2026-09-08T05:23:15.946918,0000000000000001-0000000000000003,3,1,7318.39,0.06
2026-09-08T05:23:15.966082,0000000000000006-0000000000000003,2,1,1878.75,0.06
2026-09-08T05:23:15.985924,0000000000000004-0000000000000003,1,1,3888.58,0.06
2026-09-08T05:23:16.009127,0000000000000002-0000000000000003,2,1,5789.17,0.05
2026-09-08T05:23:18.556733,0000000000000003-0000000000000005,2,2,7886.46,0.06
2026-09-08T05:23:18.577012,0000000000000004-0000000000000006,2,2,7995.99,0.06
2026-09-08T05:23:18.601414,0000000000000002-0000000000000006,3,2,7930.27,0.06
2026-09-08T05:23:18.624640,0000000000000001-0000000000000003,3,1,7755.02,0.06
2026-09-08T05:23:18.648761,0000000000000002-0000000000000003,2,1,6068.19,0.05
2026-09-08T05:23:18.669741,0000000000000004-0000000000000002,1,3,4030.86,0.06
2026-09-08T05:23:18.690979,0000000000000006-0000000000000002,2,3,1949.71,0.06
2026-09-08T05:23:18.713439,0000000000000001-0000000000000002,2,2,5980.56,0.05
2026-09-08T05:23:18.732085,0000000000000005-0000000000000002,2,2,1862.08,0.06
2026-09-08T05:23:18.754889,0000000000000003-0000000000000002,1,2,3965.14,0.06
2026-09-08T05:23:21.241414,0000000000000003-0000000000000005,2,2,7330.43,0.06
2026-09-08T05:23:21.272101,0000000000000004-0000000000000006,2,2,7620.97,0.06
2026-09-08T05:23:21.292688,0000000000000001-0000000000000003,3,1,7509.22,0.06
2026-09-08T05:23:21.314536,0000000000000002-0000000000000003,2,1,5810.71,0.05
2026-09-08T05:23:21.335675,0000000000000004-0000000000000002,1,3,3776.96,0.06
2026-09-08T05:23:21.354938,0000000000000006-0000000000000002,2,3,1810.26,0.06
2026-09-08T05:23:21.375045,0000000000000005-0000000000000006,2,2,1877.31,0.06
2026-09-08T05:23:21.400839,0000000000000003-0000000000000006,1,2,3821.66,0.06
2026-09-08T05:23:21.422960,0000000000000001-0000000000000006,2,2,5944.8,0.05
2026-09-08T05:23:21.444033,0000000000000002-0000000000000006,3,2,7576.27,0.06
2026-09-08T05:23:23.968401,0000000000000003-0000000000000005,2,2,7479.78,0.06
2026-09-08T05:23:23.988421,0000000000000004-0000000000000006,2,2,7391.78,0.06
2026-09-08T05:23:24.012708,0000000000000001-0000000000000002,2,2,5609.84,0.04
2026-09-08T05:23:24.030432,0000000000000001-0000000000000005,3,2,7237.79,0.06
2026-09-08T05:23:24.048712,0000000000000002-0000000000000001,2,2,5609.84,0.05
2026-09-08T05:23:24.068768,0000000000000006-0000000000000001,2,2,1913.94,0.06
2026-09-08T05:23:24.089016,0000000000000004-0000000000000001,1,2,3761.89,0.06
2026-09-08T05:23:24.109105,0000000000000003-0000000000000006,1,2,3871.89,0.06
2026-09-08T05:23:24.128258,0000000000000005-0000000000000006,2,2,1891.94,0.06
2026-09-08T05:23:24.153171,0000000000000002-0000000000000006,3,2,7325.79,0.06
2026-09-08T05:23:26.802141,0000000000000003-0000000000000005,2,2,7537.47,0.06
2026-09-08T05:23:26.824322,0000000000000004-0000000000000006,2,2,7622.16,0.06
2026-09-08T05:23:26.846200,0000000000000002-0000000000000004,3,1,7473.95,0.06
2026-09-08T05:23:26.868660,0000000000000001-0000000000000005,3,2,7389.26,0.06
2026-09-08T05:23:26.892396,0000000000000001-0000000000000002,2,2,5822.48,0.05
2026-09-08T05:23:26.912593,0000000000000003-0000000000000001,1,3,3959.29,0.06
2026-09-08T05:23:26.932098,0000000000000005-0000000000000001,2,3,1926.71,0.06
2026-09-08T05:23:26.953290,0000000000000002-0000000000000001,2,2,5801.31,0.05
2026-09-08T05:23:26.973968,0000000000000006-0000000000000001,2,2,1884.37,0.06
2026-09-08T05:23:26.994368,0000000000000004-0000000000000003,1,1,3895.77,0.06
2026-09-08T05:23:29.488033,0000000000000003-0000000000000005,2,2,7954.92,0.06
2026-09-08T05:23:29.508507,0000000000000004-0000000000000006,2,2,7798.51,0.06
2026-09-08T05:23:29.529277,0000000000000003-0000000000000006,1,2,3888.08,0.06
2026-09-08T05:23:29.548213,0000000000000001-0000000000000006,2,2,6144.95,0.05
2026-09-08T05:23:29.571663,0000000000000002-0000000000000006,3,2,7865.54,0.06
2026-09-08T05:23:29.593160,0000000000000005-0000000000000003,2,2,1854.66,0.06
2026-09-08T05:23:29.612652,0000000000000006-0000000000000005,2,2,1944.04,0.06
2026-09-08T05:23:29.631981,0000000000000004-0000000000000005,1,2,3910.43,0.06
2026-09-08T05:23:29.653931,0000000000000002-0000000000000005,2,2,6144.95,0.05
2026-09-08T05:23:29.672554,0000000000000001-0000000000000005,3,2,7999.61,0.06
2026-09-08T05:23:32.141744,0000000000000003-0000000000000005,2,2,7504.56,0.06
2026-09-08T05:23:32.166403,0000000000000004-0000000000000006,2,2,7572.37,0.06
2026-09-08T05:23:32.192055,0000000000000001-0000000000000004,2,1,5877.07,0.05
2026-09-08T05:23:32.213615,0000000000000002-0000000000000004,3,1,7459.35,0.06
2026-09-08T05:23:32.241069,0000000000000001-0000000000000005,3,2,7414.14,0.06
2026-09-08T05:23:32.261501,0000000000000004-0000000000000005,1,2,3752.28,0.06
2026-09-08T05:23:32.280812,0000000000000002-0000000000000005,2,2,5718.84,0.05
2026-09-08T05:23:32.299316,0000000000000006-0000000000000004,2,2,1785.72,0.06
2026-09-08T05:23:32.317708,0000000000000005-0000000000000004,2,1,1921.35,0.06
2026-09-08T05:23:32.336499,0000000000000003-0000000000000004,1,1,3978.32,0.06
2026-09-08T05:23:34.873354,0000000000000003-0000000000000005,2,2,7163.36,0.06
2026-09-08T05:23:34.892946,0000000000000004-0000000000000006,2,2,7229.28,0.06
2026-09-08T05:23:34.912756,0000000000000002-0000000000000003,2,1,5339.56,0.04
2026-09-08T05:23:34.931640,0000000000000001-0000000000000003,3,1,7097.44,0.06
2026-09-08T05:23:34.950027,0000000000000006-0000000000000003,2,1,1779.85,0.06
2026-09-08T05:23:34.968429,0000000000000004-0000000000000003,1,1,3603.65,0.06
2026-09-08T05:23:34.989521,0000000000000005-0000000000000006,2,2,1801.83,0.06
2026-09-08T05:23:35.007766,0000000000000003-0000000000000006,1,2,3691.55,0.06
2026-09-08T05:23:35.026564,0000000000000001-0000000000000006,2,2,5493.37,0.04
2026-09-08T05:23:35.049669,0000000000000002-0000000000000006,3,2,7141.39,0.06
2026-09-08T05:23:37.613560,0000000000000003-0000000000000005,2,2,7595.63,0.06
2026-09-08T05:23:37.634881,0000000000000004-0000000000000006,2,2,7639.41,0.06
2026-09-08T05:23:37.655206,0000000000000002-0000000000000003,2,1,5866.37,0.05
2026-09-08T05:23:37.673764,0000000000000001-0000000000000003,3,1,7529.97,0.06
2026-09-08T05:23:37.692042,0000000000000003-0000000000000006,1,2,3852.54,0.06
2026-09-08T05:23:37.711580,0000000000000001-0000000000000006,2,2,5735.03,0.05
2026-09-08T05:23:37.731554,0000000000000002-0000000000000006,3,2,7551.86,0.06
2026-09-08T05:23:37.750767,0000000000000006-0000000000000003,2,1,1991.94,0.06
2026-09-08T05:23:37.774375,0000000000000004-0000000000000003,1,1,4005.77,0.06
2026-09-08T05:23:37.793251,0000000000000005-0000000000000003,2,2,1860.6,0.06
2026-09-08T05:23:40.322212,0000000000000003-0000000000000005,2,2,7735.76,0.06
2026-09-08T05:23:40.342716,0000000000000004-0000000000000006,2,2,7798.54,0.06
2026-09-08T05:23:40.364303,0000000000000001-0000000000000003,3,1,7669.3,0.06
2026-09-08T05:23:40.381809,0000000000000002-0000000000000001,2,2,5826.75,0.05
2026-09-08T05:23:40.401270,0000000000000003-0000000000000002,1,2,3921.42,0.06
2026-09-08T05:23:40.422275,0000000000000004-0000000000000002,1,3,3766.34,0.06
2026-09-08T05:23:40.442082,0000000000000006-0000000000000002,2,3,1816.7,0.06
2026-09-08T05:23:40.461291,0000000000000005-0000000000000006,2,2,1949.63,0.06
2026-09-08T05:23:40.484287,0000000000000001-0000000000000006,2,2,5959.68,0.05
2026-09-08T05:23:40.502307,0000000000000002-0000000000000006,3,2,7754.23,0.06
2026-09-08T05:23:43.160616,0000000000000003-0000000000000005,2,2,7059.87,0.06
2026-09-08T05:23:43.184123,0000000000000004-0000000000000006,2,2,7165.55,0.06
2026-09-08T05:23:43.209502,0000000000000002-0000000000000003,2,1,5263.19,0.04
2026-09-08T05:23:43.232363,0000000000000001-0000000000000003,3,1,6911.9,0.06
2026-09-08T05:23:43.257331,0000000000000002-0000000000000004,3,1,7059.87,0.06
2026-09-08T05:23:43.277210,0000000000000001-0000000000000006,2,2,5347.74,0.04
2026-09-08T05:23:43.297769,0000000000000005-0000000000000003,2,2,1817.81,0.06
2026-09-08T05:23:43.316557,0000000000000004-0000000000000002,1,3,3551.07,0.06
2026-09-08T05:23:43.335923,0000000000000006-0000000000000002,2,3,1712.12,0.06
2026-09-08T05:23:43.353591,0000000000000003-0000000000000002,1,2,3656.76,0.06
2026-09-08T05:23:45.896186,0000000000000003-0000000000000005,2,2,8004.49,0.06
2026-09-08T05:23:45.917940,0000000000000004-0000000000000006,2,2,8092.21,0.06
2026-09-08T05:23:45.937556,0000000000000001-0000000000000005,3,2,8004.49,0.06
2026-09-08T05:23:45.958548,0000000000000001-0000000000000004,2,1,6184.29,0.05
2026-09-08T05:23:45.979469,0000000000000002-0000000000000004,3,1,8026.42,0.06
2026-09-08T05:23:45.999478,0000000000000005-0000000000000001,2,3,2017.57,0.06
2026-09-08T05:23:46.022112,0000000000000003-0000000000000001,1,3,4100.93,0.06
2026-09-08T05:23:46.043108,0000000000000006-0000000000000001,2,2,1798.27,0.07
2026-09-08T05:23:46.061920,0000000000000004-0000000000000001,1,2,3903.56,0.06
2026-09-08T05:23:46.084592,0000000000000002-0000000000000001,2,2,6096.57,0.05
2026-09-08T05:23:48.647521,0000000000000003-0000000000000005,2,2,7480.49,0.06
2026-09-08T05:23:48.669667,0000000000000004-0000000000000006,2,2,7742.2,0.06
2026-09-08T05:23:48.693601,0000000000000002-0000000000000003,2,1,5713.96,0.05
2026-09-08T05:23:48.714009,0000000000000001-0000000000000003,3,1,7436.87,0.06
2026-09-08T05:23:48.734937,0000000000000004-0000000000000002,1,3,3816.58,0.06
2026-09-08T05:23:48.756322,0000000000000006-0000000000000002,2,3,1831.96,0.06
2026-09-08T05:23:48.779522,0000000000000005-0000000000000006,2,2,1853.77,0.06
2026-09-08T05:23:48.798618,0000000000000003-0000000000000006,1,2,3860.19,0.06
2026-09-08T05:23:48.820271,0000000000000001-0000000000000006,2,2,5866.62,0.05
2026-09-08T05:23:48.840128,0000000000000002-0000000000000006,3,2,7654.96,0.06
2026-09-08T05:23:51.446912,0000000000000003-0000000000000005,2,2,7714.73,0.06
2026-09-08T05:23:51.466844,0000000000000004-0000000000000006,2,2,7757.59,0.06
2026-09-08T05:23:51.490601,0000000000000002-0000000000000003,2,1,5893.2,0.05
2026-09-08T05:23:51.509391,0000000000000001-0000000000000003,3,1,7586.15,0.06
2026-09-08T05:23:51.528973,0000000000000002-0000000000000006,3,2,7757.59,0.06
2026-09-08T05:23:51.551230,0000000000000004-0000000000000002,1,3,3835.93,0.06
2026-09-08T05:23:51.573661,0000000000000006-0000000000000002,2,3,1842.96,0.06
2026-09-08T05:23:51.598744,0000000000000001-0000000000000002,2,2,5893.2,0.05
2026-09-08T05:23:51.619718,0000000000000005-0000000000000002,2,2,1864.39,0.06
2026-09-08T05:23:51.638449,0000000000000003-0000000000000002,1,2,3857.36,0.06
2026-09-08T05:23:54.074550,0000000000000003-0000000000000005,2,2,7811.6,0.06
2026-09-08T05:23:54.094588,0000000000000004-0000000000000006,2,2,7682.16,0.06
2026-09-08T05:23:54.115557,0000000000000003-0000000000000006,1,2,3959.09,0.06
2026-09-08T05:23:54.140219,0000000000000001-0000000000000006,2,2,5919.61,0.05
2026-09-08T05:23:54.159040,0000000000000002-0000000000000006,3,2,7678.36,0.06
2026-09-08T05:23:54.178918,0000000000000001-0000000000000003,3,1,7811.6,0.06
2026-09-08T05:23:54.194837,0000000000000006-0000000000000003,2,1,1895.8,0.06
2026-09-08T05:23:54.213122,0000000000000004-0000000000000003,1,1,3837.27,0.06
2026-09-08T05:23:54.233558,0000000000000002-0000000000000003,2,1,5824.44,0.05
2026-09-08T05:23:54.250992,0000000000000005-0000000000000003,2,2,1876.76,0.06
2026-09-08T05:23:56.757424,0000000000000003-0000000000000005,2,2,7110.45,0.06
2026-09-08T05:23:56.778966,0000000000000004-0000000000000006,2,2,7401.12,0.06
2026-09-08T05:23:56.799795,0000000000000002-0000000000000006,3,2,7270.69,0.06
2026-09-08T05:23:56.822854,0000000000000001-0000000000000002,2,2,5683.14,0.05
2026-09-08T05:23:56.841813,0000000000000003-0000000000000002,1,2,3734.1,0.06
2026-09-08T05:23:56.864392,0000000000000001-0000000000000003,3,1,7132.81,0.06
2026-09-08T05:23:56.885659,0000000000000006-0000000000000003,2,1,1766.43,0.06
2026-09-08T05:23:56.905119,0000000000000004-0000000000000003,1,1,3734.1,0.06
2026-09-08T05:23:56.926173,0000000000000002-0000000000000003,2,1,5455.81,0.04
2026-09-08T05:23:56.945958,0000000000000005-0000000000000003,2,2,1855.87,0.06
2026-09-08T05:23:59.454244,0000000000000003-0000000000000005,2,2,7454.79,0.06
2026-09-08T05:23:59.475183,0000000000000004-0000000000000006,2,2,7432.53,0.06
2026-09-08T05:23:59.497027,0000000000000001-0000000000000004,2,1,5563.27,0.05
2026-09-08T05:23:59.520079,0000000000000002-0000000000000004,3,1,7343.52,0.06
2026-09-08T05:23:59.539247,0000000000000001-0000000000000005,3,2,7299.02,0.06
2026-09-08T05:23:59.560543,0000000000000003-0000000000000001,1,3,3738.52,0.06
2026-09-08T05:23:59.580580,0000000000000005-0000000000000001,2,3,1847.01,0.06
2026-09-08T05:23:59.599675,0000000000000002-0000000000000001,2,2,5652.29,0.05
2026-09-08T05:23:59.621625,0000000000000006-0000000000000001,2,2,1824.75,0.06
2026-09-08T05:23:59.641412,0000000000000004-0000000000000001,1,2,3760.77,0.06
2026-09-08T05:24:02.260390,0000000000000003-0000000000000005,2,2,7634.09,0.06
2026-09-08T05:24:02.283779,0000000000000004-0000000000000006,2,2,7398.86,0.06
2026-09-08T05:24:02.310099,0000000000000002-0000000000000006,3,2,7356.09,0.06
2026-09-08T05:24:02.330493,0000000000000006-0000000000000003,2,1,1817.64,0.06
2026-09-08T05:24:02.351561,0000000000000002-0000000000000003,2,1,5645.37,0.05
2026-09-08T05:24:02.373838,0000000000000001-0000000000000003,3,1,7569.93,0.06
2026-09-08T05:24:02.393278,0000000000000004-0000000000000003,1,1,3720.81,0.06
2026-09-08T05:24:02.414114,0000000000000005-0000000000000006,2,2,1839.02,0.06
2026-09-08T05:24:02.432680,0000000000000003-0000000000000006,1,2,3784.97,0.06
2026-09-08T05:24:02.451619,0000000000000001-0000000000000006,2,2,5688.14,0.05
2026-09-08T05:25:06.985365,0000000000000003-0000000000000005,2,2,0.0,0.0
2026-09-08T05:25:07.007086,0000000000000004-0000000000000006,2,2,0.0,0.0
2026-09-08T05:25:07.027168,0000000000000002-0000000000000006,3,2,0.0,0.0
2026-09-08T05:25:07.046936,0000000000000001-0000000000000005,3,2,0.0,0.0
2026-09-08T05:25:07.068258,0000000000000003-0000000000000004,1,1,0.0,0.0
2026-09-08T05:25:07.088550,0000000000000001-0000000000000004,2,1,0.0,0.0
2026-09-08T05:25:07.106440,0000000000000002-0000000000000005,2,2,0.0,0.0
2026-09-08T05:25:07.128432,0000000000000006-0000000000000001,2,2,0.0,0.0
2026-09-08T05:25:07.147090,0000000000000004-0000000000000001,1,2,0.0,0.0
2026-09-08T05:25:07.169893,0000000000000005-0000000000000001,2,3,0.0,0.0
2026-09-08T05:25:09.735546,0000000000000003-0000000000000005,2,2,7263.95,0.06
2026-09-08T05:25:09.763501,0000000000000004-0000000000000006,2,2,7329.39,0.06
2026-09-08T05:25:09.785014,0000000000000006-0000000000000005,2,2,1854.16,0.06
2026-09-08T05:25:09.805289,0000000000000004-0000000000000005,1,2,3751.95,0.06
2026-09-08T05:25:09.828992,0000000000000002-0000000000000005,2,2,5627.92,0.05
2026-09-08T05:25:09.850660,0000000000000001-0000000000000005,3,2,7045.81,0.06
2026-09-08T05:25:09.872707,0000000000000005-0000000000000006,2,2,1875.97,0.06
2026-09-08T05:25:09.893233,0000000000000003-0000000000000006,1,2,3751.95,0.06
2026-09-08T05:25:09.915581,0000000000000001-0000000000000006,2,2,5475.23,0.04
2026-09-08T05:25:09.942743,0000000000000002-0000000000000006,3,2,7154.88,0.06
2026-09-08T05:25:12.478800,0000000000000003-0000000000000005,2,2,7591.75,0.06
2026-09-08T05:25:12.503952,0000000000000004-0000000000000006,2,2,7526.11,0.06
2026-09-08T05:25:12.524718,0000000000000002-0000000000000005,2,2,5797.73,0.05
2026-09-08T05:25:12.549096,0000000000000001-0000000000000005,3,2,7504.23,0.06
2026-09-08T05:25:12.573999,0000000000000004-0000000000000002,1,3,3784.93,0.06
2026-09-08T05:25:12.594748,0000000000000005-0000000000000002,2,2,1794.01,0.06
2026-09-08T05:25:12.616126,0000000000000002-0000000000000004,3,1,7482.35,0.06
2026-09-08T05:25:12.638523,0000000000000003-0000000000000004,1,1,3806.81,0.06
2026-09-08T05:25:12.659717,0000000000000001-0000000000000004,2,1,5732.1,0.05
2026-09-08T05:25:12.680515,0000000000000006-0000000000000004,2,2,1837.77,0.06
2026-09-08T05:25:15.181807,0000000000000003-0000000000000005,2,2,7168.16,0.06
2026-09-08T05:25:15.204826,0000000000000004-0000000000000006,2,2,7145.97,0.06
2026-09-08T05:25:15.225691,0000000000000002-0000000000000003,2,1,5525.92,0.04
2026-09-08T05:25:15.247184,0000000000000001-0000000000000003,3,1,7234.74,0.06
2026-09-08T05:25:15.265535,0000000000000002-0000000000000006,3,2,7123.78,0.06
2026-09-08T05:25:15.286162,0000000000000003-0000000000000002,1,2,3639.56,0.06
2026-09-08T05:25:15.307754,0000000000000001-0000000000000002,2,2,5481.54,0.04
2026-09-08T05:25:15.328053,0000000000000006-0000000000000003,2,1,1819.78,0.06
2026-09-08T05:25:15.346038,0000000000000004-0000000000000003,1,1,3728.33,0.06
2026-09-08T05:25:15.364681,0000000000000005-0000000000000003,2,2,1753.2,0.06
2026-09-08T05:25:17.924721,0000000000000003-0000000000000005,2,2,3899760.89,31.2
2026-09-08T05:25:17.949823,0000000000000004-0000000000000006,2,2,1061757.39,8.49
2026-09-08T05:25:17.969802,0000000000000004-0000000000000005,1,2,6594.2,8.49
2026-09-08T05:25:17.989786,0000000000000002-0000000000000005,2,2,3613002.41,28.9
2026-09-08T05:25:18.016731,0000000000000001-0000000000000005,3,2,3264314.72,26.11
2026-09-08T05:25:18.038002,0000000000000005-0000000000000004,2,1,11083.19,34.36
2026-09-08T05:25:18.061936,0000000000000003-0000000000000004,1,1,12277.63,31.2
2026-09-08T05:25:18.081902,0000000000000001-0000000000000004,2,1,875376.92,26.12
2026-09-08T05:25:18.103434,0000000000000002-0000000000000004,3,1,930092.83,7.44
2026-09-08T05:25:18.123934,0000000000000006-0000000000000004,2,2,4774.11,9.26
2026-09-08T05:25:20.601288,0000000000000003-0000000000000005,2,2,10104669.82,80.84
2026-09-08T05:25:20.625112,0000000000000004-0000000000000006,2,2,2510834.57,20.09
2026-09-08T05:25:20.646311,0000000000000001-0000000000000005,3,2,10205787.23,81.65
2026-09-08T05:25:20.669274,0000000000000005-0000000000000006,2,2,22168.94,80.34
2026-09-08T05:25:20.690481,0000000000000002-0000000000000004,3,1,2547463.7,20.38
2026-09-08T05:25:20.713532,0000000000000001-0000000000000004,2,1,2578725.47,81.67
2026-09-08T05:25:20.736195,0000000000000003-0000000000000001,1,3,24334.72,80.84
2026-09-08T05:25:20.757646,0000000000000006-0000000000000001,2,2,6959.18,20.09
2026-09-08T05:25:20.777925,0000000000000004-0000000000000001,1,2,9021.83,20.09
2026-09-08T05:25:20.799985,0000000000000002-0000000000000005,2,2,10146877.81,81.18
2026-09-08T05:25:23.379544,0000000000000003-0000000000000005,2,2,4497664.57,35.98
2026-09-08T05:25:23.402786,0000000000000004-0000000000000006,2,2,2512494.48,20.1
2026-09-08T05:25:23.422784,0000000000000002-0000000000000006,3,2,2505753.38,20.05
2026-09-08T05:25:23.445029,0000000000000006-0000000000000003,2,1,6930.38,20.1
2026-09-08T05:25:23.463948,0000000000000004-0000000000000003,1,1,8895.06,20.1
2026-09-08T05:25:23.486872,0000000000000002-0000000000000003,2,1,4746847.28,37.97
2026-09-08T05:25:23.509307,0000000000000001-0000000000000003,3,1,5027121.7,40.22
2026-09-08T05:25:23.526834,0000000000000005-0000000000000006,2,2,10567.57,33.34
2026-09-08T05:25:23.545040,0000000000000003-0000000000000006,1,2,13326.76,35.98
2026-09-08T05:25:23.564407,0000000000000001-0000000000000006,2,2,2473844.85,40.24
2026-09-08T05:25:26.163721,0000000000000003-0000000000000005,2,2,5188157.27,41.51
2026-09-08T05:25:26.187525,0000000000000004-0000000000000006,2,2,2508126.04,20.07
2026-09-08T05:25:26.207855,0000000000000002-0000000000000004,3,1,2514725.76,20.12
2026-09-08T05:25:26.227522,0000000000000002-0000000000000005,2,2,4870702.66,38.97
2026-09-08T05:25:26.250099,0000000000000001-0000000000000005,3,2,4480434.91,35.84
2026-09-08T05:25:26.271514,0000000000000004-0000000000000002,1,3,8904.99,20.06
2026-09-08T05:25:26.291244,0000000000000001-0000000000000002,2,2,2516014.52,35.87
2026-09-08T05:25:26.314114,0000000000000005-0000000000000002,2,2,13849.57,44.9
2026-09-08T05:25:26.337352,0000000000000003-0000000000000002,1,2,15108.16,41.51
2026-09-08T05:25:26.358764,0000000000000006-0000000000000004,2,2,6857.62,20.07
2026-09-08T05:25:28.865965,0000000000000003-0000000000000005,2,2,11258533.04,90.07
2026-09-08T05:25:28.890891,0000000000000004-0000000000000006,2,2,2535005.0,20.28
2026-09-08T05:25:28.911252,0000000000000001-0000000000000004,2,1,2555917.33,91.26
2026-09-08T05:25:28.932598,0000000000000002-0000000000000004,3,1,2514248.1,20.11
2026-09-08T05:25:28.956491,0000000000000001-0000000000000005,3,2,11404324.29,91.23
2026-09-08T05:25:28.977050,0000000000000003-0000000000000001,1,3,26348.03,90.07
2026-09-08T05:25:28.998295,0000000000000005-0000000000000001,2,3,24342.95,89.79
2026-09-08T05:25:29.022317,0000000000000006-0000000000000005,2,2,6918.97,20.23
2026-09-08T05:25:29.042833,0000000000000004-0000000000000005,1,2,8944.03,20.28
2026-09-08T05:25:29.066586,0000000000000002-0000000000000005,2,2,11313798.92,90.51
2026-09-08T05:25:31.636642,0000000000000003-0000000000000005,2,2,4214393.31,33.72
2026-09-08T05:25:31.663006,0000000000000004-0000000000000006,2,2,2520240.71,20.16
2026-09-08T05:25:31.684102,0000000000000002-0000000000000006,3,2,2492881.21,19.94
2026-09-08T05:25:31.707856,0000000000000002-0000000000000001,2,2,4489176.01,35.91
2026-09-08T05:25:31.728677,0000000000000004-0000000000000002,1,3,8928.26,20.16
2026-09-08T05:25:31.749220,0000000000000005-0000000000000002,2,2,9836.18,30.58
2026-09-08T05:25:31.770244,0000000000000001-0000000000000002,2,2,2481107.18,38.29
2026-09-08T05:25:31.791628,0000000000000001-0000000000000005,3,2,4783298.21,38.27
2026-09-08T05:25:31.811893,0000000000000003-0000000000000004,1,1,12528.52,33.72
2026-09-08T05:25:31.834138,0000000000000006-0000000000000004,2,2,6870.56,20.05
2026-09-08T05:25:34.416391,0000000000000003-0000000000000005,2,2,6524668.64,52.2
2026-09-08T05:25:34.440324,0000000000000004-0000000000000006,2,2,2510496.51,20.08
2026-09-08T05:25:34.464513,0000000000000001-0000000000000003,3,1,5816267.04,46.53
2026-09-08T05:25:34.492205,0000000000000002-0000000000000003,2,1,6173559.74,49.39
2026-09-08T05:25:34.515130,0000000000000004-0000000000000002,1,3,8250.58,20.08
2026-09-08T05:25:34.535001,0000000000000006-0000000000000004,2,2,6325.52,20.05
2026-09-08T05:25:34.553415,0000000000000002-0000000000000004,3,1,2557762.71,20.46
2026-09-08T05:25:34.577261,0000000000000005-0000000000000004,2,1,11829.5,55.22
2026-09-08T05:25:34.596170,0000000000000003-0000000000000004,1,1,13376.89,52.2
2026-09-08T05:25:34.624792,0000000000000001-0000000000000004,2,1,2565062.26,46.55
2026-09-08T05:25:37.187732,0000000000000003-0000000000000005,2,2,11900116.66,95.2
2026-09-08T05:25:37.210373,0000000000000004-0000000000000006,2,2,2518777.41,20.15
2026-09-08T05:25:37.230418,0000000000000002-0000000000000006,3,2,2518734.11,20.15
2026-09-08T05:25:37.251298,0000000000000001-0000000000000002,2,2,2532200.86,95.97
2026-09-08T05:25:37.273702,0000000000000003-0000000000000002,1,2,18949.59,95.2
2026-09-08T05:25:37.295207,0000000000000001-0000000000000003,3,1,11994978.68,95.96
2026-09-08T05:25:37.317346,0000000000000006-0000000000000003,2,1,5669.07,19.96
2026-09-08T05:25:37.338487,0000000000000004-0000000000000003,1,1,7685.08,20.15
2026-09-08T05:25:37.357935,0000000000000002-0000000000000003,2,1,11996728.34,95.97
2026-09-08T05:25:37.381513,0000000000000005-0000000000000003,2,2,16870.79,94.82
2026-09-08T05:25:39.869885,0000000000000003-0000000000000005,2,2,3189497.93,25.52
2026-09-08T05:25:39.892973,0000000000000004-0000000000000006,2,2,2528531.04,20.23
2026-09-08T05:25:39.920642,0000000000000002-0000000000000006,3,2,2553151.53,20.43
2026-09-08T05:25:39.940584,0000000000000003-0000000000000006,1,2,8053.37,25.52
2026-09-08T05:25:39.961579,0000000000000001-0000000000000006,2,2,2556015.67,30.63
2026-09-08T05:25:39.979678,0000000000000001-0000000000000003,3,1,3825621.77,30.6
2026-09-08T05:25:39.997227,0000000000000006-0000000000000003,2,1,6206.94,20.42
2026-09-08T05:25:40.017014,0000000000000004-0000000000000003,1,1,8284.87,20.23
2026-09-08T05:25:40.036344,0000000000000002-0000000000000003,2,1,3460967.53,27.69
2026-09-08T05:25:40.054470,0000000000000005-0000000000000003,2,2,5429.68,22.77
2026-09-08T05:25:42.479906,0000000000000003-0000000000000005,2,2,7883.75,0.06
2026-09-08T05:25:42.499078,0000000000000004-0000000000000006,2,2,2471747.15,19.77
2026-09-08T05:25:42.520044,0000000000000002-0000000000000006,3,2,2471678.2,19.77
2026-09-08T05:25:42.537935,0000000000000001-0000000000000003,3,1,7791.81,0.06
2026-09-08T05:25:42.557538,0000000000000002-0000000000000003,2,1,9692.65,19.76
2026-09-08T05:25:42.577115,0000000000000004-0000000000000002,1,3,7669.99,19.77
2026-09-08T05:25:42.595888,0000000000000006-0000000000000002,2,3,5603.67,19.78
2026-09-08T05:25:42.616534,0000000000000005-0000000000000006,2,2,1930.71,0.06
2026-09-08T05:25:42.635957,0000000000000003-0000000000000006,1,2,3976.35,0.06
2026-09-08T05:25:42.657519,0000000000000001-0000000000000006,2,2,2520241.03,20.16
2026-09-08T05:25:45.277869,0000000000000003-0000000000000005,2,2,7484.23,0.06
2026-09-08T05:25:45.299910,0000000000000004-0000000000000006,2,2,2471254.93,19.77
2026-09-08T05:25:45.322140,0000000000000002-0000000000000004,3,1,2400432.11,19.2
2026-09-08T05:25:45.342023,0000000000000004-0000000000000005,1,2,7737.28,19.77
2026-09-08T05:25:45.365712,0000000000000001-0000000000000005,3,2,7226.89,0.06
2026-09-08T05:25:45.387624,0000000000000001-0000000000000004,2,1,2351734.59,18.81
2026-09-08T05:25:45.410868,0000000000000005-0000000000000001,2,3,1908.59,0.06
2026-09-08T05:25:45.432347,0000000000000003-0000000000000001,1,3,3967.28,0.06
2026-09-08T05:25:45.454988,0000000000000006-0000000000000005,2,2,5745.06,19.96
2026-09-08T05:25:45.476419,0000000000000002-0000000000000005,2,2,9399.25,19.19
2026-09-08T05:25:47.934957,0000000000000003-0000000000000005,2,2,8152.09,0.07
2026-09-08T05:25:47.955754,0000000000000004-0000000000000006,2,2,1490579.42,11.92
2026-09-08T05:25:47.977973,0000000000000001-0000000000000003,3,1,8242.42,0.07
2026-09-08T05:25:47.999413,0000000000000002-0000000000000003,2,1,8968.81,13.1
2026-09-08T05:25:48.020295,0000000000000002-0000000000000006,3,2,1638886.55,13.11
2026-09-08T05:25:48.045629,0000000000000004-0000000000000002,1,3,6532.21,11.92
2026-09-08T05:25:48.066212,0000000000000006-0000000000000002,2,3,4260.47,11.13
2026-09-08T05:25:48.085339,0000000000000001-0000000000000002,2,2,1735958.94,13.89
2026-09-08T05:25:48.105292,0000000000000005-0000000000000002,2,2,1964.63,0.06
2026-09-08T05:25:48.124439,0000000000000003-0000000000000002,1,2,4064.76,0.06
2026-09-08T05:25:50.650609,0000000000000003-0000000000000005,2,2,7599.8,0.06
2026-09-08T05:25:50.675580,0000000000000004-0000000000000006,2,2,7732.35,0.06
2026-09-08T05:25:50.695697,0000000000000002-0000000000000003,2,1,6031.23,0.05
2026-09-08T05:25:50.717155,0000000000000002-0000000000000006,3,2,7577.7,0.06
2026-09-08T05:25:50.736789,0000000000000006-0000000000000002,2,3,2032.5,0.06
2026-09-08T05:25:50.756140,0000000000000003-0000000000000002,1,2,3910.36,0.06
2026-09-08T05:25:50.777933,0000000000000001-0000000000000002,2,2,5721.94,0.05
2026-09-08T05:25:50.796281,0000000000000004-0000000000000003,1,1,4065.01,0.06
2026-09-08T05:25:50.817215,0000000000000001-0000000000000003,3,1,7489.33,0.06
2026-09-08T05:25:50.834982,0000000000000005-0000000000000003,2,2,1899.95,0.06
2026-09-08T05:25:53.289006,0000000000000003-0000000000000005,2,2,7414.09,0.06
2026-09-08T05:25:53.313821,0000000000000004-0000000000000006,2,2,7482.32,0.06
2026-09-08T05:25:53.338023,0000000000000002-0000000000000004,3,1,7482.32,0.06
2026-09-08T05:25:53.362243,0000000000000001-0000000000000005,3,2,7436.83,0.06
2026-09-08T05:25:53.386451,0000000000000004-0000000000000005,1,2,3752.53,0.06
2026-09-08T05:25:53.408434,0000000000000002-0000000000000005,2,2,5685.65,0.05
2026-09-08T05:25:53.431705,0000000000000006-0000000000000004,2,2,1887.64,0.06
2026-09-08T05:25:53.452173,0000000000000005-0000000000000004,2,1,1864.89,0.06
2026-09-08T05:25:53.475277,0000000000000003-0000000000000004,1,1,3729.79,0.06
2026-09-08T05:25:53.494461,0000000000000001-0000000000000004,2,1,5753.88,0.05
2026-09-08T05:25:56.025467,0000000000000003-0000000000000005,2,2,7475.35,0.06
2026-09-08T05:25:56.050909,0000000000000004-0000000000000006,2,2,7563.04,0.06
2026-09-08T05:25:56.070366,0000000000000006-0000000000000002,2,3,1885.28,0.06
2026-09-08T05:25:56.090950,0000000000000001-0000000000000002,2,2,5787.37,0.05
2026-09-08T05:25:56.113100,0000000000000003-0000000000000006,1,2,3880.17,0.06
2026-09-08T05:25:56.135054,0000000000000002-0000000000000006,3,2,7519.2,0.06
2026-09-08T05:25:56.154726,0000000000000001-0000000000000003,3,1,7365.74,0.06
2026-09-08T05:25:56.176993,0000000000000004-0000000000000003,1,1,3858.25,0.06
2026-09-08T05:25:56.195664,0000000000000002-0000000000000003,2,1,5787.37,0.05
2026-09-08T05:25:56.217527,0000000000000005-0000000000000003,2,2,1885.28,0.06
2026-09-08T05:25:58.721818,0000000000000003-0000000000000005,2,2,7967.86,0.06
2026-09-08T05:25:58.744387,0000000000000004-0000000000000006,2,2,7945.6,0.06
2026-09-08T05:25:58.763436,0000000000000001-0000000000000005,3,2,7901.09,0.06
2026-09-08T05:25:58.783474,0000000000000002-0000000000000001,2,2,6076.05,0.05
2026-09-08T05:25:58.804135,0000000000000004-0000000000000001,1,2,3961.67,0.06
2026-09-08T05:25:58.824922,0000000000000002-0000000000000004,3,1,7923.35,0.06
2026-09-08T05:25:58.846906,0000000000000005-0000000000000004,2,1,1914.07,0.06
2026-09-08T05:25:58.865255,0000000000000003-0000000000000004,1,1,4050.7,0.06
2026-09-08T05:25:58.885002,0000000000000001-0000000000000004,2,1,6053.79,0.05
2026-09-08T05:25:58.902785,0000000000000006-0000000000000004,2,2,1936.32,0.06
2026-09-08T05:26:01.512580,0000000000000003-0000000000000005,2,2,7568.44,0.06
2026-09-08T05:26:01.537695,0000000000000004-0000000000000006,2,2,7589.94,0.06
2026-09-08T05:26:01.559838,0000000000000001-0000000000000003,3,1,7503.94,0.06
2026-09-08T05:26:01.579929,0000000000000002-0000000000000006,3,2,7353.43,0.06
2026-09-08T05:26:01.604643,0000000000000006-0000000000000002,2,3,1892.11,0.06
2026-09-08T05:26:01.624616,0000000000000004-0000000000000003,1,1,3913.23,0.06
2026-09-08T05:26:01.644198,0000000000000002-0000000000000003,2,1,5762.34,0.05
2026-09-08T05:26:01.665726,0000000000000005-0000000000000003,2,2,1935.11,0.06
2026-09-08T05:26:01.688346,0000000000000003-0000000000000006,1,2,3827.22,0.06
2026-09-08T05:26:01.718918,0000000000000001-0000000000000006,2,2,5719.33,0.05
2026-09-08T05:26:04.245926,0000000000000003-0000000000000005,2,2,7767.82,0.06
2026-09-08T05:26:04.265830,0000000000000004-0000000000000006,2,2,7811.7,0.06
2026-09-08T05:26:04.287548,0000000000000002-0000000000000006,3,2,7833.65,0.06
2026-09-08T05:26:04.309946,0000000000000003-0000000000000006,1,2,3774.19,0.06
2026-09-08T05:26:04.329161,0000000000000001-0000000000000006,2,2,5968.49,0.05
2026-09-08T05:26:04.353652,0000000000000006-0000000000000003,2,1,1799.32,0.06
2026-09-08T05:26:04.376657,0000000000000004-0000000000000003,1,1,3796.14,0.06
2026-09-08T05:26:04.396742,0000000000000002-0000000000000003,2,1,5946.55,0.05
2026-09-08T05:26:04.418052,0000000000000001-0000000000000003,3,1,7789.76,0.06
2026-09-08T05:26:04.437992,0000000000000005-0000000000000003,2,2,1843.21,0.06
2026-09-08T05:26:06.985969,0000000000000003-0000000000000005,2,2,7294.91,0.06
2026-09-08T05:26:07.007086,0000000000000004-0000000000000006,2,2,7689.23,0.06
2026-09-08T05:26:07.026204,0000000000000002-0000000000000006,3,2,7623.51,0.06
2026-09-08T05:26:07.044328,0000000000000002-0000000000000003,2,1,5630.01,0.05
2026-09-08T05:26:07.066472,0000000000000001-0000000000000003,3,1,7141.57,0.06
2026-09-08T05:26:07.084722,0000000000000006-0000000000000003,2,1,1840.16,0.06
2026-09-08T05:26:07.101141,0000000000000004-0000000000000003,1,1,3811.76,0.06
2026-09-08T05:26:07.127655,0000000000000005-0000000000000006,2,2,1883.97,0.06
2026-09-08T05:26:07.146719,0000000000000003-0000000000000006,1,2,3811.76,0.06
2026-09-08T05:26:07.168929,0000000000000001-0000000000000006,2,2,5695.73,0.05
2026-09-08T05:26:09.678818,0000000000000003-0000000000000005,2,2,7819.68,0.06
2026-09-08T05:26:09.701148,0000000000000004-0000000000000006,2,2,8020.18,0.06
2026-09-08T05:26:09.721019,0000000000000001-0000000000000003,3,1,7752.84,0.06
2026-09-08T05:26:09.743289,0000000000000002-0000000000000003,2,1,5859.19,0.05
2026-09-08T05:26:09.765321,0000000000000004-0000000000000002,1,3,3854.14,0.06
2026-09-08T05:26:09.787928,0000000000000006-0000000000000002,2,3,1893.65,0.06
2026-09-08T05:26:09.809470,0000000000000005-0000000000000006,2,2,1960.49,0.06
2026-09-08T05:26:09.832636,0000000000000003-0000000000000006,1,2,4032.37,0.06
2026-09-08T05:26:09.855111,0000000000000001-0000000000000006,2,2,6171.08,0.05
2026-09-08T05:26:09.874428,0000000000000002-0000000000000006,3,2,7953.34,0.06
2026-09-08T05:26:12.518843,0000000000000003-0000000000000005,2,2,6740.67,0.05
2026-09-08T05:26:12.541340,0000000000000004-0000000000000006,2,2,6930.85,0.06
2026-09-08T05:26:12.560650,0000000000000002-0000000000000006,3,2,6867.46,0.05
2026-09-08T05:26:12.579401,0000000000000001-0000000000000003,3,1,6761.8,0.05
2026-09-08T05:26:12.600345,0000000000000002-0000000000000003,2,1,5240.4,0.04
2026-09-08T05:26:12.625456,0000000000000004-0000000000000002,1,3,3507.68,0.05
2026-09-08T05:26:12.661976,0000000000000006-0000000000000002,2,3,1669.32,0.06
2026-09-08T05:26:12.690963,0000000000000001-0000000000000002,2,2,5240.4,0.04
2026-09-08T05:26:12.711656,0000000000000005-0000000000000002,2,2,1669.32,0.05
2026-09-08T05:26:12.732781,0000000000000003-0000000000000002,1,2,3465.42,0.05
2026-09-08T05:26:15.313709,0000000000000003-0000000000000005,2,2,7405.47,0.06
2026-09-08T05:26:15.337379,0000000000000004-0000000000000006,2,2,7469.87,0.06
2026-09-08T05:26:15.360401,0000000000000002-0000000000000003,2,1,5623.87,0.04
2026-09-08T05:26:15.383116,0000000000000001-0000000000000003,3,1,7255.22,0.06
2026-09-08T05:26:15.407862,0000000000000002-0000000000000006,3,2,7491.33,0.06
2026-09-08T05:26:15.430916,0000000000000001-0000000000000002,2,2,5645.33,0.05
2026-09-08T05:26:15.452343,0000000000000003-0000000000000002,1,2,3820.8,0.06
2026-09-08T05:26:15.478694,0000000000000006-0000000000000003,2,1,1674.28,0.06
2026-09-08T05:26:15.504454,0000000000000004-0000000000000003,1,1,3584.68,0.06
2026-09-08T05:26:15.525544,0000000000000005-0000000000000003,2,2,1760.14,0.06
2026-09-08T05:26:18.003593,0000000000000003-0000000000000005,2,2,7117.36,0.06
2026-09-08T05:26:18.023697,0000000000000004-0000000000000006,2,2,7184.29,0.06
2026-09-08T05:26:18.044307,0000000000000004-0000000000000005,1,2,3502.9,0.06
2026-09-08T05:26:18.064995,0000000000000002-0000000000000005,2,2,5310.13,0.04
2026-09-08T05:26:18.088990,0000000000000001-0000000000000005,3,2,7050.42,0.06
2026-09-08T05:26:18.111774,0000000000000006-0000000000000004,2,2,1740.29,0.06
2026-09-08T05:26:18.133559,0000000000000005-0000000000000004,2,1,1851.85,0.06
2026-09-08T05:26:18.159569,0000000000000003-0000000000000004,1,1,3703.7,0.06
2026-09-08T05:26:18.183027,0000000000000001-0000000000000004,2,1,5466.31,0.04
2026-09-08T05:26:18.204376,0000000000000002-0000000000000004,3,1,7050.42,0.06
2026-09-08T05:26:20.740990,0000000000000003-0000000000000005,2,2,8020.05,0.06
2026-09-08T05:26:20.760215,0000000000000004-0000000000000006,2,2,7954.32,0.06
2026-09-08T05:26:20.781450,0000000000000002-0000000000000004,3,1,7866.67,0.06
2026-09-08T05:26:20.802894,0000000000000001-0000000000000004,2,1,6004.08,0.05
2026-09-08T05:26:20.822205,0000000000000001-0000000000000005,3,2,7866.67,0.06
2026-09-08T05:26:20.841486,0000000000000002-0000000000000001,2,2,6026.0,0.05
2026-09-08T05:26:20.863799,0000000000000004-0000000000000001,1,2,3878.55,0.06
2026-09-08T05:26:20.882227,0000000000000003-0000000000000004,1,1,3988.11,0.06
2026-09-08T05:26:20.901768,0000000000000005-0000000000000004,2,1,1906.41,0.06
2026-09-08T05:26:20.920289,0000000000000006-0000000000000004,2,2,1906.41,0.06
2026-09-08T05:26:23.453868,0000000000000003-0000000000000005,2,2,7321.91,0.06
2026-09-08T05:26:23.477580,0000000000000004-0000000000000006,2,2,7609.47,0.06
2026-09-08T05:26:23.497998,0000000000000005-0000000000000004,2,1,1990.85,0.06
2026-09-08T05:26:23.520924,0000000000000003-0000000000000004,1,1,3915.34,0.06
2026-09-08T05:26:23.541669,0000000000000001-0000000000000004,2,1,5839.83,0.05
2026-09-08T05:26:23.564370,0000000000000002-0000000000000004,3,1,7476.75,0.06
2026-09-08T05:26:23.585914,0000000000000006-0000000000000005,2,2,1836.01,0.06
2026-09-08T05:26:23.605608,0000000000000004-0000000000000005,1,2,3804.74,0.06
2026-09-08T05:26:23.625150,0000000000000002-0000000000000005,2,2,5618.62,0.05
2026-09-08T05:26:23.645220,0000000000000001-0000000000000005,3,2,7344.03,0.06
2026-09-08T05:26:26.133254,0000000000000003-0000000000000005,2,2,7544.31,0.06
2026-09-08T05:26:26.158417,0000000000000004-0000000000000006,2,2,7499.54,0.06
2026-09-08T05:26:26.179100,0000000000000001-0000000000000005,3,2,7566.7,0.06
2026-09-08T05:26:26.198469,0000000000000002-0000000000000001,2,2,5932.47,0.05
2026-09-08T05:26:26.219271,0000000000000004-0000000000000001,1,2,3872.9,0.06
2026-09-08T05:26:26.237362,0000000000000006-0000000000000004,2,2,1880.48,0.06
2026-09-08T05:26:26.256017,0000000000000002-0000000000000004,3,1,7499.54,0.06
2026-09-08T05:26:26.273564,0000000000000005-0000000000000004,2,1,1790.93,0.06
2026-09-08T05:26:26.293631,0000000000000003-0000000000000004,1,1,3805.74,0.06
2026-09-08T05:26:26.311008,0000000000000001-0000000000000004,2,1,5798.15,0.05
2026-09-08T05:26:28.828667,0000000000000003-0000000000000005,2,2,7864.73,0.06
2026-09-08T05:26:28.875132,0000000000000004-0000000000000006,2,2,7842.45,0.06
2026-09-08T05:26:28.901583,0000000000000001-0000000000000004,2,1,6037.8,0.05
2026-09-08T05:26:28.922689,0000000000000002-0000000000000004,3,1,7686.49,0.06
2026-09-08T05:26:28.938926,0000000000000001-0000000000000005,3,2,7731.05,0.06
2026-09-08T05:26:28.959089,0000000000000005-0000000000000001,2,3,2049.73,0.06
2026-09-08T05:26:28.976260,0000000000000003-0000000000000001,1,3,4144.02,0.06
2026-09-08T05:26:28.993699,0000000000000006-0000000000000001,2,2,1893.77,0.06
2026-09-08T05:26:29.010216,0000000000000004-0000000000000001,1,2,4121.74,0.06
2026-09-08T05:26:29.026740,0000000000000002-0000000000000001,2,2,5926.4,0.05
2026-09-08T05:26:31.537086,0000000000000003-0000000000000005,2,2,9652.89,0.08
2026-09-08T05:26:31.572580,0000000000000004-0000000000000006,2,2,9431.5,0.08
2026-09-08T05:26:31.604563,0000000000000001-0000000000000003,3,1,9564.33,0.08
2026-09-08T05:26:31.626932,0000000000000001-0000000000000004,2,1,7394.65,0.06
2026-09-08T05:26:31.646900,0000000000000002-0000000000000004,3,1,9453.64,0.08
2026-09-08T05:26:31.682287,0000000000000005-0000000000000001,2,3,2346.8,0.08
2026-09-08T05:26:31.704362,0000000000000003-0000000000000001,1,3,4981.42,0.08
2026-09-08T05:26:31.724448,0000000000000006-0000000000000001,2,2,2391.08,0.07
2026-09-08T05:26:31.740724,0000000000000004-0000000000000001,1,2,4848.59,0.07
2026-09-08T05:26:31.759580,0000000000000002-0000000000000001,2,2,7483.21,0.06
2026-09-08T05:26:34.308480,0000000000000003-0000000000000005,2,2,6990.79,0.06
2026-09-08T05:26:34.330534,0000000000000004-0000000000000006,2,2,7315.44,0.06
2026-09-08T05:26:34.350779,0000000000000001-0000000000000003,3,1,6925.86,0.06
2026-09-08T05:26:34.371105,0000000000000002-0000000000000003,2,1,5345.89,0.05
2026-09-08T05:26:34.392832,0000000000000002-0000000000000006,3,2,7228.86,0.06
2026-09-08T05:26:34.410274,0000000000000001-0000000000000002,2,2,5692.19,0.05
2026-09-08T05:26:34.428583,0000000000000005-0000000000000002,2,2,1926.25,0.06
2026-09-08T05:26:34.447682,0000000000000003-0000000000000002,1,2,3874.15,0.06
2026-09-08T05:26:34.466839,0000000000000004-0000000000000002,1,3,3549.5,0.06
2026-09-08T05:26:34.488580,0000000000000006-0000000000000002,2,3,1731.46,0.06
2026-09-08T05:26:36.984298,0000000000000003-0000000000000005,2,2,8564.83,0.07
2026-09-08T05:26:37.000161,0000000000000004-0000000000000006,2,2,8497.57,0.07
2026-09-08T05:26:37.016908,0000000000000001-0000000000000003,3,1,8430.31,0.07
2026-09-08T05:26:37.032104,0000000000000004-0000000000000003,1,1,4529.05,0.07
2026-09-08T05:26:37.048612,0000000000000002-0000000000000003,2,1,6591.78,0.05
2026-09-08T05:26:37.065275,0000000000000006-0000000000000004,2,2,2174.84,0.07
2026-09-08T05:26:37.082402,0000000000000002-0000000000000004,3,1,8430.31,0.07
2026-09-08T05:26:37.099899,0000000000000001-0000000000000004,2,1,6524.52,0.05
2026-09-08T05:26:37.117750,0000000000000005-0000000000000004,2,1,2174.84,0.07
2026-09-08T05:26:37.135677,0000000000000003-0000000000000004,1,1,4327.26,0.07
2026-09-08T05:26:39.596236,0000000000000003-0000000000000005,2,2,8178.43,0.07
2026-09-08T05:26:39.617019,0000000000000004-0000000000000006,2,2,7948.7,0.06
2026-09-08T05:26:39.636470,0000000000000002-0000000000000003,2,1,6225.71,0.05
2026-09-08T05:26:39.658411,0000000000000001-0000000000000003,3,1,8247.35,0.07
2026-09-08T05:26:39.680013,0000000000000002-0000000000000006,3,2,7971.67,0.06
2026-09-08T05:26:39.698167,0000000000000001-0000000000000002,2,2,6271.66,0.05
2026-09-08T05:26:39.720525,0000000000000005-0000000000000002,2,2,1929.74,0.06
2026-09-08T05:26:39.741312,0000000000000003-0000000000000002,1,2,4020.29,0.06
2026-09-08T05:26:39.762417,0000000000000004-0000000000000002,1,3,3974.35,0.06
2026-09-08T05:26:39.781429,0000000000000006-0000000000000002,2,3,1998.66,0.06
2026-09-08T05:26:42.130632,0000000000000003-0000000000000005,2,2,7362.98,0.06
2026-09-08T05:26:42.151882,0000000000000004-0000000000000006,2,2,7552.38,0.06
2026-09-08T05:26:42.169096,0000000000000002-0000000000000006,3,2,7552.38,0.06
2026-09-08T05:26:42.188416,0000000000000001-0000000000000005,3,2,7434.0,0.06
2026-09-08T05:26:42.208252,0000000000000005-0000000000000001,2,3,1894.01,0.06
2026-09-08T05:26:42.226294,0000000000000004-0000000000000001,1,2,3740.68,0.06
2026-09-08T05:26:42.249228,0000000000000002-0000000000000005,2,2,5729.39,0.05
2026-09-08T05:26:42.274071,0000000000000003-0000000000000004,1,1,3835.38,0.06
2026-09-08T05:26:42.292876,0000000000000001-0000000000000006,2,2,5824.09,0.05
2026-09-08T05:26:42.315006,0000000000000006-0000000000000001,2,2,1870.34,0.06
2026-09-08T05:26:44.474034,0000000000000003-0000000000000005,2,2,8142.04,0.07
2026-09-08T05:26:44.492322,0000000000000004-0000000000000006,2,2,8116.44,0.06
2026-09-08T05:26:44.514560,0000000000000001-0000000000000004,2,1,6426.58,0.05
2026-09-08T05:26:44.539567,0000000000000002-0000000000000006,3,2,8167.65,0.07
2026-09-08T05:26:44.559731,0000000000000003-0000000000000002,1,2,4122.23,0.06
2026-09-08T05:26:44.582986,0000000000000002-0000000000000003,2,1,6272.96,0.05
2026-09-08T05:26:44.603021,0000000000000001-0000000000000005,3,2,8039.63,0.06
2026-09-08T05:26:44.624882,0000000000000004-0000000000000001,1,2,4045.42,0.06
2026-09-08T05:26:44.647709,0000000000000006-0000000000000005,2,2,1741.07,0.06
2026-09-08T05:26:44.668710,0000000000000005-0000000000000006,2,2,1997.1,0.06
2026-09-08T05:26:47.076772,0000000000000003-0000000000000005,2,2,7030.72,0.06
2026-09-08T05:26:47.101733,0000000000000004-0000000000000006,2,2,7030.72,0.06
2026-09-08T05:26:47.128828,0000000000000003-0000000000000006,1,2,3642.14,0.06
2026-09-08T05:26:47.148269,0000000000000001-0000000000000006,2,2,5232.7,0.04
2026-09-08T05:26:47.169198,0000000000000002-0000000000000006,3,2,6869.36,0.05
2026-09-08T05:26:47.189279,0000000000000001-0000000000000003,3,1,6800.2,0.05
2026-09-08T05:26:47.208870,0000000000000006-0000000000000003,2,1,1774.97,0.06
2026-09-08T05:26:47.229704,0000000000000004-0000000000000003,1,1,3711.3,0.06
2026-09-08T05:26:47.248441,0000000000000002-0000000000000003,2,1,5417.11,0.04
2026-09-08T05:26:47.267490,0000000000000005-0000000000000003,2,2,1821.07,0.06
2026-09-08T05:26:49.892698,0000000000000003-0000000000000005,2,2,7458.32,0.06
2026-09-08T05:26:49.914257,0000000000000004-0000000000000006,2,2,7543.55,0.06
2026-09-08T05:26:49.937823,0000000000000002-0000000000000006,3,2,7330.46,0.06
2026-09-08T05:26:49.958739,0000000000000004-0000000000000001,1,2,3878.32,0.06
2026-09-08T05:26:49.977266,0000000000000006-0000000000000005,2,2,1917.85,0.06
2026-09-08T05:26:49.995161,0000000000000002-0000000000000005,2,2,5732.25,0.05
2026-09-08T05:26:50.017734,0000000000000001-0000000000000005,3,2,7287.84,0.06
2026-09-08T05:26:50.038597,0000000000000005-0000000000000006,2,2,1896.54,0.06
2026-09-08T05:26:50.058068,0000000000000003-0000000000000006,1,2,3899.63,0.06
2026-09-08T05:26:50.076050,0000000000000001-0000000000000006,2,2,5583.08,0.05
2026-09-08T05:26:52.556763,0000000000000003-0000000000000005,2,2,7230.48,0.06
2026-09-08T05:26:52.577987,0000000000000004-0000000000000006,2,2,7343.1,0.06
2026-09-08T05:26:52.605337,0000000000000002-0000000000000006,3,2,7343.1,0.06
2026-09-08T05:26:52.625569,0000000000000002-0000000000000003,2,1,5518.59,0.04
2026-09-08T05:26:52.650021,0000000000000001-0000000000000003,3,1,7298.05,0.06
2026-09-08T05:26:52.669598,0000000000000006-0000000000000002,2,3,1847.04,0.06
2026-09-08T05:26:52.691857,0000000000000004-0000000000000002,1,3,3761.65,0.06
2026-09-08T05:26:52.713285,0000000000000005-0000000000000002,2,2,1779.46,0.06
2026-09-08T05:26:52.732666,0000000000000003-0000000000000002,1,2,3716.6,0.06
2026-09-08T05:26:52.755195,0000000000000001-0000000000000002,2,2,5676.26,0.05
2026-09-08T05:26:55.229243,0000000000000003-0000000000000005,2,2,7452.83,0.06
2026-09-08T05:26:55.254136,0000000000000004-0000000000000006,2,2,7497.72,0.06
2026-09-08T05:26:55.274451,0000000000000002-0000000000000004,3,1,7385.48,0.06
2026-09-08T05:26:55.294746,0000000000000001-0000000000000004,2,1,5769.21,0.05
2026-09-08T05:26:55.315069,0000000000000001-0000000000000005,3,2,7452.83,0.06
2026-09-08T05:26:55.336564,0000000000000003-0000000000000001,1,3,3816.21,0.06
2026-09-08T05:26:55.359966,0000000000000005-0000000000000001,2,3,1885.66,0.06
2026-09-08T05:26:55.378716,0000000000000002-0000000000000001,2,2,5634.52,0.05
2026-09-08T05:26:55.399159,0000000000000006-0000000000000001,2,2,1795.86,0.06
2026-09-08T05:26:55.423887,0000000000000004-0000000000000001,1,2,3703.97,0.06
2026-09-08T05:26:57.947026,0000000000000003-0000000000000005,2,2,7925.04,0.06
2026-09-08T05:26:57.968337,0000000000000004-0000000000000006,2,2,7947.12,0.06
2026-09-08T05:26:57.988886,0000000000000001-0000000000000004,2,1,5916.19,0.05
2026-09-08T05:26:58.009097,0000000000000002-0000000000000004,3,1,7947.12,0.06
2026-09-08T05:26:58.032000,0000000000000005-0000000000000001,2,3,1920.55,0.06
2026-09-08T05:26:58.052700,0000000000000003-0000000000000001,1,3,3973.56,0.06
2026-09-08T05:26:58.070442,0000000000000006-0000000000000005,2,2,1964.7,0.06
2026-09-08T05:26:58.090922,0000000000000004-0000000000000005,1,2,3973.56,0.06
2026-09-08T05:26:58.109011,0000000000000002-0000000000000005,2,2,6048.64,0.05
2026-09-08T05:26:58.128978,0000000000000001-0000000000000005,3,2,7770.51,0.06
2026-09-08T05:27:00.701860,0000000000000003-0000000000000005,2,2,7363.46,0.06
2026-09-08T05:27:00.722783,0000000000000004-0000000000000006,2,2,7603.1,0.06
2026-09-08T05:27:00.741040,0000000000000002-0000000000000003,2,1,5620.63,0.04
2026-09-08T05:27:00.759774,0000000000000001-0000000000000003,3,1,7385.25,0.06
2026-09-08T05:27:00.778837,0000000000000004-0000000000000002,1,3,3725.3,0.06
2026-09-08T05:27:00.797369,0000000000000006-0000000000000002,2,3,1808.19,0.06
2026-09-08T05:27:00.815975,0000000000000005-0000000000000006,2,2,1786.4,0.06
2026-09-08T05:27:00.835934,0000000000000003-0000000000000006,1,2,3659.95,0.06
2026-09-08T05:27:00.854717,0000000000000001-0000000000000006,2,2,5642.42,0.05
2026-09-08T05:27:00.873567,0000000000000002-0000000000000006,3,2,7472.39,0.06
2026-09-08T05:27:03.327230,0000000000000003-0000000000000005,2,2,7631.58,0.06
2026-09-08T05:27:03.346622,0000000000000004-0000000000000006,2,2,7791.53,0.06
2026-09-08T05:27:03.369250,0000000000000003-0000000000000006,1,2,3907.19,0.06
2026-09-08T05:27:03.389208,0000000000000001-0000000000000006,2,2,5826.51,0.05
2026-09-08T05:27:03.411666,0000000000000002-0000000000000006,3,2,7722.98,0.06
2026-09-08T05:27:03.439960,0000000000000006-0000000000000003,2,1,1873.62,0.06
2026-09-08T05:27:03.459206,0000000000000004-0000000000000003,1,1,3747.25,0.06
2026-09-08T05:27:03.477709,0000000000000002-0000000000000003,2,1,5780.81,0.05
2026-09-08T05:27:03.501302,0000000000000001-0000000000000003,3,1,7471.64,0.06
2026-09-08T05:27:03.520987,0000000000000005-0000000000000003,2,2,1850.77,0.06
2026-09-08T05:27:06.007276,0000000000000003-0000000000000005,2,2,7343.22,0.06
2026-09-08T05:27:06.028504,0000000000000004-0000000000000006,2,2,7388.0,0.06
2026-09-08T05:27:06.047423,0000000000000002-0000000000000005,2,2,5641.74,0.05
2026-09-08T05:27:06.065436,0000000000000001-0000000000000005,3,2,7253.67,0.06
2026-09-08T05:27:06.086278,0000000000000001-0000000000000006,2,2,5574.58,0.04
2026-09-08T05:27:06.105743,0000000000000005-0000000000000001,2,3,1880.58,0.06
2026-09-08T05:27:06.127300,0000000000000004-0000000000000001,1,2,3783.55,0.06
2026-09-08T05:27:06.151173,0000000000000006-0000000000000004,2,2,1880.58,0.06
2026-09-08T05:27:06.172037,0000000000000002-0000000000000004,3,1,7320.83,0.06
2026-09-08T05:27:06.194400,0000000000000003-0000000000000004,1,1,3738.77,0.06
2026-09-08T05:27:08.712786,0000000000000003-0000000000000005,2,2,6631.5,0.05
2026-09-08T05:27:08.735024,0000000000000004-0000000000000006,2,2,6808.93,0.05
2026-09-08T05:27:08.755860,0000000000000001-0000000000000005,3,2,6742.39,0.05
2026-09-08T05:27:08.774719,0000000000000002-0000000000000006,3,2,6764.57,0.05
2026-09-08T05:27:08.795408,0000000000000002-0000000000000005,2,2,5167.69,0.04
2026-09-08T05:27:08.814525,0000000000000006-0000000000000001,2,2,1707.78,0.05
2026-09-08T05:27:08.833383,0000000000000005-0000000000000002,2,2,1641.24,0.05
2026-09-08T05:27:08.854534,0000000000000003-0000000000000004,1,1,3415.55,0.05
2026-09-08T05:27:08.871712,0000000000000001-0000000000000006,2,2,5256.4,0.04
2026-09-08T05:27:08.891862,0000000000000004-0000000000000005,1,2,3482.09,0.05
2026-09-08T05:27:11.020578,0000000000000003-0000000000000005,2,2,8423.38,0.07
2026-09-08T05:27:11.041903,0000000000000004-0000000000000006,2,2,8085.41,0.06
2026-09-08T05:27:11.065334,0000000000000002-0000000000000006,3,2,8293.39,0.07
2026-09-08T05:27:11.087428,0000000000000001-0000000000000005,3,2,8449.38,0.07
2026-09-08T05:27:11.107003,0000000000000001-0000000000000006,2,2,6343.53,0.05
2026-09-08T05:27:11.125745,0000000000000002-0000000000000005,2,2,6525.52,0.05
2026-09-08T05:27:11.144785,0000000000000004-0000000000000005,1,2,4055.7,0.06
2026-09-08T05:27:11.165695,0000000000000005-0000000000000004,2,1,1871.86,0.06
2026-09-08T05:27:11.184258,0000000000000003-0000000000000006,1,2,4029.7,0.07
2026-09-08T05:27:11.206548,0000000000000006-0000000000000003,2,1,1871.86,0.06
2026-09-08T05:27:13.536414,0000000000000003-0000000000000005,2,2,7871.02,0.06
2026-09-08T05:27:13.558844,0000000000000004-0000000000000006,2,2,8037.98,0.06
2026-09-08T05:27:13.577755,0000000000000002-0000000000000006,3,2,7871.02,0.06
2026-09-08T05:27:13.598337,0000000000000006-0000000000000003,2,1,1979.68,0.06
2026-09-08T05:27:13.622858,0000000000000004-0000000000000003,1,1,4078.62,0.06
2026-09-08T05:27:13.640116,0000000000000002-0000000000000003,2,1,6010.6,0.05
2026-09-08T05:27:13.661870,0000000000000001-0000000000000003,3,1,7656.36,0.06
2026-09-08T05:27:13.681092,0000000000000005-0000000000000006,2,2,1979.68,0.06
2026-09-08T05:27:13.700005,0000000000000003-0000000000000006,1,2,4126.32,0.06
2026-09-08T05:27:13.723218,0000000000000001-0000000000000006,2,2,6010.6,0.05
2026-09-08T05:27:16.291577,0000000000000003-0000000000000005,2,2,7316.85,0.06
2026-09-08T05:27:16.310577,0000000000000004-0000000000000006,2,2,7491.06,0.06
2026-09-08T05:27:16.329872,0000000000000001-0000000000000003,3,1,7077.31,0.06
2026-09-08T05:27:16.348305,0000000000000002-0000000000000006,3,2,7295.08,0.06
2026-09-08T05:27:16.374202,0000000000000002-0000000000000003,2,1,5596.52,0.05
2026-09-08T05:27:16.393936,0000000000000004-0000000000000002,1,3,3810.86,0.06
2026-09-08T05:27:16.412779,0000000000000006-0000000000000002,2,3,1872.77,0.06
2026-09-08T05:27:16.433219,0000000000000001-0000000000000002,2,2,5509.42,0.04
2026-09-08T05:27:16.452143,0000000000000005-0000000000000002,2,2,1938.1,0.06
2026-09-08T05:27:16.471053,0000000000000003-0000000000000002,1,2,3810.86,0.06
2026-09-08T05:27:18.821948,0000000000000003-0000000000000005,2,2,7658.19,0.06
2026-09-08T05:27:18.843975,0000000000000004-0000000000000006,2,2,7563.36,0.06
2026-09-08T05:27:18.862019,0000000000000002-0000000000000006,3,2,7563.36,0.06
2026-09-08T05:27:18.881161,0000000000000002-0000000000000003,2,1,5808.85,0.05
2026-09-08T05:27:18.906521,0000000000000001-0000000000000003,3,1,7776.74,0.06
2026-09-08T05:27:18.927673,0000000000000001-0000000000000002,2,2,5927.4,0.05
2026-09-08T05:27:18.945874,0000000000000003-0000000000000002,1,2,3793.53,0.06
2026-09-08T05:27:18.966665,0000000000000006-0000000000000003,2,1,1920.48,0.06
2026-09-08T05:27:18.984932,0000000000000004-0000000000000003,1,1,3817.24,0.06
2026-09-08T05:27:19.009825,0000000000000005-0000000000000003,2,2,1825.64,0.06
2026-09-08T05:27:21.391212,0000000000000003-0000000000000005,2,2,7845.59,0.06
2026-09-08T05:27:21.411715,0000000000000004-0000000000000006,2,2,8079.09,0.06
2026-09-08T05:27:21.432753,0000000000000001-0000000000000002,2,2,6117.69,0.05
2026-09-08T05:27:21.454229,0000000000000004-0000000000000003,1,1,4086.25,0.06
2026-09-08T05:27:21.475134,0000000000000001-0000000000000003,3,1,7705.49,0.06
2026-09-08T05:27:21.498206,0000000000000002-0000000000000004,3,1,8032.39,0.06
2026-09-08T05:27:21.519226,0000000000000005-0000000000000001,2,3,2054.8,0.06
2026-09-08T05:27:21.538512,0000000000000003-0000000000000001,1,3,4109.6,0.06
2026-09-08T05:27:21.559539,0000000000000006-0000000000000001,2,2,2078.15,0.07
2026-09-08T05:27:21.578644,0000000000000002-0000000000000005,2,2,6164.39,0.05
2026-09-08T05:27:23.680401,0000000000000003-0000000000000005,2,2,8046.93,0.06
2026-09-08T05:27:23.701022,0000000000000004-0000000000000006,2,2,8073.14,0.06
2026-09-08T05:27:23.719932,0000000000000001-0000000000000005,3,2,8230.41,0.07
2026-09-08T05:27:23.739580,0000000000000002-0000000000000004,3,1,8177.99,0.07
2026-09-08T05:27:23.763188,0000000000000006-0000000000000004,2,2,1887.23,0.06
2026-09-08T05:27:23.785627,0000000000000004-0000000000000002,1,3,3931.73,0.06
2026-09-08T05:27:23.806182,0000000000000001-0000000000000002,2,2,6395.61,0.05
2026-09-08T05:27:23.827717,0000000000000003-0000000000000001,1,3,4010.36,0.06
2026-09-08T05:27:23.848987,0000000000000002-0000000000000001,2,2,6238.34,0.05
2026-09-08T05:27:23.872238,0000000000000005-0000000000000003,2,2,1808.59,0.06
2026-09-08T05:27:26.313005,0000000000000003-0000000000000005,2,2,6951.61,0.06
2026-09-08T05:27:26.331680,0000000000000004-0000000000000006,2,2,6974.4,0.06
2026-09-08T05:27:26.352121,0000000000000001-0000000000000005,3,2,6769.27,0.05
2026-09-08T05:27:26.375702,0000000000000001-0000000000000004,2,1,5196.61,0.04
2026-09-08T05:27:26.397067,0000000000000002-0000000000000004,3,1,6814.86,0.05
2026-09-08T05:27:26.418809,0000000000000003-0000000000000001,1,3,3487.2,0.06
2026-09-08T05:27:26.438705,0000000000000005-0000000000000003,2,2,1686.62,0.06
2026-09-08T05:27:26.461447,0000000000000006-0000000000000003,2,1,1800.58,0.06
2026-09-08T05:27:26.480596,0000000000000004-0000000000000003,1,1,3715.12,0.06
2026-09-08T05:27:26.500241,0000000000000002-0000000000000003,2,1,5424.53,0.04
2026-09-08T05:27:29.031551,0000000000000003-0000000000000005,2,2,7349.21,0.06
2026-09-08T05:27:29.054222,0000000000000004-0000000000000006,2,2,7614.04,0.06
2026-09-08T05:27:29.072766,0000000000000001-0000000000000003,3,1,7084.37,0.06
2026-09-08T05:27:29.092248,0000000000000003-0000000000000004,1,1,3928.4,0.06
2026-09-08T05:27:29.111302,0000000000000002-0000000000000004,3,1,7327.14,0.06
2026-09-08T05:27:29.130037,0000000000000006-0000000000000004,2,2,1897.99,0.06
2026-09-08T05:27:29.148782,0000000000000001-0000000000000006,2,2,5583.63,0.04
2026-09-08T05:27:29.170047,0000000000000004-0000000000000003,1,1,3773.92,0.06
2026-09-08T05:27:29.189431,0000000000000002-0000000000000001,2,2,5561.56,0.05
2026-09-08T05:27:29.208422,0000000000000005-0000000000000002,2,2,1920.06,0.06
2026-09-08T05:27:31.710706,0000000000000003-0000000000000005,2,2,8040.48,0.06
2026-09-08T05:27:31.744444,0000000000000004-0000000000000006,2,2,8152.46,0.07
2026-09-08T05:27:31.772235,0000000000000001-0000000000000003,3,1,8062.88,0.06
2026-09-08T05:27:31.796926,0000000000000006-0000000000000003,2,1,1926.13,0.06
2026-09-08T05:27:31.817131,0000000000000004-0000000000000003,1,1,4076.23,0.06
2026-09-08T05:27:31.837986,0000000000000002-0000000000000003,2,1,6181.54,0.05
2026-09-08T05:27:31.862822,0000000000000005-0000000000000006,2,2,2105.31,0.06
2026-09-08T05:27:31.884617,0000000000000003-0000000000000006,1,2,4121.03,0.06
2026-09-08T05:27:31.904189,0000000000000001-0000000000000006,2,2,6226.33,0.05
2026-09-08T05:27:31.922721,0000000000000002-0000000000000006,3,2,8174.86,0.07
2026-09-08T05:27:34.413190,0000000000000003-0000000000000005,2,2,6882.21,0.06
2026-09-08T05:27:34.437036,0000000000000004-0000000000000006,2,2,7170.82,0.06
2026-09-08T05:27:34.459553,0000000000000002-0000000000000004,3,1,7082.02,0.06
2026-09-08T05:27:34.478486,0000000000000001-0000000000000004,2,1,5505.77,0.04
2026-09-08T05:27:34.497472,0000000000000001-0000000000000005,3,2,6904.41,0.06
2026-09-08T05:27:34.520827,0000000000000003-0000000000000001,1,3,3640.91,0.05
2026-09-08T05:27:34.542039,0000000000000005-0000000000000001,2,3,1798.26,0.05
2026-09-08T05:27:34.564847,0000000000000002-0000000000000001,2,2,5283.76,0.04
2026-09-08T05:27:34.587787,0000000000000006-0000000000000001,2,2,1731.65,0.06
2026-09-08T05:27:34.607462,0000000000000004-0000000000000001,1,2,3507.71,0.06
2026-09-08T05:28:32.775808,0000000000000003-0000000000000005,2,2,0.0,0.0
2026-09-08T05:28:32.803568,0000000000000004-0000000000000006,2,2,0.0,0.0
2026-09-08T05:28:32.827160,0000000000000002-0000000000000003,2,1,0.0,0.0
2026-09-08T05:28:32.846249,0000000000000001-0000000000000003,3,1,0.0,0.0
2026-09-08T05:28:32.866192,0000000000000002-0000000000000006,3,2,0.0,0.0
2026-09-08T05:28:32.888769,0000000000000004-0000000000000002,1,3,0.0,0.0
2026-09-08T05:28:32.908849,0000000000000006-0000000000000002,2,3,0.0,0.0
2026-09-08T05:28:32.929134,0000000000000005-0000000000000006,2,2,0.0,0.0
2026-09-08T05:28:32.951242,0000000000000003-0000000000000006,1,2,0.0,0.0
2026-09-08T05:28:32.971994,0000000000000001-0000000000000006,2,2,0.0,0.0
2026-09-08T05:28:35.503970,0000000000000003-0000000000000005,2,2,7320.92,0.06
2026-09-08T05:28:35.525062,0000000000000004-0000000000000006,2,2,7408.86,0.06
2026-09-08T05:28:35.545149,0000000000000001-0000000000000003,3,1,7189.01,0.06
2026-09-08T05:28:35.568632,0000000000000006-0000000000000003,2,1,1802.75,0.06
2026-09-08T05:28:35.588120,0000000000000004-0000000000000003,1,1,3759.39,0.06
2026-09-08T05:28:35.611188,0000000000000002-0000000000000003,2,1,5650.08,0.05
2026-09-08T05:28:35.629660,0000000000000005-0000000000000006,2,2,1846.72,0.06
2026-09-08T05:28:35.648215,0000000000000003-0000000000000006,1,2,3737.41,0.06
2026-09-08T05:28:35.670966,0000000000000001-0000000000000006,2,2,5474.2,0.04
2026-09-08T05:28:35.692143,0000000000000002-0000000000000006,3,2,7320.92,0.06
2026-09-08T05:28:38.264559,0000000000000003-0000000000000005,2,2,7346.65,0.06
2026-09-08T05:28:38.286537,0000000000000004-0000000000000006,2,2,7346.65,0.06
2026-09-08T05:28:38.312223,0000000000000002-0000000000000005,2,2,5542.59,0.05
2026-09-08T05:28:38.334228,0000000000000001-0000000000000005,3,2,7151.03,0.06
2026-09-08T05:28:38.354371,0000000000000002-0000000000000004,3,1,7259.71,0.06
2026-09-08T05:28:38.377299,0000000000000006-0000000000000002,2,3,1738.85,0.06
2026-09-08T05:28:38.396061,0000000000000004-0000000000000002,1,3,3564.65,0.06
2026-09-08T05:28:38.420155,0000000000000005-0000000000000002,2,2,1847.53,0.06
2026-09-08T05:28:38.441044,0000000000000003-0000000000000002,1,2,3760.27,0.06
2026-09-08T05:28:38.464636,0000000000000001-0000000000000002,2,2,5694.74,0.05
2026-09-08T05:28:40.881410,0000000000000003-0000000000000005,2,2,7704.24,0.06
2026-09-08T05:28:40.904427,0000000000000004-0000000000000006,2,2,7864.75,0.06
2026-09-08T05:28:40.924795,0000000000000001-0000000000000005,3,2,7727.17,0.06
2026-09-08T05:28:40.945511,0000000000000004-0000000000000005,1,2,3829.19,0.06
2026-09-08T05:28:40.970697,0000000000000002-0000000000000005,2,2,5824.04,0.05
2026-09-08T05:28:40.990748,0000000000000006-0000000000000004,2,2,1903.13,0.06
2026-09-08T05:28:41.011983,0000000000000005-0000000000000004,2,1,1926.06,0.06
2026-09-08T05:28:41.033612,0000000000000003-0000000000000004,1,1,3989.7,0.06
2026-09-08T05:28:41.052605,0000000000000001-0000000000000004,2,1,5961.62,0.05
2026-09-08T05:28:41.073867,0000000000000002-0000000000000004,3,1,7818.89,0.06
2026-09-08T05:28:43.619039,0000000000000003-0000000000000005,2,2,6859.94,0.05
2026-09-08T05:28:43.641666,0000000000000004-0000000000000006,2,2,7101.03,0.06
2026-09-08T05:28:43.662121,0000000000000002-0000000000000004,3,1,6991.45,0.06
2026-09-08T05:28:43.684366,0000000000000006-0000000000000002,2,3,1797.17,0.06
2026-09-08T05:28:43.704925,0000000000000001-0000000000000004,2,1,5238.1,0.04
2026-09-08T05:28:43.725137,0000000000000005-0000000000000001,2,3,1797.17,0.06
2026-09-08T05:28:43.748295,0000000000000003-0000000000000001,1,3,3506.68,0.05
2026-09-08T05:28:43.773548,0000000000000004-0000000000000001,1,2,3638.18,0.06
2026-09-08T05:28:43.798085,0000000000000002-0000000000000001,2,2,5303.86,0.04
2026-09-08T05:28:43.822035,0000000000000001-0000000000000005,3,2,6728.44,0.05
2026-09-08T05:28:46.362652,0000000000000003-0000000000000005,2,2,7522.17,0.06
2026-09-08T05:28:46.387508,0000000000000004-0000000000000006,2,2,7587.77,0.06
2026-09-08T05:28:46.410838,0000000000000001-0000000000000004,2,1,5729.1,0.05
2026-09-08T05:28:46.431730,0000000000000002-0000000000000004,3,1,7500.31,0.06
2026-09-08T05:28:46.453457,0000000000000005-0000000000000001,2,3,1836.81,0.06
2026-09-08T05:28:46.471264,0000000000000003-0000000000000001,1,3,3804.82,0.06
2026-09-08T05:28:46.491602,0000000000000006-0000000000000005,2,2,1749.34,0.06
2026-09-08T05:28:46.512200,0000000000000004-0000000000000005,1,2,3739.22,0.06
2026-09-08T05:28:46.529891,0000000000000002-0000000000000005,2,2,5750.96,0.05
2026-09-08T05:28:46.551408,0000000000000001-0000000000000005,3,2,7522.17,0.06
2026-09-08T05:28:49.095897,0000000000000003-0000000000000005,2,2,7728.61,0.06
2026-09-08T05:28:49.120535,0000000000000004-0000000000000006,2,2,7662.74,0.06
2026-09-08T05:28:49.144798,0000000000000001-0000000000000004,2,1,5774.5,0.05
2026-09-08T05:28:49.162963,0000000000000002-0000000000000004,3,1,7596.87,0.06
2026-09-08T05:28:49.181934,0000000000000003-0000000000000001,1,3,3776.48,0.06
2026-09-08T05:28:49.208855,0000000000000005-0000000000000001,2,3,1844.33,0.06
2026-09-08T05:28:49.226866,0000000000000006-0000000000000005,2,2,1866.28,0.06
2026-09-08T05:28:49.246277,0000000000000004-0000000000000005,1,2,3908.22,0.06
2026-09-08T05:28:49.263622,0000000000000002-0000000000000005,2,2,5928.19,0.05
2026-09-08T05:28:49.281648,0000000000000001-0000000000000005,3,2,7706.65,0.06
2026-09-08T05:28:51.856911,0000000000000003-0000000000000005,2,2,7496.08,0.06
2026-09-08T05:28:51.878615,0000000000000004-0000000000000006,2,2,7496.08,0.06
2026-09-08T05:28:51.901985,0000000000000002-0000000000000003,2,1,5692.68,0.05
2026-09-08T05:28:51.922681,0000000000000004-0000000000000002,1,3,3780.63,0.06
2026-09-08T05:28:51.942227,0000000000000006-0000000000000002,2,3,1868.59,0.06
2026-09-08T05:28:51.964358,0000000000000001-0000000000000005,3,2,7343.99,0.06
2026-09-08T05:28:51.985487,0000000000000005-0000000000000006,2,2,1825.13,0.06
2026-09-08T05:28:52.006640,0000000000000003-0000000000000006,1,2,3780.63,0.06
2026-09-08T05:28:52.027559,0000000000000001-0000000000000006,2,2,5584.04,0.04
2026-09-08T05:28:52.046904,0000000000000002-0000000000000006,3,2,7430.9,0.06
2026-09-08T05:28:54.569920,0000000000000003-0000000000000005,2,2,7719.12,0.06
2026-09-08T05:28:54.590707,0000000000000004-0000000000000006,2,2,7873.95,0.06
2026-09-08T05:28:54.610626,0000000000000002-0000000000000001,2,2,5750.64,0.05
2026-09-08T05:28:54.631177,0000000000000004-0000000000000005,1,2,3760.03,0.06
2026-09-08T05:28:54.649114,0000000000000001-0000000000000005,3,2,7697.0,0.06
2026-09-08T05:28:54.671498,0000000000000005-0000000000000006,2,2,1990.6,0.06
2026-09-08T05:28:54.690034,0000000000000002-0000000000000004,3,1,7807.59,0.06
2026-09-08T05:28:54.708169,0000000000000003-0000000000000004,1,1,4047.56,0.06
2026-09-08T05:28:54.729618,0000000000000001-0000000000000004,2,1,6060.29,0.05
2026-09-08T05:28:54.750185,0000000000000006-0000000000000004,2,2,1747.31,0.06
2026-09-08T05:28:57.242172,0000000000000003-0000000000000005,2,2,7721.91,0.06
2026-09-08T05:28:57.263306,0000000000000004-0000000000000006,2,2,7474.99,0.06
2026-09-08T05:28:57.285254,0000000000000001-0000000000000003,3,1,7677.02,0.06
2026-09-08T05:28:57.308059,0000000000000006-0000000000000003,2,1,1952.93,0.06
2026-09-08T05:28:57.328136,0000000000000004-0000000000000003,1,1,3950.75,0.06
2026-09-08T05:28:57.349087,0000000000000002-0000000000000003,2,1,5858.78,0.05
2026-09-08T05:28:57.371537,0000000000000005-0000000000000006,2,2,1885.58,0.06
2026-09-08T05:28:57.391213,0000000000000003-0000000000000006,1,2,3771.17,0.06
2026-09-08T05:28:57.412981,0000000000000001-0000000000000006,2,2,5701.64,0.05
2026-09-08T05:28:57.434330,0000000000000002-0000000000000006,3,2,7430.1,0.06
2026-09-08T05:28:59.912955,0000000000000003-0000000000000005,2,2,7572.1,0.06
2026-09-08T05:28:59.933943,0000000000000004-0000000000000006,2,2,7639.51,0.06
2026-09-08T05:28:59.953996,0000000000000001-0000000000000003,3,1,7482.23,0.06
2026-09-08T05:28:59.976586,0000000000000002-0000000000000006,3,2,7572.1,0.06
2026-09-08T05:28:59.997434,0000000000000002-0000000000000003,2,1,5684.69,0.05
2026-09-08T05:29:00.020372,0000000000000004-0000000000000002,1,3,3707.41,0.06
2026-09-08T05:29:00.048032,0000000000000006-0000000000000002,2,3,1797.53,0.06
2026-09-08T05:29:00.068393,0000000000000001-0000000000000002,2,2,5819.51,0.05
2026-09-08T05:29:00.091465,0000000000000005-0000000000000002,2,2,1977.28,0.06
2026-09-08T05:29:00.109269,0000000000000003-0000000000000002,1,2,3932.1,0.06
2026-09-08T05:29:02.567681,0000000000000003-0000000000000005,2,2,7323.11,0.06
2026-09-08T05:29:02.588475,0000000000000004-0000000000000006,2,2,7413.52,0.06
2026-09-08T05:29:02.607527,0000000000000006-0000000000000003,2,1,1830.78,0.06
2026-09-08T05:29:02.626084,0000000000000004-0000000000000003,1,1,3797.17,0.06
2026-09-08T05:29:02.648765,0000000000000002-0000000000000003,2,1,5695.75,0.05
2026-09-08T05:29:02.671765,0000000000000001-0000000000000003,3,1,7345.71,0.06
2026-09-08T05:29:02.691696,0000000000000005-0000000000000003,2,2,1830.78,0.06
2026-09-08T05:29:02.709455,0000000000000003-0000000000000006,1,2,3684.16,0.06
2026-09-08T05:29:02.728078,0000000000000001-0000000000000006,2,2,5673.15,0.05
2026-09-08T05:29:02.747001,0000000000000002-0000000000000006,3,2,7345.71,0.06
2026-09-08T05:29:05.182480,0000000000000003-0000000000000005,2,2,7457.15,0.06
2026-09-08T05:29:05.202450,0000000000000004-0000000000000006,2,2,7594.82,0.06
2026-09-08T05:29:05.224563,0000000000000004-0000000000000002,1,3,3671.21,0.06
2026-09-08T05:29:05.243441,0000000000000005-0000000000000006,2,2,1950.33,0.06
2026-09-08T05:29:05.265343,0000000000000002-0000000000000005,2,2,5713.33,0.05
2026-09-08T05:29:05.285465,0000000000000001-0000000000000005,3,2,7319.48,0.06
2026-09-08T05:29:05.304067,0000000000000006-0000000000000004,2,2,1766.77,0.06
2026-09-08T05:29:05.330375,0000000000000003-0000000000000004,1,1,3854.77,0.06
2026-09-08T05:29:05.348971,0000000000000001-0000000000000004,2,1,5713.33,0.05
2026-09-08T05:29:05.367536,0000000000000002-0000000000000004,3,1,7548.93,0.06
2026-09-08T05:29:07.485170,0000000000000003-0000000000000005,2,2,8346.23,0.07
2026-09-08T05:29:07.507278,0000000000000004-0000000000000006,2,2,8241.9,0.07
2026-09-08T05:29:07.526079,0000000000000001-0000000000000005,3,2,8502.72,0.07
2026-09-08T05:29:07.547005,0000000000000002-0000000000000006,3,2,8424.48,0.07
2026-09-08T05:29:07.568620,0000000000000002-0000000000000005,2,2,6364.0,0.05
2026-09-08T05:29:07.588379,0000000000000001-0000000000000006,2,2,6494.41,0.05
2026-09-08T05:29:07.610771,0000000000000003-0000000000000006,1,2,4120.95,0.06
2026-09-08T05:29:07.629948,0000000000000004-0000000000000005,1,2,4042.71,0.06
2026-09-08T05:29:07.651648,0000000000000005-0000000000000006,2,2,1930.07,0.06
2026-09-08T05:29:07.679648,0000000000000006-0000000000000005,2,2,1851.82,0.06
2026-09-08T05:29:10.040398,0000000000000003-0000000000000005,2,2,7534.19,0.06
2026-09-08T05:29:10.061429,0000000000000004-0000000000000006,2,2,7534.19,0.06
2026-09-08T05:29:10.085181,0000000000000002-0000000000000006,3,2,7393.37,0.06
2026-09-08T05:29:10.105735,0000000000000003-0000000000000002,1,2,3872.72,0.06
2026-09-08T05:29:10.124362,0000000000000001-0000000000000002,2,2,5609.57,0.04
2026-09-08T05:29:10.146464,0000000000000006-0000000000000003,2,1,1807.27,0.06
2026-09-08T05:29:10.168580,0000000000000004-0000000000000003,1,1,3755.36,0.06
2026-09-08T05:29:10.188508,0000000000000002-0000000000000003,2,1,5586.1,0.05
2026-09-08T05:29:10.208187,0000000000000001-0000000000000003,3,1,7276.01,0.06
2026-09-08T05:29:10.230044,0000000000000005-0000000000000003,2,2,1924.62,0.06
2026-09-08T05:29:12.749157,0000000000000003-0000000000000005,2,2,7041.0,0.06
2026-09-08T05:29:12.773620,0000000000000004-0000000000000006,2,2,7417.41,0.06
2026-09-08T05:29:12.796457,0000000000000001-0000000000000005,3,2,7018.86,0.06
2026-09-08T05:29:12.816808,0000000000000001-0000000000000002,2,2,5513.24,0.04
2026-09-08T05:29:12.839089,0000000000000005-0000000000000001,2,3,1904.17,0.06
2026-09-08T05:29:12.859022,0000000000000003-0000000000000001,1,3,3764.06,0.06
2026-09-08T05:29:12.880146,0000000000000002-0000000000000001,2,2,5380.39,0.04
2026-09-08T05:29:12.902390,0000000000000004-0000000000000001,1,2,3653.35,0.06
2026-09-08T05:29:12.921680,0000000000000006-0000000000000004,2,2,1815.6,0.06
2026-09-08T05:29:12.942738,0000000000000002-0000000000000004,3,1,7218.14,0.06
2026-09-08T05:29:15.480456,0000000000000003-0000000000000005,2,2,7380.75,0.06
2026-09-08T05:29:15.506452,0000000000000004-0000000000000006,2,2,7424.68,0.06
2026-09-08T05:29:15.527868,0000000000000003-0000000000000006,1,2,3800.21,0.06
2026-09-08T05:29:15.550686,0000000000000001-0000000000000006,2,2,5645.39,0.05
2026-09-08T05:29:15.572195,0000000000000002-0000000000000006,3,2,7336.81,0.06
2026-09-08T05:29:15.593456,0000000000000006-0000000000000003,2,1,1757.32,0.06
2026-09-08T05:29:15.616001,0000000000000004-0000000000000003,1,1,3646.44,0.06
2026-09-08T05:29:15.636311,0000000000000002-0000000000000003,2,1,5579.49,0.05
2026-09-08T05:29:15.657621,0000000000000001-0000000000000003,3,1,7270.91,0.06
2026-09-08T05:29:15.678417,0000000000000005-0000000000000003,2,2,1801.25,0.06
2026-09-08T05:29:18.146043,0000000000000003-0000000000000005,2,2,7855.37,0.06
2026-09-08T05:29:18.168293,0000000000000004-0000000000000006,2,2,7675.3,0.06
2026-09-08T05:29:18.189081,0000000000000005-0000000000000004,2,1,1868.18,0.06
2026-09-08T05:29:18.210151,0000000000000003-0000000000000004,1,1,3893.92,0.06
2026-09-08T05:29:18.230377,0000000000000001-0000000000000004,2,1,5874.65,0.05
2026-09-08T05:29:18.253720,0000000000000002-0000000000000004,3,1,7607.78,0.06
2026-09-08T05:29:18.276968,0000000000000006-0000000000000005,2,2,1890.69,0.06
2026-09-08T05:29:18.295295,0000000000000004-0000000000000005,1,2,3871.41,0.06
2026-09-08T05:29:18.315244,0000000000000002-0000000000000005,2,2,5852.14,0.05
2026-09-08T05:29:18.332508,0000000000000001-0000000000000005,3,2,7765.34,0.06
2026-09-08T05:29:20.864634,0000000000000003-0000000000000005,2,2,7216.75,0.06
2026-09-08T05:29:20.888450,0000000000000004-0000000000000006,2,2,7260.89,0.06
2026-09-08T05:29:20.906822,0000000000000003-0000000000000006,1,2,3619.41,0.06
2026-09-08T05:29:20.926084,0000000000000001-0000000000000006,2,2,5473.26,0.04
2026-09-08T05:29:20.947778,0000000000000002-0000000000000006,3,2,7216.75,0.06
2026-09-08T05:29:20.970640,0000000000000001-0000000000000003,3,1,7150.55,0.06
2026-09-08T05:29:20.990577,0000000000000006-0000000000000003,2,1,1721.43,0.06
2026-09-08T05:29:21.008309,0000000000000004-0000000000000003,1,1,3575.27,0.06
2026-09-08T05:29:21.027020,0000000000000002-0000000000000003,2,1,5384.98,0.04
2026-09-08T05:29:21.046996,0000000000000005-0000000000000003,2,2,1765.57,0.06
2026-09-08T05:29:23.575154,0000000000000003-0000000000000005,2,2,7106.03,0.06
2026-09-08T05:29:23.597824,0000000000000004-0000000000000006,2,2,7194.57,0.06
2026-09-08T05:29:23.619464,0000000000000001-0000000000000003,3,1,7128.16,0.06
2026-09-08T05:29:23.643141,0000000000000005-0000000000000001,2,3,1770.97,0.06
2026-09-08T05:29:23.664212,0000000000000002-0000000000000001,2,2,5379.33,0.04
2026-09-08T05:29:23.683228,0000000000000002-0000000000000004,3,1,7106.03,0.06
2026-09-08T05:29:23.705487,0000000000000003-0000000000000004,1,1,3630.49,0.06
2026-09-08T05:29:23.724243,0000000000000001-0000000000000004,2,1,5578.56,0.04
2026-09-08T05:29:23.742664,0000000000000006-0000000000000005,2,2,1815.25,0.06
2026-09-08T05:29:23.765352,0000000000000004-0000000000000005,1,2,3564.08,0.06
2026-09-08T05:29:26.217622,0000000000000003-0000000000000005,2,2,7789.2,0.06
2026-09-08T05:29:26.239127,0000000000000004-0000000000000006,2,2,654779.38,5.24
2026-09-08T05:29:26.259100,0000000000000001-0000000000000005,3,2,7721.08,0.06
2026-09-08T05:29:26.280828,0000000000000002-0000000000000004,3,1,356459.73,2.85
2026-09-08T05:29:26.305917,0000000000000001-0000000000000002,2,2,166078.44,1.33
2026-09-08T05:29:26.325825,0000000000000003-0000000000000001,1,3,4042.21,0.06
2026-09-08T05:29:26.346483,0000000000000005-0000000000000001,2,3,1930.27,0.06
2026-09-08T05:29:26.370375,0000000000000002-0000000000000001,2,2,7254.03,2.84
2026-09-08T05:29:26.395309,0000000000000006-0000000000000001,2,2,4417.67,8.02
2026-09-08T05:29:26.415764,0000000000000004-0000000000000001,1,2,5900.57,5.24
2026-09-08T05:29:28.794371,0000000000000003-0000000000000005,2,2,7542.41,0.06
2026-09-08T05:29:28.819259,0000000000000004-0000000000000006,2,2,7396299.42,59.17
2026-09-08T05:29:28.838545,0000000000000001-0000000000000005,3,2,7565.69,0.06
2026-09-08T05:29:28.860286,0000000000000002-0000000000000006,3,2,7447279.0,59.58
2026-09-08T05:29:28.886983,0000000000000002-0000000000000005,2,2,20611.28,59.56
2026-09-08T05:29:28.907414,0000000000000001-0000000000000006,2,2,7512979.48,60.1
2026-09-08T05:29:28.927124,0000000000000004-0000000000000005,1,2,18553.41,59.17
2026-09-08T05:29:28.949573,0000000000000003-0000000000000006,1,2,3980.72,0.06
2026-09-08T05:29:28.971572,0000000000000005-0000000000000006,2,2,2048.56,0.06
2026-09-08T05:29:28.994581,0000000000000006-0000000000000005,2,2,16898.27,59.99
2026-09-08T05:29:31.270969,0000000000000003-0000000000000005,2,2,8165.07,0.07
2026-09-08T05:29:31.294974,0000000000000004-0000000000000006,2,2,7857697.75,62.86
2026-09-08T05:29:31.316890,0000000000000001-0000000000000003,3,1,8116.61,0.06
2026-09-08T05:29:31.336476,0000000000000002-0000000000000004,3,1,7963816.16,63.71
2026-09-08T05:29:31.358362,0000000000000004-0000000000000005,1,2,19840.87,62.86
2026-09-08T05:29:31.378970,0000000000000002-0000000000000005,2,2,22307.35,63.69
2026-09-08T05:29:31.398770,0000000000000001-0000000000000006,2,2,8039803.77,64.32
2026-09-08T05:29:31.420188,0000000000000005-0000000000000004,2,1,1986.75,0.06
2026-09-08T05:29:31.441189,0000000000000003-0000000000000004,1,1,4191.56,0.06
2026-09-08T05:29:31.463071,0000000000000006-0000000000000001,2,2,17052.15,60.65
2026-09-08T05:29:33.866289,0000000000000003-0000000000000005,2,2,7746.26,0.06
2026-09-08T05:29:33.901228,0000000000000004-0000000000000006,2,2,7549502.02,60.4
2026-09-08T05:29:33.921874,0000000000000001-0000000000000004,2,1,7371843.77,58.97
2026-09-08T05:29:33.941475,0000000000000005-0000000000000003,2,2,1896.1,0.06
2026-09-08T05:29:33.963554,0000000000000002-0000000000000003,2,1,20972.7,59.78
2026-09-08T05:29:33.985843,0000000000000001-0000000000000003,3,1,7630.64,0.06
2026-09-08T05:29:34.008191,0000000000000006-0000000000000002,2,3,17104.19,60.48
2026-09-08T05:29:34.027510,0000000000000003-0000000000000002,1,2,3954.06,0.06
2026-09-08T05:29:34.050238,0000000000000004-0000000000000001,1,2,19229.21,60.4
2026-09-08T05:29:34.072303,0000000000000002-0000000000000004,3,1,7474969.94,59.8
2026-09-08T05:29:36.920977,0000000000000003-0000000000000005,2,2,6836.95,0.05
2026-09-08T05:29:36.941875,0000000000000004-0000000000000006,2,2,7317824.94,58.54
2026-09-08T05:29:36.963412,0000000000000002-0000000000000005,2,2,19976.46,58.35
2026-09-08T05:29:36.981039,0000000000000001-0000000000000005,3,2,6797.65,0.05
2026-09-08T05:29:37.001158,0000000000000001-0000000000000006,2,2,7347817.79,58.78
2026-09-08T05:29:37.021825,0000000000000002-0000000000000006,3,2,7295003.68,58.36
2026-09-08T05:29:37.040541,0000000000000004-0000000000000003,1,1,18271.15,58.54
2026-09-08T05:29:37.066781,0000000000000003-0000000000000001,1,3,3536.35,0.05
2026-09-08T05:29:37.086985,0000000000000006-0000000000000001,2,2,16675.86,59.32
2026-09-08T05:29:37.104472,0000000000000005-0000000000000002,2,2,1748.53,0.05
2026-09-08T05:29:40.010647,0000000000000003-0000000000000005,2,2,7686.84,0.06
2026-09-08T05:29:40.029109,0000000000000004-0000000000000006,2,2,7412304.5,59.3
2026-09-08T05:29:40.053439,0000000000000002-0000000000000001,2,2,20577.83,58.01
2026-09-08T05:29:40.071533,0000000000000003-0000000000000002,1,2,4056.95,0.06
2026-09-08T05:29:40.089558,0000000000000001-0000000000000006,2,2,7144082.2,57.15
2026-09-08T05:29:40.110078,0000000000000001-0000000000000003,3,1,7434.5,0.06
2026-09-08T05:29:40.129210,0000000000000006-0000000000000001,2,2,17235.22,60.23
2026-09-08T05:29:40.148089,0000000000000004-0000000000000001,1,2,19133.64,59.3
2026-09-08T05:29:40.169368,0000000000000005-0000000000000002,2,2,2018.77,0.06
2026-09-08T05:29:40.187558,0000000000000002-0000000000000004,3,1,7253395.84,58.03
2026-09-08T05:29:42.917510,0000000000000003-0000000000000005,2,2,8155.19,0.07
2026-09-08T05:29:42.940978,0000000000000004-0000000000000006,2,2,7703019.47,61.62
2026-09-08T05:29:42.963673,0000000000000001-0000000000000004,2,1,7722433.64,61.78
2026-09-08T05:29:42.987983,0000000000000002-0000000000000004,3,1,7724147.26,61.79
2026-09-08T05:29:43.008882,0000000000000001-0000000000000005,3,2,8134.54,0.07
2026-09-08T05:29:43.028504,0000000000000003-0000000000000001,1,3,4191.15,0.07
2026-09-08T05:29:43.050061,0000000000000005-0000000000000001,2,3,1940.73,0.06
2026-09-08T05:29:43.072381,0000000000000002-0000000000000001,2,2,21831.13,61.78
2026-09-08T05:29:43.093289,0000000000000006-0000000000000001,2,2,17158.93,60.71
2026-09-08T05:29:43.115245,0000000000000004-0000000000000001,1,2,19551.81,61.62
2026-09-08T05:29:45.763537,0000000000000003-0000000000000005,2,2,7798.49,0.06
2026-09-08T05:29:45.784980,0000000000000004-0000000000000006,2,2,7642004.08,61.14
2026-09-08T05:29:45.806711,0000000000000002-0000000000000006,3,2,7758801.64,62.07
2026-09-08T05:29:45.826249,0000000000000001-0000000000000005,3,2,7819.57,0.06
2026-09-08T05:29:45.852704,0000000000000002-0000000000000001,2,2,21669.27,62.05
2026-09-08T05:29:45.870021,0000000000000005-0000000000000001,2,3,1875.85,0.06
2026-09-08T05:29:45.892455,0000000000000004-0000000000000002,1,3,19355.02,61.13
2026-09-08T05:29:45.913246,0000000000000006-0000000000000002,2,3,17122.96,60.42
2026-09-08T05:29:45.932465,0000000000000001-0000000000000002,2,2,7815314.02,62.52
2026-09-08T05:29:45.956811,0000000000000003-0000000000000002,1,2,4004.63,0.06
2026-09-08T05:29:48.522983,0000000000000003-0000000000000005,2,2,8154.16,0.07
2026-09-08T05:29:48.545362,0000000000000004-0000000000000006,2,2,7671116.3,61.37
2026-09-08T05:29:48.565461,0000000000000001-0000000000000005,3,2,8154.16,0.07
2026-09-08T05:29:48.596393,0000000000000004-0000000000000005,1,2,19491.71,61.37
2026-09-08T05:29:48.614717,0000000000000001-0000000000000004,2,1,7847233.9,62.78
2026-09-08T05:29:48.635302,0000000000000003-0000000000000002,1,2,4044.46,0.06
2026-09-08T05:29:48.655686,0000000000000005-0000000000000006,2,2,1935.25,0.06
2026-09-08T05:29:48.675793,0000000000000002-0000000000000006,3,2,7801311.11,62.41
2026-09-08T05:29:48.699718,0000000000000006-0000000000000003,2,1,17078.08,60.4
2026-09-08T05:29:48.720499,0000000000000002-0000000000000003,2,1,21974.93,62.4
2026-09-08T05:29:51.235678,0000000000000003-0000000000000005,2,2,7543.26,0.06
2026-09-08T05:29:51.256494,0000000000000004-0000000000000006,2,2,7561277.77,60.49
2026-09-08T05:29:51.275026,0000000000000001-0000000000000005,3,2,7543.26,0.06
2026-09-08T05:29:51.297381,0000000000000002-0000000000000006,3,2,7635328.52,61.08
2026-09-08T05:29:51.317258,0000000000000001-0000000000000006,2,2,7704882.82,61.64
2026-09-08T05:29:51.337458,0000000000000005-0000000000000002,2,2,1858.16,0.06
2026-09-08T05:29:51.356571,0000000000000003-0000000000000004,1,1,3871.17,0.06
2026-09-08T05:29:51.377971,0000000000000002-0000000000000005,2,2,21034.85,60.97
2026-09-08T05:29:51.397283,0000000000000006-0000000000000001,2,2,16922.56,60.1
2026-09-08T05:29:51.416473,0000000000000004-0000000000000005,1,2,18944.42,60.49
2026-09-08T05:29:54.108691,0000000000000003-0000000000000005,2,2,6765.15,0.05
2026-09-08T05:29:54.129004,0000000000000004-0000000000000006,2,2,7319787.54,58.56
2026-09-08T05:29:54.154891,0000000000000002-0000000000000006,3,2,7295470.58,58.36
2026-09-08T05:29:54.174831,0000000000000006-0000000000000002,2,3,16729.13,59.95
2026-09-08T05:29:54.199144,0000000000000003-0000000000000002,1,2,3528.74,0.05
2026-09-08T05:29:54.222494,0000000000000001-0000000000000004,2,1,7226686.0,57.81
2026-09-08T05:29:54.241035,0000000000000005-0000000000000001,2,3,1753.93,0.05
2026-09-08T05:29:54.260458,0000000000000004-0000000000000001,1,2,18159.41,58.56
2026-09-08T05:29:54.279783,0000000000000002-0000000000000003,2,1,19723.33,58.45
2026-09-08T05:29:54.302833,0000000000000001-0000000000000005,3,2,6639.87,0.05
2026-09-08T05:29:56.792855,0000000000000003-0000000000000005,2,2,7421.13,0.06
2026-09-08T05:29:56.817535,0000000000000004-0000000000000006,2,2,7617457.53,60.94
2026-09-08T05:29:56.842421,0000000000000002-0000000000000001,2,2,20944.57,60.72
2026-09-08T05:29:56.862725,0000000000000004-0000000000000002,1,3,19049.05,60.94
2026-09-08T05:29:56.880239,0000000000000001-0000000000000002,2,2,7638655.43,61.11
2026-09-08T05:29:56.901483,0000000000000003-0000000000000006,1,2,3777.62,0.06
2026-09-08T05:29:56.919923,0000000000000001-0000000000000003,3,1,7421.13,0.06
2026-09-08T05:29:56.941228,0000000000000002-0000000000000004,3,1,7591470.18,60.73
2026-09-08T05:29:56.961380,0000000000000006-0000000000000004,2,2,16930.0,60.13
2026-09-08T05:29:56.981417,0000000000000005-0000000000000006,2,2,1832.93,0.06
2026-09-08T05:29:59.447986,0000000000000003-0000000000000005,2,2,8000.65,0.06
2026-09-08T05:29:59.470257,0000000000000004-0000000000000006,2,2,7577285.92,60.62
2026-09-08T05:29:59.489868,0000000000000002-0000000000000004,3,1,7590310.7,60.72
2026-09-08T05:29:59.506931,0000000000000001-0000000000000003,3,1,7932.84,0.06
2026-09-08T05:29:59.525937,0000000000000004-0000000000000002,1,3,19147.31,60.62
2026-09-08T05:29:59.547092,0000000000000002-0000000000000005,2,2,21296.64,60.71
2026-09-08T05:29:59.569452,0000000000000006-0000000000000001,2,2,17040.93,60.43
2026-09-08T05:29:59.589620,0000000000000001-0000000000000006,2,2,7552078.61,60.42
2026-09-08T05:29:59.607640,0000000000000005-0000000000000002,2,2,1988.86,0.06
2026-09-08T05:29:59.625419,0000000000000003-0000000000000002,1,2,4135.93,0.06
2026-09-08T05:30:02.199706,0000000000000003-0000000000000005,2,2,7567.77,0.06
2026-09-08T05:30:02.219969,0000000000000004-0000000000000006,2,2,7525060.51,60.2
2026-09-08T05:30:02.239605,0000000000000001-0000000000000003,3,1,7393.29,0.06
2026-09-08T05:30:02.262081,0000000000000001-0000000000000006,2,2,7427707.49,59.42
2026-09-08T05:30:02.280522,0000000000000003-0000000000000006,1,2,3969.26,0.06
2026-09-08T05:30:02.304928,0000000000000002-0000000000000004,3,1,7467419.72,59.74
2026-09-08T05:30:02.325256,0000000000000006-0000000000000003,2,1,16923.88,60.2
2026-09-08T05:30:02.346438,0000000000000004-0000000000000003,1,1,18930.32,60.2
2026-09-08T05:30:02.369156,0000000000000005-0000000000000003,2,2,1897.39,0.06
2026-09-08T05:30:02.390492,0000000000000002-0000000000000001,2,2,20729.57,59.73
2026-09-08T05:30:05.009734,0000000000000003-0000000000000005,2,2,7536.63,0.06
2026-09-08T05:30:05.033386,0000000000000004-0000000000000006,2,2,7484602.8,59.88
2026-09-08T05:30:05.055743,0000000000000002-0000000000000005,2,2,20635.0,60.41
2026-09-08T05:30:05.074211,0000000000000001-0000000000000003,3,1,7557.98,0.06
2026-09-08T05:30:05.097013,0000000000000002-0000000000000004,3,1,7553381.86,60.43
2026-09-08T05:30:05.118328,0000000000000006-0000000000000004,2,2,16537.89,60.12
2026-09-08T05:30:05.139088,0000000000000001-0000000000000006,2,2,7623210.65,60.99
2026-09-08T05:30:05.159647,0000000000000003-0000000000000006,1,2,3821.69,0.06
2026-09-08T05:30:05.178719,0000000000000004-0000000000000005,1,2,18461.55,59.88
2026-09-08T05:30:05.201579,0000000000000005-0000000000000004,2,1,1900.17,0.06
2026-09-08T05:30:07.665547,0000000000000003-0000000000000005,2,2,8020.47,0.06
2026-09-08T05:30:07.688234,0000000000000004-0000000000000006,2,2,7566307.56,60.53
2026-09-08T05:30:07.706487,0000000000000002-0000000000000005,2,2,17475.6,60.12
2026-09-08T05:30:07.727673,0000000000000001-0000000000000005,3,2,7907.51,0.06
2026-09-08T05:30:07.747220,0000000000000005-0000000000000004,2,1,1988.17,0.06
2026-09-08T05:30:07.770197,0000000000000003-0000000000000004,1,1,4179.68,0.06
2026-09-08T05:30:07.790842,0000000000000006-0000000000000001,2,2,13365.95,60.17
2026-09-08T05:30:07.810782,0000000000000004-0000000000000001,1,2,15539.39,60.53
2026-09-08T05:30:07.836951,0000000000000001-0000000000000006,2,2,7470085.21,59.76
2026-09-08T05:30:07.856209,0000000000000002-0000000000000006,3,2,7521502.86,60.17
2026-09-08T05:30:10.480961,0000000000000003-0000000000000005,2,2,7840.98,0.06
2026-09-08T05:30:10.502599,0000000000000004-0000000000000006,2,2,7494063.75,59.95
2026-09-08T05:30:10.523263,0000000000000001-0000000000000006,2,2,7417651.13,59.34
2026-09-08T05:30:10.543487,0000000000000002-0000000000000006,3,2,7442872.94,59.54
2026-09-08T05:30:10.562604,0000000000000003-0000000000000001,1,3,4048.33,0.06
2026-09-08T05:30:10.584466,0000000000000005-0000000000000001,2,3,1917.63,0.06
2026-09-08T05:30:10.603932,0000000000000006-0000000000000005,2,2,13299.84,60.14
2026-09-08T05:30:10.622118,0000000000000004-0000000000000005,1,2,15343.18,59.95
2026-09-08T05:30:10.644063,0000000000000002-0000000000000005,2,2,17275.72,59.56
2026-09-08T05:30:10.662065,0000000000000001-0000000000000005,3,2,7713.14,0.06
2026-09-08T05:30:13.227558,0000000000000003-0000000000000005,2,2,7953.07,0.06
2026-09-08T05:30:13.254072,0000000000000004-0000000000000006,2,2,7489356.58,59.91
2026-09-08T05:30:13.275227,0000000000000001-0000000000000005,3,2,7974.92,0.06
2026-09-08T05:30:13.295230,0000000000000002-0000000000000004,3,1,7560867.23,60.49
2026-09-08T05:30:13.314709,0000000000000003-0000000000000001,1,3,4195.03,0.06
2026-09-08T05:30:13.333880,0000000000000002-0000000000000005,2,2,17525.16,60.47
2026-09-08T05:30:13.352484,0000000000000006-0000000000000005,2,2,13236.18,60.1
2026-09-08T05:30:13.371450,0000000000000001-0000000000000002,2,2,7606877.79,60.86
2026-09-08T05:30:13.393099,0000000000000004-0000000000000003,1,1,15287.82,59.91
2026-09-08T05:30:13.411001,0000000000000005-0000000000000003,2,2,2053.82,0.06
2026-09-08T05:30:15.950793,0000000000000003-0000000000000005,2,2,7912.63,0.06
2026-09-08T05:30:15.972911,0000000000000004-0000000000000006,2,2,7554582.72,60.44
2026-09-08T05:30:15.994601,0000000000000003-0000000000000006,1,2,4143.66,0.06
2026-09-08T05:30:16.020192,0000000000000001-0000000000000006,2,2,7577336.87,60.62
2026-09-08T05:30:16.039959,0000000000000004-0000000000000001,1,2,15227.96,60.44
2026-09-08T05:30:16.059510,0000000000000001-0000000000000005,3,2,7868.55,0.06
2026-09-08T05:30:16.080388,0000000000000006-0000000000000002,2,3,13175.97,60.24
2026-09-08T05:30:16.103225,0000000000000005-0000000000000006,2,2,2005.71,0.06
2026-09-08T05:30:16.123458,0000000000000002-0000000000000006,3,2,7554861.17,60.44
2026-09-08T05:30:16.144759,0000000000000002-0000000000000003,2,1,17324.04,60.42
2026-09-08T05:30:18.644084,0000000000000003-0000000000000005,2,2,7615.68,0.06
2026-09-08T05:30:18.666468,0000000000000004-0000000000000006,2,2,7583526.43,60.67
2026-09-08T05:30:18.685840,0000000000000002-0000000000000006,3,2,7583481.9,60.67
2026-09-08T05:30:18.711812,0000000000000001-0000000000000004,2,1,7533003.92,60.26
2026-09-08T05:30:18.734823,0000000000000003-0000000000000002,1,2,4052.79,0.06
2026-09-08T05:30:18.753423,0000000000000005-0000000000000001,2,3,1959.59,0.06
2026-09-08T05:30:18.772115,0000000000000004-0000000000000001,1,2,15467.39,60.67
2026-09-08T05:30:18.793173,0000000000000006-0000000000000005,2,2,13302.94,60.28
2026-09-08T05:30:18.813423,0000000000000002-0000000000000005,2,2,17335.68,60.65
2026-09-08T05:30:18.835476,0000000000000001-0000000000000005,3,2,7504.34,0.06
2026-09-08T05:30:21.455736,0000000000000003-0000000000000005,2,2,7809.02,0.06
2026-09-08T05:30:21.475808,0000000000000004-0000000000000006,2,2,7383884.85,59.07
2026-09-08T05:30:21.496899,0000000000000001-0000000000000005,3,2,7745.01,0.06
2026-09-08T05:30:21.516075,0000000000000002-0000000000000004,3,1,7383487.29,59.07
2026-09-08T05:30:21.538362,0000000000000005-0000000000000003,2,2,2133.61,0.06
2026-09-08T05:30:21.557560,0000000000000002-0000000000000001,2,2,17100.9,59.05
2026-09-08T05:30:21.577053,0000000000000004-0000000000000002,1,3,15073.97,59.07
2026-09-08T05:30:21.597453,0000000000000001-0000000000000002,2,2,7381780.4,59.05
2026-09-08T05:30:21.615255,0000000000000006-0000000000000001,2,2,13183.59,59.63
2026-09-08T05:30:21.637321,0000000000000003-0000000000000004,1,1,4224.55,0.06
2026-09-08T05:30:24.069262,0000000000000003-0000000000000005,2,2,8128.89,0.07
2026-09-08T05:30:24.088621,0000000000000004-0000000000000006,2,2,7644592.66,61.16
2026-09-08T05:30:24.106340,0000000000000002-0000000000000001,2,2,17860.59,61.34
2026-09-08T05:30:24.126774,0000000000000003-0000000000000004,1,1,4202.22,0.06
2026-09-08T05:30:24.147805,0000000000000002-0000000000000004,3,1,7669822.83,61.36
2026-09-08T05:30:24.167580,0000000000000006-0000000000000004,2,2,13323.11,60.75
2026-09-08T05:30:24.186440,0000000000000004-0000000000000003,1,1,15628.59,61.16
2026-09-08T05:30:24.207225,0000000000000001-0000000000000003,3,1,8105.93,0.06
2026-09-08T05:30:24.227030,0000000000000005-0000000000000006,2,2,1997.78,0.06
2026-09-08T05:30:24.247909,0000000000000001-0000000000000006,2,2,7718293.82,61.75
2026-09-08T05:30:26.822611,0000000000000003-0000000000000005,2,2,8838.03,0.07
2026-09-08T05:30:26.842283,0000000000000004-0000000000000006,2,2,960417.41,7.68
2026-09-08T05:30:26.863277,0000000000000002-0000000000000003,2,1,7266.97,8.43
2026-09-08T05:30:26.883753,0000000000000001-0000000000000005,3,2,76452.45,0.61
2026-09-08T05:30:26.904467,0000000000000001-0000000000000004,2,1,1101627.6,8.81
2026-09-08T05:30:26.927273,0000000000000006-0000000000000002,2,3,3124.69,6.92
2026-09-08T05:30:26.945405,0000000000000005-0000000000000001,2,3,1721.41,0.07
2026-09-08T05:30:26.963875,0000000000000004-0000000000000001,1,2,5205.63,7.68
2026-09-08T05:30:26.983586,0000000000000003-0000000000000006,1,2,3595.35,0.61
2026-09-08T05:30:27.002217,0000000000000002-0000000000000006,3,2,1055676.09,8.45
2026-09-08T05:30:29.770649,0000000000000003-0000000000000005,2,2,7366.24,0.06
2026-09-08T05:30:29.791299,0000000000000004-0000000000000006,2,2,7427.29,0.06
2026-09-08T05:30:29.811260,0000000000000001-0000000000000005,3,2,7607.71,0.06
2026-09-08T05:30:29.829250,0000000000000002-0000000000000006,3,2,7366.24,0.06
2026-09-08T05:30:29.853426,0000000000000001-0000000000000006,2,2,5555.2,0.05
2026-09-08T05:30:29.872853,0000000000000002-0000000000000005,2,2,5758.69,0.05
2026-09-08T05:30:29.891037,0000000000000003-0000000000000006,1,2,3764.52,0.06
2026-09-08T05:30:29.916218,0000000000000004-0000000000000005,1,2,3886.61,0.06
2026-09-08T05:30:29.938727,0000000000000006-0000000000000005,2,2,2034.87,0.06
2026-09-08T05:30:29.960679,0000000000000005-0000000000000006,2,2,1790.69,0.06
2026-09-08T05:30:32.181893,0000000000000003-0000000000000005,2,2,8188.38,0.07
2026-09-08T05:30:32.203230,0000000000000004-0000000000000006,2,2,8238.16,0.07
2026-09-08T05:30:32.222994,0000000000000001-0000000000000003,3,1,8428.14,0.07
2026-09-08T05:30:32.245664,0000000000000004-0000000000000005,1,2,4106.63,0.07
2026-09-08T05:30:32.264365,0000000000000005-0000000000000006,2,2,1841.76,0.07
2026-09-08T05:30:32.287288,0000000000000003-0000000000000006,1,2,4056.86,0.07
2026-09-08T05:30:32.305621,0000000000000001-0000000000000006,2,2,6147.51,0.05
2026-09-08T05:30:32.325205,0000000000000006-0000000000000004,2,2,1991.1,0.06
2026-09-08T05:30:32.347854,0000000000000002-0000000000000004,3,1,8188.38,0.07
2026-09-08T05:30:32.369045,0000000000000002-0000000000000001,2,2,6296.84,0.05
2026-09-08T05:30:34.976135,0000000000000003-0000000000000005,2,2,6978.28,0.06
2026-09-08T05:30:35.008246,0000000000000004-0000000000000006,2,2,7214.47,0.06
2026-09-08T05:30:35.036813,0000000000000002-0000000000000006,3,2,6956.81,0.06
2026-09-08T05:30:35.056876,0000000000000003-0000000000000006,1,2,3650.18,0.06
2026-09-08T05:30:35.077505,0000000000000001-0000000000000006,2,2,5303.49,0.04
2026-09-08T05:30:35.102102,0000000000000001-0000000000000003,3,1,6723.12,0.05
2026-09-08T05:30:35.122018,0000000000000006-0000000000000003,2,1,1760.67,0.06
2026-09-08T05:30:35.142051,0000000000000004-0000000000000003,1,1,3671.65,0.06
2026-09-08T05:30:35.163379,0000000000000002-0000000000000003,2,1,5432.32,0.04
2026-09-08T05:30:35.186128,0000000000000005-0000000000000003,2,2,1825.09,0.06
2026-09-08T05:30:37.644114,0000000000000003-0000000000000005,2,2,7915.65,0.06
2026-09-08T05:30:37.667145,0000000000000004-0000000000000006,2,2,7915.65,0.06
2026-09-08T05:30:37.684697,0000000000000001-0000000000000003,3,1,7915.65,0.06
2026-09-08T05:30:37.703528,0000000000000004-0000000000000003,1,1,4002.8,0.06
2026-09-08T05:30:37.723658,0000000000000002-0000000000000003,2,1,6026.69,0.05
2026-09-08T05:30:37.742659,0000000000000002-0000000000000004,3,1,7938.14,0.06
2026-09-08T05:30:37.762862,0000000000000005-0000000000000004,2,1,1956.43,0.06
2026-09-08T05:30:37.782132,0000000000000003-0000000000000004,1,1,4047.78,0.06
2026-09-08T05:30:37.804575,0000000000000001-0000000000000004,2,1,6184.1,0.05
2026-09-08T05:30:37.828350,0000000000000006-0000000000000004,2,2,1933.94,0.06
2026-09-08T05:30:40.395453,0000000000000003-0000000000000005,2,2,7196.44,0.06
2026-09-08T05:30:40.417503,0000000000000004-0000000000000006,2,2,7370.9,0.06
2026-09-08T05:30:40.440437,0000000000000001-0000000000000003,3,1,7518.1,0.06
2026-09-08T05:30:40.460940,0000000000000006-0000000000000002,2,3,1788.21,0.06
2026-09-08T05:30:40.482298,0000000000000001-0000000000000006,2,2,5539.08,0.04
2026-09-08T05:30:40.506105,0000000000000005-0000000000000001,2,3,1831.82,0.06
2026-09-08T05:30:40.526678,0000000000000003-0000000000000001,1,3,3772.68,0.06
2026-09-08T05:30:40.549527,0000000000000002-0000000000000001,2,2,5539.08,0.04
2026-09-08T05:30:40.570426,0000000000000004-0000000000000005,1,2,3707.26,0.06
2026-09-08T05:30:40.590163,0000000000000002-0000000000000004,3,1,7240.06,0.06
2026-09-08T05:30:43.093550,0000000000000003-0000000000000005,2,2,7983.81,0.06
2026-09-08T05:30:43.119881,0000000000000004-0000000000000006,2,2,8072.76,0.06
2026-09-08T05:30:43.140552,0000000000000002-0000000000000003,2,1,6049.01,0.05
2026-09-08T05:30:43.159210,0000000000000001-0000000000000003,3,1,7850.37,0.06
2026-09-08T05:30:43.179008,0000000000000002-0000000000000006,3,2,7983.81,0.06
2026-09-08T05:30:43.202889,0000000000000004-0000000000000002,1,3,4025.26,0.06
2026-09-08T05:30:43.225546,0000000000000006-0000000000000002,2,3,2001.51,0.06
2026-09-08T05:30:43.244683,0000000000000005-0000000000000006,2,2,1890.32,0.06
2026-09-08T05:30:43.266293,0000000000000003-0000000000000006,1,2,4025.26,0.06
2026-09-08T05:30:43.288365,0000000000000001-0000000000000006,2,2,6026.77,0.05
2026-09-08T05:30:45.718894,0000000000000003-0000000000000005,2,2,7748.41,0.06
2026-09-08T05:30:45.739923,0000000000000004-0000000000000006,2,2,7771.27,0.06
2026-09-08T05:30:45.760188,0000000000000002-0000000000000004,3,1,7702.7,0.06
2026-09-08T05:30:45.778512,0000000000000001-0000000000000004,2,1,5897.02,0.05
2026-09-08T05:30:45.800413,0000000000000001-0000000000000005,3,2,7771.27,0.06
2026-09-08T05:30:45.819710,0000000000000003-0000000000000001,1,3,3839.92,0.06
2026-09-08T05:30:45.840200,0000000000000005-0000000000000001,2,3,1919.96,0.06
2026-09-08T05:30:45.859212,0000000000000002-0000000000000001,2,2,5897.02,0.05
2026-09-08T05:30:45.878523,0000000000000006-0000000000000001,2,2,1897.1,0.06
2026-09-08T05:30:45.898049,0000000000000004-0000000000000001,1,2,3999.92,0.06
2026-09-08T05:30:48.470970,0000000000000003-0000000000000005,2,2,7192.83,0.06
2026-09-08T05:30:48.490071,0000000000000004-0000000000000006,2,2,7389.0,0.06
2026-09-08T05:30:48.511260,0000000000000002-0000000000000001,2,2,5405.52,0.04
2026-09-08T05:30:48.529096,0000000000000001-0000000000000004,2,1,5470.91,0.04
2026-09-08T05:30:48.548642,0000000000000002-0000000000000004,3,1,7280.01,0.06
2026-09-08T05:30:48.570653,0000000000000005-0000000000000001,2,3,1830.9,0.06
2026-09-08T05:30:48.591260,0000000000000004-0000000000000005,1,2,3748.99,0.06
2026-09-08T05:30:48.612208,0000000000000001-0000000000000005,3,2,6953.07,0.06
2026-09-08T05:30:48.633988,0000000000000003-0000000000000004,1,1,3792.58,0.06
2026-09-08T05:30:48.653412,0000000000000006-0000000000000004,2,2,1809.11,0.06
2026-09-08T05:30:51.144827,0000000000000003-0000000000000005,2,2,7742.17,0.06
2026-09-08T05:30:51.166092,0000000000000004-0000000000000006,2,2,7921.7,0.06
2026-09-08T05:30:51.185064,0000000000000002-0000000000000006,3,2,7899.26,0.06
2026-09-08T05:30:51.209369,0000000000000001-0000000000000003,3,1,7854.37,0.06
2026-09-08T05:30:51.230786,0000000000000002-0000000000000003,2,1,5902.0,0.05
2026-09-08T05:30:51.251981,0000000000000004-0000000000000002,1,3,3770.1,0.06
2026-09-08T05:30:51.271009,0000000000000006-0000000000000002,2,3,1862.61,0.06
2026-09-08T05:30:51.291934,0000000000000001-0000000000000002,2,2,6126.41,0.05
2026-09-08T05:30:51.313579,0000000000000005-0000000000000002,2,2,1952.37,0.06
2026-09-08T05:30:51.334068,0000000000000003-0000000000000002,1,2,3972.07,0.06
2026-09-08T05:30:53.724548,0000000000000003-0000000000000005,2,2,7861.13,0.06
2026-09-08T05:30:53.743539,0000000000000004-0000000000000006,2,2,7861.13,0.06
2026-09-08T05:30:53.762550,0000000000000002-0000000000000006,3,2,7907.65,0.06
2026-09-08T05:30:53.784226,0000000000000001-0000000000000002,2,2,6023.77,0.05
2026-09-08T05:30:53.802679,0000000000000003-0000000000000002,1,2,4000.34,0.06
2026-09-08T05:30:53.825409,0000000000000001-0000000000000003,3,1,8134.41,0.07
2026-09-08T05:30:53.845127,0000000000000006-0000000000000003,2,1,1883.88,0.06
2026-09-08T05:30:53.865314,0000000000000004-0000000000000003,1,1,3953.82,0.06
2026-09-08T05:30:53.884757,0000000000000002-0000000000000003,2,1,6093.54,0.05
2026-09-08T05:30:53.903647,0000000000000005-0000000000000003,2,2,1953.65,0.06
2026-09-08T05:30:56.171266,0000000000000003-0000000000000005,2,2,7625.73,0.06
2026-09-08T05:30:56.191237,0000000000000004-0000000000000006,2,2,7601.21,0.06
2026-09-08T05:30:56.210797,0000000000000001-0000000000000005,3,2,7699.29,0.06
2026-09-08T05:30:56.234145,0000000000000005-0000000000000001,2,3,1839.0,0.06
2026-09-08T05:30:56.252932,0000000000000002-0000000000000003,2,1,5737.68,0.05
2026-09-08T05:30:56.275208,0000000000000006-0000000000000002,2,3,1814.48,0.06
2026-09-08T05:30:56.293984,0000000000000003-0000000000000002,1,2,3800.6,0.06
2026-09-08T05:30:56.315301,0000000000000002-0000000000000006,3,2,7552.17,0.06
2026-09-08T05:30:56.337664,0000000000000001-0000000000000004,2,1,5835.76,0.05
2026-09-08T05:30:56.363745,0000000000000004-0000000000000001,1,2,3727.04,0.06
2026-09-08T05:30:58.577378,0000000000000003-0000000000000005,2,2,8429.94,0.07
2026-09-08T05:30:58.596882,0000000000000004-0000000000000006,2,2,8230.41,0.07
2026-09-08T05:30:58.614737,0000000000000001-0000000000000003,3,1,8330.17,0.07
2026-09-08T05:30:58.636554,0000000000000001-0000000000000002,2,2,6235.16,0.05
2026-09-08T05:30:58.654870,0000000000000002-0000000000000004,3,1,8230.41,0.07
2026-09-08T05:30:58.676038,0000000000000004-0000000000000005,1,2,4140.15,0.07
2026-09-08T05:30:58.694331,0000000000000005-0000000000000004,2,1,1920.43,0.07
2026-09-08T05:30:58.713442,0000000000000003-0000000000000001,1,3,4165.09,0.07
2026-09-08T05:30:58.734458,0000000000000006-0000000000000001,2,2,1995.25,0.07
2026-09-08T05:30:58.753949,0000000000000002-0000000000000001,2,2,6459.63,0.05
2026-09-08T05:31:01.203488,0000000000000003-0000000000000005,2,2,7516.45,0.06
2026-09-08T05:31:01.224810,0000000000000004-0000000000000006,2,2,7904.84,0.06
2026-09-08T05:31:01.243986,0000000000000003-0000000000000006,1,2,4020.96,0.06
2026-09-08T05:31:01.264116,0000000000000001-0000000000000006,2,2,5757.28,0.05
2026-09-08T05:31:01.283743,0000000000000002-0000000000000006,3,2,7653.53,0.06
2026-09-08T05:31:01.301226,0000000000000006-0000000000000003,2,1,1941.94,0.07
2026-09-08T05:31:01.323167,0000000000000004-0000000000000003,1,1,3998.11,0.06
2026-09-08T05:31:01.342853,0000000000000002-0000000000000003,2,1,5734.43,0.05
2026-09-08T05:31:01.366072,0000000000000001-0000000000000003,3,1,7265.14,0.06
2026-09-08T05:31:01.384561,0000000000000005-0000000000000003,2,2,2056.17,0.06
2026-09-08T05:31:03.923190,0000000000000003-0000000000000005,2,2,7367.86,0.06
2026-09-08T05:31:03.942668,0000000000000004-0000000000000006,2,2,7500.21,0.06
2026-09-08T05:31:03.964081,0000000000000001-0000000000000003,3,1,7301.68,0.06
2026-09-08T05:31:03.983174,0000000000000006-0000000000000003,2,1,1875.05,0.06
2026-09-08T05:31:04.002876,0000000000000004-0000000000000003,1,1,3816.28,0.06
2026-09-08T05:31:04.024323,0000000000000002-0000000000000003,2,1,5757.52,0.05
2026-09-08T05:31:04.047085,0000000000000005-0000000000000006,2,2,1852.99,0.06
2026-09-08T05:31:04.066140,0000000000000003-0000000000000006,1,2,3772.17,0.06
2026-09-08T05:31:04.086525,0000000000000001-0000000000000006,2,2,5713.4,0.05
2026-09-08T05:31:04.105113,0000000000000002-0000000000000006,3,2,7434.03,0.06
2026-09-08T05:31:06.672169,0000000000000003-0000000000000005,2,2,7574.63,0.06
2026-09-08T05:31:06.694561,0000000000000004-0000000000000006,2,2,7574.63,0.06
2026-09-08T05:31:06.714115,0000000000000002-0000000000000004,3,1,7530.97,0.06
2026-09-08T05:31:06.734773,0000000000000001-0000000000000005,3,2,7589.91,0.06
2026-09-08T05:31:06.759005,0000000000000001-0000000000000004,2,1,5762.83,0.05
2026-09-08T05:31:06.778995,0000000000000005-0000000000000001,2,3,1877.29,0.06
2026-09-08T05:31:06.801458,0000000000000003-0000000000000001,1,3,3820.06,0.06
2026-09-08T05:31:06.821055,0000000000000006-0000000000000005,2,2,1905.66,0.06
2026-09-08T05:31:06.841494,0000000000000004-0000000000000005,1,2,3848.44,0.06
2026-09-08T05:31:06.862439,0000000000000002-0000000000000005,2,2,5856.7,0.05
2026-09-08T05:31:09.421441,0000000000000003-0000000000000005,2,2,7661.2,0.06
2026-09-08T05:31:09.442478,0000000000000004-0000000000000006,2,2,7726.68,0.06
2026-09-08T05:31:09.462103,0000000000000002-0000000000000004,3,1,7639.37,0.06
2026-09-08T05:31:09.483570,0000000000000001-0000000000000002,2,2,5827.75,0.05
2026-09-08T05:31:09.504958,0000000000000005-0000000000000001,2,3,1877.1,0.06
2026-09-08T05:31:09.524085,0000000000000003-0000000000000001,1,3,3885.17,0.06
2026-09-08T05:31:09.544471,0000000000000006-0000000000000005,2,2,1905.48,0.06
2026-09-08T05:31:09.562076,0000000000000004-0000000000000005,1,2,3848.06,0.06
2026-09-08T05:31:09.581052,0000000000000002-0000000000000005,2,2,5810.29,0.05
2026-09-08T05:31:09.598263,0000000000000001-0000000000000005,3,2,7652.47,0.06
2026-09-08T05:31:12.168768,0000000000000003-0000000000000005,2,2,8079.9,0.06
2026-09-08T05:31:12.191911,0000000000000004-0000000000000006,2,2,8145.42,0.07
2026-09-08T05:31:12.212741,0000000000000001-0000000000000003,3,1,8095.19,0.06
2026-09-08T05:31:12.236477,0000000000000002-0000000000000006,3,2,8014.39,0.06
2026-09-08T05:31:12.255700,0000000000000002-0000000000000003,2,1,6088.32,0.05
2026-09-08T05:31:12.276015,0000000000000004-0000000000000002,1,3,3961.34,0.06
2026-09-08T05:31:12.301523,0000000000000006-0000000000000002,2,3,1974.12,0.06
2026-09-08T05:31:12.321114,0000000000000001-0000000000000002,2,2,6136.36,0.05
2026-09-08T05:31:12.340359,0000000000000003-0000000000000002,1,2,3996.28,0.06
2026-09-08T05:31:12.361171,0000000000000005-0000000000000002,2,2,1921.71,0.06
2026-09-08T05:31:14.840302,0000000000000003-0000000000000005,2,2,7972.68,0.06
2026-09-08T05:31:14.868316,0000000000000004-0000000000000006,2,2,7793.01,0.06
2026-09-08T05:31:14.887204,0000000000000006-0000000000000005,2,2,1994.29,0.06
2026-09-08T05:31:14.905996,0000000000000004-0000000000000005,1,2,4015.54,0.06
2026-09-08T05:31:14.928603,0000000000000002-0000000000000005,2,2,6142.33,0.05
2026-09-08T05:31:14.947866,0000000000000001-0000000000000005,3,2,7974.93,0.06
2026-09-08T05:31:14.970831,0000000000000005-0000000000000006,2,2,1864.04,0.06
2026-09-08T05:31:14.991018,0000000000000003-0000000000000006,1,2,3975.11,0.06
2026-09-08T05:31:15.011930,0000000000000001-0000000000000006,2,2,5973.9,0.05
2026-09-08T05:31:15.035012,0000000000000002-0000000000000006,3,2,7793.01,0.06
2026-09-08T05:31:17.495859,0000000000000003-0000000000000005,2,2,7320.9,0.06
2026-09-08T05:31:17.514240,0000000000000004-0000000000000006,2,2,7388.68,0.06
2026-09-08T05:31:17.534281,0000000000000002-0000000000000003,2,1,5671.44,0.05
2026-09-08T05:31:17.552713,0000000000000002-0000000000000006,3,2,7320.9,0.06
2026-09-08T05:31:17.571142,0000000000000001-0000000000000003,3,1,7253.11,0.06
2026-09-08T05:31:17.590865,0000000000000006-0000000000000002,2,3,1830.22,0.06
2026-09-08T05:31:17.609023,0000000000000004-0000000000000002,1,3,3773.43,0.06
2026-09-08T05:31:17.629221,0000000000000005-0000000000000006,2,2,1830.22,0.06
2026-09-08T05:31:17.647002,0000000000000003-0000000000000006,1,2,3728.24,0.06
2026-09-08T05:31:17.666475,0000000000000001-0000000000000006,2,2,5603.65,0.05
2026-09-08T05:31:20.292109,0000000000000003-0000000000000005,2,2,6967.86,0.06
2026-09-08T05:31:20.316576,0000000000000004-0000000000000006,2,2,7360.56,0.06
2026-09-08T05:31:20.337758,0000000000000006-0000000000000002,2,3,1796.15,0.06
2026-09-08T05:31:20.357625,0000000000000003-0000000000000006,1,2,3691.01,0.06
2026-09-08T05:31:20.382113,0000000000000001-0000000000000006,2,2,5493.6,0.04
2026-09-08T05:31:20.405463,0000000000000002-0000000000000006,3,2,7253.27,0.06
2026-09-08T05:31:20.427630,0000000000000001-0000000000000003,3,1,6811.2,0.05
2026-09-08T05:31:20.450248,0000000000000004-0000000000000003,1,1,3641.65,0.06
2026-09-08T05:31:20.469456,0000000000000002-0000000000000003,2,1,5358.4,0.04
2026-09-08T05:31:20.491532,0000000000000005-0000000000000003,2,2,1909.88,0.06
2026-09-08T05:31:22.998587,0000000000000003-0000000000000005,2,2,8123.25,0.06
2026-09-08T05:31:23.021531,0000000000000004-0000000000000006,2,2,8114.38,0.06
2026-09-08T05:31:23.043708,0000000000000001-0000000000000005,3,2,8525.64,0.07
2026-09-08T05:31:23.066697,0000000000000002-0000000000000004,3,1,8092.21,0.06
2026-09-08T05:31:23.086464,0000000000000001-0000000000000004,2,1,6163.38,0.05
2026-09-08T05:31:23.106205,0000000000000003-0000000000000001,1,3,4035.02,0.07
2026-09-08T05:31:23.131046,0000000000000005-0000000000000001,2,3,1928.83,0.06
2026-09-08T05:31:23.153306,0000000000000002-0000000000000001,2,2,6260.93,0.05
2026-09-08T05:31:23.174055,0000000000000006-0000000000000001,2,2,1937.7,0.06
2026-09-08T05:31:23.193687,0000000000000004-0000000000000001,1,2,4021.72,0.06
2026-09-08T05:31:25.716434,0000000000000003-0000000000000005,2,2,7572.77,0.06
2026-09-08T05:31:25.737672,0000000000000004-0000000000000006,2,2,7594.85,0.06
2026-09-08T05:31:25.759980,0000000000000001-0000000000000003,3,1,7521.99,0.06
2026-09-08T05:31:25.780898,0000000000000004-0000000000000001,1,2,3929.89,0.06
2026-09-08T05:31:25.801327,0000000000000002-0000000000000001,2,2,5806.53,0.05
2026-09-08T05:31:25.824365,0000000000000005-0000000000000004,2,1,1898.71,0.06
2026-09-08T05:31:25.844757,0000000000000003-0000000000000004,1,1,3885.74,0.06
2026-09-08T05:31:25.868342,0000000000000001-0000000000000004,2,1,5828.61,0.05
2026-09-08T05:31:25.888710,0000000000000002-0000000000000004,3,1,7528.61,0.06
2026-09-08T05:31:25.910912,0000000000000006-0000000000000004,2,2,1898.71,0.06
2026-09-08T05:31:28.447123,0000000000000003-0000000000000005,2,2,7295.45,0.06
2026-09-08T05:31:28.470005,0000000000000004-0000000000000006,2,2,7447.02,0.06
2026-09-08T05:31:28.491011,0000000000000002-0000000000000001,2,2,5516.07,0.04
2026-09-08T05:31:28.509735,0000000000000001-0000000000000002,2,2,5579.78,0.04
2026-09-08T05:31:28.531287,0000000000000005-0000000000000002,2,2,1845.28,0.06
2026-09-08T05:31:28.552469,0000000000000004-0000000000000005,1,2,3626.85,0.06
2026-09-08T05:31:28.571708,0000000000000001-0000000000000005,3,2,7306.43,0.06
2026-09-08T05:31:28.594546,0000000000000002-0000000000000004,3,1,7403.09,0.06
2026-09-08T05:31:28.615194,0000000000000003-0000000000000004,1,1,3712.53,0.06
2026-09-08T05:31:28.635787,0000000000000006-0000000000000004,2,2,1781.57,0.06
2026-09-08T05:31:31.172542,0000000000000003-0000000000000005,2,2,7308.63,0.06
2026-09-08T05:31:31.193675,0000000000000004-0000000000000006,2,2,7462.72,0.06
2026-09-08T05:31:31.221703,0000000000000002-0000000000000004,3,1,7440.71,0.06
2026-09-08T05:31:31.241201,0000000000000001-0000000000000004,2,1,5723.62,0.05
2026-09-08T05:31:31.262027,0000000000000003-0000000000000001,1,3,3852.44,0.06
2026-09-08T05:31:31.283272,0000000000000005-0000000000000001,2,3,1915.21,0.06
2026-09-08T05:31:31.301303,0000000000000006-0000000000000005,2,2,1717.09,0.06
2026-09-08T05:31:31.323031,0000000000000004-0000000000000005,1,2,3544.24,0.06
2026-09-08T05:31:31.341738,0000000000000002-0000000000000005,2,2,5569.52,0.05
2026-09-08T05:31:31.360982,0000000000000001-0000000000000005,3,2,7220.57,0.06
2026-09-08T05:31:33.927606,0000000000000003-0000000000000005,2,2,7616.09,0.06
2026-09-08T05:31:33.953894,0000000000000004-0000000000000006,2,2,7818.63,0.06
2026-09-08T05:31:33.975525,0000000000000002-0000000000000003,2,1,5830.22,0.05
2026-09-08T05:31:33.996107,0000000000000001-0000000000000003,3,1,7544.22,0.06
2026-09-08T05:31:34.017301,0000000000000005-0000000000000004,2,1,1872.99,0.06
2026-09-08T05:31:34.039279,0000000000000003-0000000000000004,1,1,3898.43,0.06
2026-09-08T05:31:34.058915,0000000000000001-0000000000000004,2,1,5793.19,0.05
2026-09-08T05:31:34.082202,0000000000000006-0000000000000002,2,3,1903.48,0.06
2026-09-08T05:31:34.103451,0000000000000004-0000000000000002,1,3,3928.92,0.06
2026-09-08T05:31:34.125930,0000000000000002-0000000000000006,3,2,7709.74,0.06
2026-09-08T05:31:36.714429,0000000000000003-0000000000000005,2,2,7867.32,0.06
2026-09-08T05:31:36.736666,0000000000000004-0000000000000006,2,2,7837.18,0.06
2026-09-08T05:31:36.756991,0000000000000002-0000000000000004,3,1,7664.93,0.06
2026-09-08T05:31:36.775996,0000000000000001-0000000000000004,2,1,5920.95,0.05
2026-09-08T05:31:36.797567,0000000000000001-0000000000000005,3,2,7875.94,0.06
2026-09-08T05:31:36.817884,0000000000000002-0000000000000001,2,2,5972.62,0.05
2026-09-08T05:31:36.838375,0000000000000006-0000000000000001,2,2,1823.65,0.06
2026-09-08T05:31:36.859495,0000000000000004-0000000000000001,1,2,3890.6,0.06
2026-09-08T05:31:36.882883,0000000000000003-0000000000000001,1,3,3854.0,0.06
2026-09-08T05:31:36.902402,0000000000000005-0000000000000001,2,3,1851.64,0.06
2026-09-08T05:31:39.472229,0000000000000003-0000000000000005,2,2,7592.97,0.06
2026-09-08T05:31:39.492518,0000000000000004-0000000000000006,2,2,7658.24,0.06
2026-09-08T05:31:39.516850,0000000000000001-0000000000000005,3,2,7440.67,0.06
2026-09-08T05:31:39.536149,0000000000000002-0000000000000004,3,1,7636.48,0.06
2026-09-08T05:31:39.555687,0000000000000005-0000000000000001,2,3,1871.05,0.06
2026-09-08T05:31:39.573798,0000000000000004-0000000000000001,1,2,3800.83,0.06
2026-09-08T05:31:39.594182,0000000000000002-0000000000000005,2,2,5743.68,0.05
2026-09-08T05:31:39.614793,0000000000000006-0000000000000004,2,2,1842.76,0.06
2026-09-08T05:31:39.632990,0000000000000003-0000000000000004,1,1,3894.39,0.06
2026-09-08T05:31:39.651574,0000000000000001-0000000000000004,2,1,5765.43,0.05
2026-09-08T05:31:42.220669,0000000000000003-0000000000000005,2,2,7729.87,0.06
2026-09-08T05:31:42.243169,0000000000000004-0000000000000006,2,2,7880.49,0.06
2026-09-08T05:31:42.265037,0000000000000001-0000000000000005,3,2,7775.71,0.06
2026-09-08T05:31:42.292517,0000000000000002-0000000000000003,2,1,5874.35,0.05
2026-09-08T05:31:42.312744,0000000000000002-0000000000000004,3,1,7815.0,0.06
2026-09-08T05:31:42.336046,0000000000000005-0000000000000004,2,1,1942.84,0.06
2026-09-08T05:31:42.359673,0000000000000004-0000000000000002,1,3,3807.08,0.06
2026-09-08T05:31:42.380286,0000000000000006-0000000000000002,2,3,1820.59,0.06
2026-09-08T05:31:42.400401,0000000000000001-0000000000000002,2,2,6024.97,0.05
2026-09-08T05:31:42.419188,0000000000000003-0000000000000002,1,2,3972.99,0.06
2026-09-08T05:31:44.906997,0000000000000003-0000000000000005,2,2,7794.89,0.06
2026-09-08T05:31:44.929867,0000000000000004-0000000000000006,2,2,7839.56,0.06
2026-09-08T05:31:44.951645,0000000000000004-0000000000000005,1,2,3863.94,0.06
2026-09-08T05:31:44.971302,0000000000000002-0000000000000005,2,2,5851.75,0.05
2026-09-08T05:31:44.992074,0000000000000001-0000000000000005,3,2,7839.56,0.06
2026-09-08T05:31:45.012648,0000000000000006-0000000000000004,2,2,1876.13,0.06
2026-09-08T05:31:45.035201,0000000000000002-0000000000000004,3,1,7817.23,0.06
2026-09-08T05:31:45.054754,0000000000000005-0000000000000004,2,1,2054.81,0.06
2026-09-08T05:31:45.074340,0000000000000003-0000000000000004,1,1,4042.62,0.06
2026-09-08T05:31:45.095954,0000000000000001-0000000000000004,2,1,6119.77,0.05
2026-09-08T05:31:47.657362,0000000000000003-0000000000000005,2,2,7731.13,0.06
2026-09-08T05:31:47.679644,0000000000000004-0000000000000006,2,2,7787.84,0.06
2026-09-08T05:31:47.700995,0000000000000002-0000000000000006,3,2,7700.59,0.06
2026-09-08T05:31:47.720445,0000000000000003-0000000000000006,1,2,3970.27,0.06
2026-09-08T05:31:47.747501,0000000000000001-0000000000000006,2,2,5824.52,0.05
2026-09-08T05:31:47.768476,0000000000000006-0000000000000003,2,1,1862.97,0.06
2026-09-08T05:31:47.789077,0000000000000004-0000000000000003,1,1,3957.18,0.06
2026-09-08T05:31:47.812546,0000000000000002-0000000000000003,2,1,5876.88,0.05
2026-09-08T05:31:47.832171,0000000000000001-0000000000000003,3,1,7521.7,0.06
2026-09-08T05:31:47.852065,0000000000000005-0000000000000003,2,2,1854.25,0.06
2026-09-08T05:31:50.372903,0000000000000003-0000000000000005,2,2,7748.74,0.06
2026-09-08T05:31:50.399167,0000000000000004-0000000000000006,2,2,7622.8,0.06
2026-09-08T05:31:50.420304,0000000000000001-0000000000000003,3,1,7742.11,0.06
2026-09-08T05:31:50.438740,0000000000000002-0000000000000004,3,1,7512.32,0.06
2026-09-08T05:31:50.456238,0000000000000001-0000000000000002,2,2,5811.0,0.05
2026-09-08T05:31:50.476255,0000000000000005-0000000000000002,2,2,1833.89,0.06
2026-09-08T05:31:50.493857,0000000000000003-0000000000000002,1,2,3844.54,0.06
2026-09-08T05:31:50.514442,0000000000000006-0000000000000005,2,2,1893.55,0.06
2026-09-08T05:31:50.532129,0000000000000004-0000000000000005,1,2,3837.91,0.06
2026-09-08T05:31:50.551326,0000000000000002-0000000000000005,2,2,5914.85,0.05
2026-09-08T05:31:53.059746,0000000000000003-0000000000000005,2,2,7428.75,0.06
2026-09-08T05:31:53.082177,0000000000000004-0000000000000006,2,2,7480.1,0.06
2026-09-08T05:31:53.106334,0000000000000001-0000000000000006,2,2,5760.8,0.05
2026-09-08T05:31:53.128307,0000000000000002-0000000000000006,3,2,7524.76,0.06
2026-09-08T05:31:53.150103,0000000000000001-0000000000000005,3,2,7422.05,0.06
2026-09-08T05:31:53.174392,0000000000000003-0000000000000001,1,3,3840.53,0.06
2026-09-08T05:31:53.194614,0000000000000005-0000000000000001,2,3,1875.61,0.06
2026-09-08T05:31:53.220869,0000000000000002-0000000000000001,2,2,5754.1,0.05
2026-09-08T05:31:53.239868,0000000000000006-0000000000000001,2,2,1868.91,0.06
2026-09-08T05:31:53.259153,0000000000000004-0000000000000001,1,2,3811.5,0.06
2026-09-08T05:31:55.819748,0000000000000003-0000000000000005,2,2,7443.81,0.06
2026-09-08T05:31:55.842568,0000000000000004-0000000000000006,2,2,7565.56,0.06
2026-09-08T05:31:55.862827,0000000000000002-0000000000000004,3,1,7456.85,0.06
2026-09-08T05:31:55.885922,0000000000000001-0000000000000005,3,2,7409.03,0.06
2026-09-08T05:31:55.909782,0000000000000001-0000000000000004,2,1,5565.47,0.05
2026-09-08T05:31:55.930721,0000000000000005-0000000000000004,2,1,1847.91,0.06
2026-09-08T05:31:55.952889,0000000000000003-0000000000000004,1,1,3739.3,0.06
2026-09-08T05:31:55.975259,0000000000000006-0000000000000005,2,2,1965.31,0.06
2026-09-08T05:31:55.995086,0000000000000004-0000000000000005,1,2,3965.39,0.06
2026-09-08T05:31:56.014610,0000000000000002-0000000000000005,2,2,5922.0,0.05
2026-09-08T05:31:58.504574,0000000000000003-0000000000000005,2,2,7799.61,0.06
2026-09-08T05:31:58.528208,0000000000000004-0000000000000006,2,2,7933.7,0.06
2026-09-08T05:31:58.549647,0000000000000002-0000000000000003,2,1,6011.73,0.05
2026-09-08T05:31:58.570847,0000000000000001-0000000000000003,3,1,7821.96,0.06
2026-09-08T05:31:58.590266,0000000000000002-0000000000000006,3,2,7866.65,0.06
2026-09-08T05:31:58.611053,0000000000000006-0000000000000002,2,3,1921.97,0.06
2026-09-08T05:31:58.631670,0000000000000004-0000000000000002,1,3,4000.37,0.06
2026-09-08T05:31:58.653337,0000000000000005-0000000000000002,2,2,1921.97,0.06
2026-09-08T05:31:58.672789,0000000000000003-0000000000000002,1,2,3955.67,0.06
2026-09-08T05:31:58.691785,0000000000000001-0000000000000002,2,2,6078.78,0.05
2026-09-08T05:32:01.179507,0000000000000003-0000000000000005,2,2,7769.64,0.06
2026-09-08T05:32:01.200856,0000000000000004-0000000000000006,2,2,7917.67,0.06
2026-09-08T05:32:01.221107,0000000000000002-0000000000000003,2,1,5975.26,0.05
2026-09-08T05:32:01.239047,0000000000000001-0000000000000003,3,1,7644.03,0.06
2026-09-08T05:32:01.256978,0000000000000003-0000000000000006,1,2,3970.05,0.06
2026-09-08T05:32:01.277419,0000000000000001-0000000000000006,2,2,5899.0,0.05
2026-09-08T05:32:01.295482,0000000000000002-0000000000000006,3,2,7850.38,0.06
2026-09-08T05:32:01.315608,0000000000000006-0000000000000003,2,1,1982.78,0.06
2026-09-08T05:32:01.333435,0000000000000004-0000000000000003,1,1,3979.02,0.06
2026-09-08T05:32:01.351705,0000000000000005-0000000000000003,2,2,1928.95,0.06
2026-09-08T05:32:03.965848,0000000000000003-0000000000000005,2,2,7425.74,0.06
2026-09-08T05:32:03.989756,0000000000000004-0000000000000006,2,2,7496.83,0.06
2026-09-08T05:32:04.008784,0000000000000002-0000000000000006,3,2,7367.57,0.06
2026-09-08T05:32:04.028902,0000000000000001-0000000000000003,3,1,7333.1,0.06
2026-09-08T05:32:04.051800,0000000000000006-0000000000000004,2,2,1889.29,0.06
2026-09-08T05:32:04.071975,0000000000000001-0000000000000004,2,1,5622.62,0.05
2026-09-08T05:32:04.092757,0000000000000003-0000000000000001,1,3,3813.04,0.06
2026-09-08T05:32:04.116791,0000000000000005-0000000000000001,2,3,1917.29,0.06
2026-09-08T05:32:04.135996,0000000000000002-0000000000000001,2,2,5659.24,0.05
2026-09-08T05:32:04.157069,0000000000000004-0000000000000001,1,2,3741.95,0.06
2026-09-08T05:32:06.669169,0000000000000003-0000000000000005,2,2,8116.16,0.06
2026-09-08T05:32:06.691962,0000000000000004-0000000000000006,2,2,8056.24,0.06
2026-09-08T05:32:06.713198,0000000000000001-0000000000000005,3,2,8109.5,0.06
2026-09-08T05:32:06.737083,0000000000000002-0000000000000004,3,1,8056.24,0.06
2026-09-08T05:32:06.756119,0000000000000001-0000000000000002,2,2,6325.15,0.05
2026-09-08T05:32:06.776111,0000000000000005-0000000000000001,2,3,1975.22,0.06
2026-09-08T05:32:06.798030,0000000000000003-0000000000000001,1,3,4172.38,0.06
2026-09-08T05:32:06.822454,0000000000000006-0000000000000001,2,2,1813.21,0.06
2026-09-08T05:32:06.844931,0000000000000004-0000000000000001,1,2,3921.59,0.06
2026-09-08T05:32:06.865632,0000000000000002-0000000000000001,2,2,6096.55,0.05
2026-09-08T05:32:09.405366,0000000000000003-0000000000000005,2,2,7133.36,0.06
2026-09-08T05:32:09.425385,0000000000000004-0000000000000006,2,2,7234.2,0.06
2026-09-08T05:32:09.450183,0000000000000001-0000000000000003,3,1,7098.29,0.06
2026-09-08T05:32:09.468297,0000000000000002-0000000000000003,2,1,5489.22,0.04
2026-09-08T05:32:09.487562,0000000000000004-0000000000000002,1,3,3779.32,0.06
2026-09-08T05:32:09.509233,0000000000000006-0000000000000002,2,3,1915.97,0.06
2026-09-08T05:32:09.526847,0000000000000005-0000000000000002,2,2,1797.59,0.06
2026-09-08T05:32:09.548293,0000000000000003-0000000000000006,1,2,3639.02,0.06
2026-09-08T05:32:09.566712,0000000000000001-0000000000000006,2,2,5436.61,0.04
2026-09-08T05:32:09.583649,0000000000000002-0000000000000006,3,2,7190.36,0.06
2026-09-08T05:32:12.144764,0000000000000003-0000000000000005,2,2,7688.4,0.06
2026-09-08T05:32:12.166838,0000000000000004-0000000000000006,2,2,7732.21,0.06
2026-09-08T05:32:12.189222,0000000000000002-0000000000000006,3,2,7622.69,0.06
2026-09-08T05:32:12.207997,0000000000000005-0000000000000003,2,2,1861.86,0.06
2026-09-08T05:32:12.228235,0000000000000006-0000000000000005,2,2,1839.96,0.06
2026-09-08T05:32:12.252501,0000000000000001-0000000000000005,3,2,7644.59,0.06
2026-09-08T05:32:12.271323,0000000000000003-0000000000000004,1,1,3920.86,0.06
2026-09-08T05:32:12.293025,0000000000000001-0000000000000004,2,1,5848.44,0.05
2026-09-08T05:32:12.313216,0000000000000004-0000000000000005,1,2,3877.06,0.06
2026-09-08T05:32:12.331576,0000000000000002-0000000000000001,2,2,5892.25,0.05
2026-09-08T05:32:14.927677,0000000000000003-0000000000000005,2,2,8092.7,0.06
2026-09-08T05:32:14.949617,0000000000000004-0000000000000006,2,2,7997.85,0.06
2026-09-08T05:32:14.967941,0000000000000001-0000000000000003,3,1,7971.98,0.06
2026-09-08T05:32:14.986318,0000000000000002-0000000000000003,2,1,6087.85,0.05
2026-09-08T05:32:15.007032,0000000000000003-0000000000000004,1,1,4052.82,0.06
2026-09-08T05:32:15.024959,0000000000000002-0000000000000004,3,1,7933.17,0.06
2026-09-08T05:32:15.048547,0000000000000006-0000000000000004,2,2,1942.33,0.06
2026-09-08T05:32:15.067686,0000000000000005-0000000000000003,2,2,1875.51,0.06
2026-09-08T05:32:15.089210,0000000000000004-0000000000000002,1,3,4098.09,0.06
2026-09-08T05:32:15.106895,0000000000000001-0000000000000002,2,2,6036.11,0.05
2026-09-08T05:32:17.624275,0000000000000003-0000000000000005,2,2,7981.4,0.06
2026-09-08T05:32:17.645061,0000000000000004-0000000000000006,2,2,7965.83,0.06
2026-09-08T05:32:17.667944,0000000000000001-0000000000000005,3,2,7996.98,0.06
2026-09-08T05:32:17.689759,0000000000000005-0000000000000004,2,1,1935.83,0.06
2026-09-08T05:32:17.709649,0000000000000003-0000000000000004,1,1,3893.91,0.06
2026-09-08T05:32:17.732176,0000000000000001-0000000000000004,2,1,6052.25,0.05
2026-09-08T05:32:17.754069,0000000000000002-0000000000000004,3,1,7921.33,0.06
2026-09-08T05:32:17.774103,0000000000000006-0000000000000005,2,2,1891.33,0.06
2026-09-08T05:32:17.794589,0000000000000004-0000000000000005,1,2,3938.41,0.06
2026-09-08T05:32:17.814536,0000000000000002-0000000000000005,2,2,6112.33,0.05
2026-09-08T05:32:20.389836,0000000000000003-0000000000000005,2,2,7261.93,0.06
2026-09-08T05:32:20.411429,0000000000000004-0000000000000006,2,2,7333.53,0.06
2026-09-08T05:32:20.437543,0000000000000002-0000000000000006,3,2,7203.35,0.06
2026-09-08T05:32:20.461301,0000000000000003-0000000000000006,1,2,3862.04,0.06
2026-09-08T05:32:20.480754,0000000000000001-0000000000000006,2,2,5619.48,0.04
2026-09-08T05:32:20.503933,0000000000000006-0000000000000003,2,1,1787.82,0.06
2026-09-08T05:32:20.526333,0000000000000004-0000000000000003,1,1,3660.26,0.06
2026-09-08T05:32:20.546175,0000000000000002-0000000000000003,2,1,5374.3,0.05
2026-09-08T05:32:20.570078,0000000000000001-0000000000000003,3,1,7168.63,0.06
2026-09-08T05:32:20.590416,0000000000000005-0000000000000003,2,2,1931.02,0.06
2026-09-08T05:32:23.166608,0000000000000003-0000000000000005,2,2,7810.67,0.06
2026-09-08T05:32:23.191682,0000000000000004-0000000000000006,2,2,7996.53,0.06
2026-09-08T05:32:23.211280,0000000000000001-0000000000000005,3,2,7819.31,0.06
2026-09-08T05:32:23.236587,0000000000000001-0000000000000004,2,1,6008.2,0.05
2026-09-08T05:32:23.254288,0000000000000002-0000000000000004,3,1,7996.53,0.06
2026-09-08T05:32:23.273863,0000000000000004-0000000000000001,1,2,3963.69,0.06
2026-09-08T05:32:23.294163,0000000000000002-0000000000000001,2,2,6081.69,0.05
2026-09-08T05:32:23.313155,0000000000000006-0000000000000004,2,2,1960.23,0.06
2026-09-08T05:32:23.332771,0000000000000005-0000000000000004,2,1,1901.88,0.06
2026-09-08T05:32:23.352278,0000000000000003-0000000000000004,1,1,3998.27,0.06
2026-09-08T05:32:25.835875,0000000000000003-0000000000000005,2,2,7888.61,0.06
2026-09-08T05:32:25.855531,0000000000000004-0000000000000006,2,2,7956.04,0.06
2026-09-08T05:32:25.875231,0000000000000001-0000000000000003,3,1,7821.19,0.06
2026-09-08T05:32:25.893186,0000000000000002-0000000000000006,3,2,7888.61,0.06
2026-09-08T05:32:25.914543,0000000000000001-0000000000000002,2,2,6180.54,0.05
2026-09-08T05:32:25.934310,0000000000000003-0000000000000002,1,2,4045.44,0.06
2026-09-08T05:32:25.952172,0000000000000006-0000000000000003,2,1,1926.08,0.06
2026-09-08T05:32:25.972583,0000000000000004-0000000000000003,1,1,3843.17,0.06
2026-09-08T05:32:25.990913,0000000000000002-0000000000000003,2,1,5933.31,0.05
2026-09-08T05:32:26.008721,0000000000000005-0000000000000003,2,2,1932.82,0.06
2026-09-08T05:32:28.524370,0000000000000003-0000000000000005,2,2,7455.63,0.06
2026-09-08T05:32:28.546407,0000000000000004-0000000000000006,2,2,7408.77,0.06
2026-09-08T05:32:28.567735,0000000000000001-0000000000000005,3,2,7435.54,0.06
2026-09-08T05:32:28.588307,0000000000000002-0000000000000006,3,2,7386.45,0.06
2026-09-08T05:32:28.609789,0000000000000006-0000000000000003,2,1,1883.43,0.06
2026-09-08T05:32:28.629451,0000000000000002-0000000000000003,2,1,5715.01,0.05
2026-09-08T05:32:28.651771,0000000000000005-0000000000000003,2,2,1807.56,0.06
2026-09-08T05:32:28.674650,0000000000000004-0000000000000002,1,3,3818.19,0.06
2026-09-08T05:32:28.695976,0000000000000001-0000000000000002,2,2,5623.52,0.05
2026-09-08T05:32:28.718750,0000000000000003-0000000000000002,1,2,3682.07,0.06
2026-09-08T05:32:31.384379,0000000000000003-0000000000000005,2,2,7175.54,0.06
2026-09-08T05:32:31.407176,0000000000000004-0000000000000006,2,2,7532.22,0.06
2026-09-08T05:32:31.428181,0000000000000001-0000000000000006,2,2,5580.98,0.04
2026-09-08T05:32:31.451284,0000000000000002-0000000000000006,3,2,7385.36,0.06
2026-09-08T05:32:31.473143,0000000000000001-0000000000000005,3,2,7028.68,0.06
2026-09-08T05:32:31.494463,0000000000000003-0000000000000001,1,3,3797.58,0.06
2026-09-08T05:32:31.518736,0000000000000005-0000000000000001,2,3,1846.34,0.06
2026-09-08T05:32:31.538278,0000000000000002-0000000000000001,2,2,5455.09,0.05
2026-09-08T05:32:31.555864,0000000000000006-0000000000000001,2,2,1804.38,0.06
2026-09-08T05:32:31.575974,0000000000000004-0000000000000001,1,2,3692.68,0.06
2026-09-08T05:32:34.036963,0000000000000003-0000000000000005,2,2,7835.21,0.06
2026-09-08T05:32:34.066994,0000000000000004-0000000000000006,2,2,7916.64,0.06
2026-09-08T05:32:34.091038,0000000000000001-0000000000000003,3,1,7889.49,0.06
2026-09-08T05:32:34.110481,0000000000000002-0000000000000003,2,1,6048.31,0.05
2026-09-08T05:32:34.135115,0000000000000006-0000000000000002,2,3,1841.18,0.06
2026-09-08T05:32:34.156320,0000000000000004-0000000000000002,1,3,3854.27,0.06
2026-09-08T05:32:34.175860,0000000000000005-0000000000000006,2,2,1922.61,0.06
2026-09-08T05:32:34.197484,0000000000000003-0000000000000006,1,2,3958.32,0.06
2026-09-08T05:32:34.214763,0000000000000001-0000000000000006,2,2,6152.36,0.05
2026-09-08T05:32:34.235079,0000000000000002-0000000000000006,3,2,7984.49,0.06
2026-09-08T05:32:36.857822,0000000000000003-0000000000000005,2,2,7416.91,0.06
2026-09-08T05:32:36.879102,0000000000000004-0000000000000006,2,2,7806.16,0.06
2026-09-08T05:32:36.905269,0000000000000004-0000000000000005,1,2,3843.52,0.06
2026-09-08T05:32:36.924371,0000000000000002-0000000000000005,2,2,5608.95,0.05
2026-09-08T05:32:36.945650,0000000000000001-0000000000000005,3,2,7304.18,0.06
2026-09-08T05:32:36.975583,0000000000000006-0000000000000004,2,2,1801.59,0.06
2026-09-08T05:32:36.997445,0000000000000005-0000000000000004,2,1,1935.59,0.06
2026-09-08T05:32:37.018847,0000000000000003-0000000000000004,1,1,3956.26,0.06
2026-09-08T05:32:37.039015,0000000000000001-0000000000000004,2,1,5679.14,0.05
2026-09-08T05:32:37.066047,0000000000000002-0000000000000004,3,1,7508.38,0.06
2026-09-08T05:32:39.539741,0000000000000003-0000000000000005,2,2,7755.94,0.06
2026-09-08T05:32:39.566105,0000000000000004-0000000000000006,2,2,7695.54,0.06
2026-09-08T05:32:39.585205,0000000000000002-0000000000000004,3,1,7785.02,0.06
2026-09-08T05:32:39.606822,0000000000000001-0000000000000004,2,1,5995.36,0.05
2026-09-08T05:32:39.624155,0000000000000003-0000000000000001,1,3,3803.03,0.06
2026-09-08T05:32:39.643603,0000000000000005-0000000000000001,2,3,1856.77,0.06
2026-09-08T05:32:39.665311,0000000000000006-0000000000000005,2,2,1872.43,0.06
2026-09-08T05:32:39.683121,0000000000000004-0000000000000005,1,2,3885.8,0.06
2026-09-08T05:32:39.701963,0000000000000002-0000000000000005,2,2,5966.28,0.05
2026-09-08T05:32:39.720543,0000000000000001-0000000000000005,3,2,7861.08,0.06
2026-09-08T05:32:42.244462,0000000000000003-0000000000000005,2,2,7307.63,0.06
2026-09-08T05:32:42.266187,0000000000000004-0000000000000006,2,2,7454.05,0.06
2026-09-08T05:32:42.287283,0000000000000002-0000000000000006,3,2,7343.13,0.06
2026-09-08T05:32:42.306061,0000000000000001-0000000000000003,3,1,7272.14,0.06
2026-09-08T05:32:42.327678,0000000000000002-0000000000000003,2,1,5643.78,0.05
2026-09-08T05:32:42.351946,0000000000000004-0000000000000002,1,3,3824.64,0.06
2026-09-08T05:32:42.372669,0000000000000006-0000000000000002,2,3,1961.13,0.06
2026-09-08T05:32:42.399567,0000000000000001-0000000000000002,2,2,5568.36,0.04
2026-09-08T05:32:42.419542,0000000000000005-0000000000000002,2,2,1819.14,0.06
2026-09-08T05:32:42.439689,0000000000000003-0000000000000002,1,2,3727.03,0.06
2026-09-08T05:32:44.949838,0000000000000003-0000000000000005,2,2,7807.32,0.06
2026-09-08T05:32:44.972387,0000000000000004-0000000000000006,2,2,7785.14,0.06
2026-09-08T05:32:44.994296,0000000000000002-0000000000000004,3,1,7762.96,0.06
2026-09-08T05:32:45.013808,0000000000000001-0000000000000004,2,1,5944.21,0.05
2026-09-08T05:32:45.035272,0000000000000003-0000000000000001,1,3,4014.56,0.06
2026-09-08T05:32:45.057382,0000000000000005-0000000000000001,2,3,1885.29,0.06
2026-09-08T05:32:45.077418,0000000000000006-0000000000000001,2,2,1840.93,0.06
2026-09-08T05:32:45.099100,0000000000000004-0000000000000005,1,2,3814.94,0.06
2026-09-08T05:32:45.121690,0000000000000002-0000000000000005,2,2,5966.39,0.05
2026-09-08T05:32:45.142435,0000000000000001-0000000000000005,3,2,7740.78,0.06
2026-09-08T05:32:47.632615,0000000000000003-0000000000000005,2,2,7523.66,0.06
2026-09-08T05:32:47.652264,0000000000000004-0000000000000006,2,2,7648.9,0.06
2026-09-08T05:32:47.671581,0000000000000001-0000000000000002,2,2,5725.49,0.05
2026-09-08T05:32:47.691718,0000000000000002-0000000000000006,3,2,7581.81,0.06
2026-09-08T05:32:47.711930,0000000000000003-0000000000000001,1,3,3891.55,0.06
2026-09-08T05:32:47.731866,0000000000000006-0000000000000003,2,1,1909.99,0.06
2026-09-08T05:32:47.752209,0000000000000004-0000000000000003,1,1,3922.86,0.06
2026-09-08T05:32:47.771059,0000000000000002-0000000000000003,2,1,5823.9,0.05
2026-09-08T05:32:47.793605,0000000000000001-0000000000000003,3,1,7398.41,0.06
2026-09-08T05:32:47.814725,0000000000000005-0000000000000003,2,2,1856.31,0.06
2026-09-08T05:32:50.343974,0000000000000003-0000000000000005,2,2,7184.26,0.06
2026-09-08T05:32:50.367550,0000000000000004-0000000000000006,2,2,7456.41,0.06
2026-09-08T05:32:50.389316,0000000000000001-0000000000000005,3,2,7221.88,0.06
2026-09-08T05:32:50.410286,0000000000000001-0000000000000004,2,1,5774.85,0.05
2026-09-08T05:32:50.431732,0000000000000002-0000000000000004,3,1,7390.03,0.06
2026-09-08T05:32:50.452863,0000000000000005-0000000000000004,2,1,1858.57,0.06
2026-09-08T05:32:50.471305,0000000000000003-0000000000000004,1,1,3783.52,0.06
2026-09-08T05:32:50.491096,0000000000000006-0000000000000005,2,2,1763.43,0.06
2026-09-08T05:32:50.513777,0000000000000004-0000000000000005,1,2,3533.5,0.06
2026-09-08T05:32:50.536471,0000000000000002-0000000000000005,2,2,5414.2,0.05
2026-09-08T05:32:53.049292,0000000000000003-0000000000000005,2,2,8007.26,0.06
2026-09-08T05:32:53.069934,0000000000000004-0000000000000006,2,2,8073.81,0.06
2026-09-08T05:32:53.091611,0000000000000005-0000000000000004,2,1,1996.27,0.06
2026-09-08T05:32:53.115831,0000000000000002-0000000000000004,3,1,8007.26,0.06
2026-09-08T05:32:53.136780,0000000000000001-0000000000000005,3,2,7852.0,0.06
2026-09-08T05:32:53.157583,0000000000000001-0000000000000004,2,1,6055.35,0.05
2026-09-08T05:32:53.179906,0000000000000003-0000000000000001,1,3,4125.63,0.06
2026-09-08T05:32:53.200734,0000000000000002-0000000000000001,2,2,5966.63,0.05
2026-09-08T05:32:53.222772,0000000000000006-0000000000000001,2,2,1885.37,0.06
2026-09-08T05:32:53.246395,0000000000000004-0000000000000001,1,2,3926.0,0.06
2026-09-08T05:32:55.810701,0000000000000003-0000000000000005,2,2,7256.45,0.06
2026-09-08T05:32:55.832765,0000000000000004-0000000000000006,2,2,7473.71,0.06
2026-09-08T05:32:55.855267,0000000000000002-0000000000000004,3,1,7408.53,0.06
2026-09-08T05:32:55.878397,0000000000000002-0000000000000005,2,2,5605.28,0.05
2026-09-08T05:32:55.898812,0000000000000001-0000000000000006,2,2,5670.46,0.05
2026-09-08T05:32:55.921268,0000000000000005-0000000000000001,2,3,1911.88,0.06
2026-09-08T05:32:55.941755,0000000000000004-0000000000000005,1,2,3780.3,0.06
2026-09-08T05:32:55.962553,0000000000000001-0000000000000005,3,2,7234.72,0.06
2026-09-08T05:32:55.986220,0000000000000006-0000000000000004,2,2,1890.15,0.06
2026-09-08T05:32:56.006522,0000000000000003-0000000000000004,1,1,3867.21,0.06
2026-09-08T05:32:58.562225,0000000000000003-0000000000000005,2,2,7762.86,0.06
2026-09-08T05:32:58.584936,0000000000000004-0000000000000006,2,2,7784.67,0.06
2026-09-08T05:32:58.604173,0000000000000001-0000000000000005,3,2,7675.64,0.06
2026-09-08T05:32:58.626313,0000000000000005-0000000000000001,2,3,1875.3,0.06
2026-09-08T05:32:58.647805,0000000000000002-0000000000000001,2,2,5952.98,0.05
2026-09-08T05:32:58.667673,0000000000000003-0000000000000004,1,1,3903.24,0.06
2026-09-08T05:32:58.689900,0000000000000001-0000000000000004,2,1,5887.56,0.05
2026-09-08T05:32:58.709159,0000000000000004-0000000000000001,1,2,3903.24,0.06
2026-09-08T05:32:58.730779,0000000000000006-0000000000000004,2,2,1831.69,0.06
2026-09-08T05:32:58.753454,0000000000000002-0000000000000004,3,1,7719.25,0.06
2026-09-08T05:33:01.318859,0000000000000003-0000000000000005,2,2,7552.24,0.06
2026-09-08T05:33:01.338532,0000000000000004-0000000000000006,2,2,7726.35,0.06
2026-09-08T05:33:01.358173,0000000000000002-0000000000000006,3,2,7574.0,0.06
2026-09-08T05:33:01.379764,0000000000000001-0000000000000002,2,2,5876.38,0.05
2026-09-08T05:33:01.398776,0000000000000001-0000000000000003,3,1,7465.18,0.06
2026-09-08T05:33:01.418492,0000000000000005-0000000000000001,2,3,1937.03,0.06
2026-09-08T05:33:01.439899,0000000000000003-0000000000000001,1,3,3961.11,0.06
2026-09-08T05:33:01.458068,0000000000000006-0000000000000001,2,2,1784.68,0.06
2026-09-08T05:33:01.477995,0000000000000004-0000000000000001,1,2,3765.24,0.06
2026-09-08T05:33:01.499670,0000000000000002-0000000000000001,2,2,5636.97,0.05
2026-09-08T05:33:03.957215,0000000000000003-0000000000000005,2,2,7983.06,0.06
2026-09-08T05:33:03.982452,0000000000000004-0000000000000006,2,2,7892.08,0.06
2026-09-08T05:33:04.001838,0000000000000001-0000000000000005,3,2,7937.57,0.06
2026-09-08T05:33:04.022762,0000000000000002-0000000000000004,3,1,7914.83,0.06
2026-09-08T05:33:04.044581,0000000000000001-0000000000000004,2,1,6072.58,0.05
2026-09-08T05:33:04.068521,0000000000000003-0000000000000001,1,3,4071.13,0.06
2026-09-08T05:33:04.089212,0000000000000005-0000000000000001,2,3,1978.71,0.06
2026-09-08T05:33:04.110455,0000000000000002-0000000000000001,2,2,6027.09,0.05
2026-09-08T05:33:04.132584,0000000000000006-0000000000000001,2,2,1910.48,0.06
2026-09-08T05:33:04.153759,0000000000000004-0000000000000001,1,2,3934.67,0.06
2026-09-08T05:33:06.833843,0000000000000003-0000000000000005,2,2,7362.55,0.06
2026-09-08T05:33:06.856356,0000000000000004-0000000000000006,2,2,7529.4,0.06
2026-09-08T05:33:06.877088,0000000000000006-0000000000000001,2,2,1897.99,0.06
2026-09-08T05:33:06.901798,0000000000000002-0000000000000004,3,1,7299.97,0.06
2026-09-08T05:33:06.922687,0000000000000003-0000000000000001,1,3,3921.13,0.06
2026-09-08T05:33:06.954612,0000000000000002-0000000000000001,2,2,5714.84,0.05
2026-09-08T05:33:06.983971,0000000000000004-0000000000000002,1,3,3879.42,0.06
2026-09-08T05:33:07.006656,0000000000000001-0000000000000002,2,2,5610.55,0.04
2026-09-08T05:33:07.030231,0000000000000001-0000000000000003,3,1,7133.12,0.06
2026-09-08T05:33:07.055606,0000000000000005-0000000000000003,2,2,1939.71,0.06
2026-09-08T05:33:09.513019,0000000000000003-0000000000000005,2,2,8241.26,0.07
2026-09-08T05:33:09.532776,0000000000000004-0000000000000006,2,2,8286.05,0.07
2026-09-08T05:33:09.551209,0000000000000001-0000000000000003,3,1,8330.84,0.07
2026-09-08T05:33:09.571221,0000000000000001-0000000000000006,2,2,6494.47,0.05
2026-09-08T05:33:09.590714,0000000000000002-0000000000000006,3,2,8420.42,0.07
2026-09-08T05:33:09.612545,0000000000000005-0000000000000001,2,3,1948.34,0.06
2026-09-08T05:33:09.631454,0000000000000003-0000000000000001,1,3,4098.23,0.07
2026-09-08T05:33:09.648693,0000000000000006-0000000000000001,2,2,1925.95,0.06
2026-09-08T05:33:09.669730,0000000000000004-0000000000000001,1,2,3963.87,0.06
2026-09-08T05:33:09.689393,0000000000000002-0000000000000001,2,2,6382.5,0.05
2026-09-08T05:33:12.192426,0000000000000003-0000000000000005,2,2,7456.53,0.06
2026-09-08T05:33:12.217809,0000000000000004-0000000000000006,2,2,7478.92,0.06
2026-09-08T05:33:12.238212,0000000000000002-0000000000000003,2,1,5709.95,0.05
2026-09-08T05:33:12.259108,0000000000000001-0000000000000003,3,1,7389.35,0.06
2026-09-08T05:33:12.280850,0000000000000002-0000000000000006,3,2,7389.35,0.06
2026-09-08T05:33:12.304397,0000000000000001-0000000000000002,2,2,5709.95,0.05
2026-09-08T05:33:12.324095,0000000000000003-0000000000000002,1,2,3739.46,0.06
2026-09-08T05:33:12.346953,0000000000000006-0000000000000003,2,1,1903.32,0.06
2026-09-08T05:33:12.367963,0000000000000004-0000000000000003,1,1,3829.03,0.06
2026-09-08T05:33:12.389606,0000000000000005-0000000000000003,2,2,1858.53,0.06
2026-09-08T05:33:15.034682,0000000000000003-0000000000000005,2,2,7367.39,0.06
2026-09-08T05:33:15.055880,0000000000000004-0000000000000006,2,2,7705.15,0.06
2026-09-08T05:33:15.076271,0000000000000001-0000000000000003,3,1,7261.84,0.06
2026-09-08T05:33:15.098713,0000000000000004-0000000000000002,1,3,3799.8,0.06
2026-09-08T05:33:15.118158,0000000000000005-0000000000000006,2,2,1836.57,0.06
2026-09-08T05:33:15.138488,0000000000000002-0000000000000001,2,2,5573.04,0.05
2026-09-08T05:33:15.161240,0000000000000003-0000000000000006,1,2,3820.91,0.06
2026-09-08T05:33:15.181900,0000000000000001-0000000000000006,2,2,5699.7,0.05
2026-09-08T05:33:15.204412,0000000000000002-0000000000000004,3,1,7536.27,0.06
2026-09-08T05:33:15.230455,0000000000000006-0000000000000004,2,2,1836.57,0.06
2026-09-08T05:33:17.691641,0000000000000003-0000000000000005,2,2,8084.74,0.06
2026-09-08T05:33:17.715755,0000000000000004-0000000000000006,2,2,8197.66,0.07
2026-09-08T05:33:17.740428,0000000000000001-0000000000000005,3,2,8062.16,0.06
2026-09-08T05:33:17.759312,0000000000000001-0000000000000004,2,1,6278.1,0.05
2026-09-08T05:33:17.781349,0000000000000002-0000000000000004,3,1,8242.82,0.07
2026-09-08T05:33:17.800677,0000000000000003-0000000000000001,1,3,4177.87,0.06
2026-09-08T05:33:17.822434,0000000000000005-0000000000000001,2,3,2009.89,0.06
2026-09-08T05:33:17.841605,0000000000000006-0000000000000005,2,2,1964.73,0.06
2026-09-08T05:33:17.866421,0000000000000004-0000000000000005,1,2,3974.62,0.06
2026-09-08T05:33:17.887215,0000000000000002-0000000000000005,2,2,6255.51,0.05
2026-09-08T05:33:20.523791,0000000000000003-0000000000000005,2,2,7605.35,0.06
2026-09-08T05:33:20.545598,0000000000000004-0000000000000006,2,2,7541.8,0.06
2026-09-08T05:33:20.565593,0000000000000001-0000000000000003,3,1,7457.06,0.06
2026-09-08T05:33:20.586103,0000000000000002-0000000000000006,3,2,7393.51,0.06
2026-09-08T05:33:20.607692,0000000000000002-0000000000000003,2,1,5719.9,0.05
2026-09-08T05:33:20.627461,0000000000000006-0000000000000002,2,3,1864.26,0.06
2026-09-08T05:33:20.648131,0000000000000004-0000000000000002,1,3,3898.01,0.06
2026-09-08T05:33:20.668805,0000000000000005-0000000000000002,2,2,1927.82,0.06
2026-09-08T05:33:20.688243,0000000000000003-0000000000000002,1,2,3898.01,0.06
2026-09-08T05:33:20.709100,0000000000000001-0000000000000002,2,2,5613.98,0.04
2026-09-08T05:33:23.167398,0000000000000003-0000000000000005,2,2,8080.89,0.06
2026-09-08T05:33:23.191803,0000000000000004-0000000000000006,2,2,8217.08,0.07
2026-09-08T05:33:23.213410,0000000000000002-0000000000000004,3,1,8239.78,0.07
2026-09-08T05:33:23.236740,0000000000000001-0000000000000004,2,1,6264.96,0.05
2026-09-08T05:33:23.260933,0000000000000003-0000000000000001,1,3,4063.14,0.06
2026-09-08T05:33:23.282202,0000000000000005-0000000000000001,2,3,1929.43,0.06
2026-09-08T05:33:23.305024,0000000000000006-0000000000000001,2,2,1906.73,0.06
2026-09-08T05:33:23.325614,0000000000000004-0000000000000005,1,2,3926.95,0.06
2026-09-08T05:33:23.347191,0000000000000002-0000000000000005,2,2,6037.97,0.05
2026-09-08T05:33:23.367669,0000000000000001-0000000000000005,3,2,8103.59,0.06
2026-09-08T05:33:25.838125,0000000000000003-0000000000000005,2,2,6896.77,0.06
2026-09-08T05:33:25.859464,0000000000000004-0000000000000006,2,2,7166.35,0.06
2026-09-08T05:33:25.882687,0000000000000001-0000000000000003,3,1,6829.37,0.05
2026-09-08T05:33:25.904444,0000000000000002-0000000000000001,2,2,5211.89,0.04
2026-09-08T05:33:25.922510,0000000000000002-0000000000000006,3,2,7098.95,0.06
2026-09-08T05:33:25.949979,0000000000000006-0000000000000002,2,3,1684.88,0.06
2026-09-08T05:33:25.970382,0000000000000004-0000000000000002,1,3,3369.76,0.06
2026-09-08T05:33:25.988994,0000000000000005-0000000000000002,2,2,1842.13,0.06
2026-09-08T05:33:26.011876,0000000000000003-0000000000000002,1,2,3639.34,0.05
2026-09-08T05:33:26.035140,0000000000000001-0000000000000002,2,2,5459.01,0.04
2026-09-08T05:33:28.628912,0000000000000003-0000000000000005,2,2,7094.3,0.06
2026-09-08T05:33:28.657159,0000000000000004-0000000000000006,2,2,7266.28,0.06
2026-09-08T05:33:28.677103,0000000000000004-0000000000000005,1,2,3676.14,0.06
2026-09-08T05:33:28.700918,0000000000000002-0000000000000005,2,2,5395.97,0.04
2026-09-08T05:33:28.723596,0000000000000001-0000000000000005,3,2,7072.8,0.06
2026-09-08T05:33:28.744142,0000000000000006-0000000000000004,2,2,1741.33,0.06
2026-09-08T05:33:28.765738,0000000000000002-0000000000000004,3,1,7137.29,0.06
2026-09-08T05:33:28.787609,0000000000000005-0000000000000004,2,1,1827.32,0.06
2026-09-08T05:33:28.807714,0000000000000003-0000000000000004,1,1,3654.64,0.06
2026-09-08T05:33:28.832042,0000000000000001-0000000000000004,2,1,5546.45,0.04
2026-09-08T05:33:31.418813,0000000000000003-0000000000000005,2,2,7934.98,0.06
2026-09-08T05:33:31.439230,0000000000000004-0000000000000006,2,2,7891.98,0.06
2026-09-08T05:33:31.461938,0000000000000002-0000000000000004,3,1,7891.98,0.06
2026-09-08T05:33:31.482361,0000000000000001-0000000000000004,2,1,5913.61,0.05
2026-09-08T05:33:31.500546,0000000000000003-0000000000000001,1,3,3956.74,0.06
2026-09-08T05:33:31.521258,0000000000000005-0000000000000001,2,3,1849.35,0.06
2026-09-08T05:33:31.540930,0000000000000006-0000000000000005,2,2,1956.87,0.06
2026-09-08T05:33:31.563987,0000000000000004-0000000000000005,1,2,4042.76,0.06
2026-09-08T05:33:31.580637,0000000000000002-0000000000000005,2,2,6128.65,0.05
2026-09-08T05:33:31.601098,0000000000000001-0000000000000005,3,2,7848.97,0.06
2026-09-08T05:33:34.069161,0000000000000003-0000000000000005,2,2,8060.67,0.06
2026-09-08T05:33:34.107172,0000000000000004-0000000000000006,2,2,8128.6,0.07
2026-09-08T05:33:34.133557,0000000000000001-0000000000000004,2,1,6090.79,0.05
2026-09-08T05:33:34.154917,0000000000000002-0000000000000004,3,1,8060.67,0.06
2026-09-08T05:33:34.179511,0000000000000005-0000000000000004,2,1,1879.31,0.06
2026-09-08T05:33:34.199947,0000000000000003-0000000000000004,1,1,4030.34,0.06
2026-09-08T05:33:34.220696,0000000000000006-0000000000000005,2,2,1992.53,0.06
2026-09-08T05:33:34.241271,0000000000000004-0000000000000005,1,2,4030.34,0.06
2026-09-08T05:33:34.264411,0000000000000002-0000000000000005,2,2,6136.07,0.05
2026-09-08T05:33:34.288250,0000000000000001-0000000000000005,3,2,7970.1,0.06
2026-09-08T05:33:36.809700,0000000000000003-0000000000000005,2,2,7441.71,0.06
2026-09-08T05:33:36.834314,0000000000000004-0000000000000006,2,2,7616.81,0.06
2026-09-08T05:33:36.854671,0000000000000001-0000000000000003,3,1,7441.71,0.06
2026-09-08T05:33:36.874772,0000000000000005-0000000000000001,2,3,1882.32,0.06
2026-09-08T05:33:36.897739,0000000000000004-0000000000000005,1,2,3720.86,0.06
2026-09-08T05:33:36.918975,0000000000000002-0000000000000005,2,2,5668.83,0.05
2026-09-08T05:33:36.943115,0000000000000002-0000000000000004,3,1,7551.15,0.06
2026-09-08T05:33:36.967753,0000000000000003-0000000000000004,1,1,3808.41,0.06
2026-09-08T05:33:36.987260,0000000000000001-0000000000000004,2,1,5843.93,0.05
2026-09-08T05:33:37.010371,0000000000000006-0000000000000004,2,2,1750.99,0.06
2026-09-08T05:33:39.519586,0000000000000003-0000000000000005,2,2,7795.81,0.06
2026-09-08T05:33:39.538271,0000000000000004-0000000000000006,2,2,7840.11,0.06
2026-09-08T05:33:39.560317,0000000000000001-0000000000000003,3,1,7662.93,0.06
2026-09-08T05:33:39.579225,0000000000000006-0000000000000003,2,1,1816.07,0.06
2026-09-08T05:33:39.598220,0000000000000004-0000000000000003,1,1,3809.32,0.06
2026-09-08T05:33:39.619414,0000000000000002-0000000000000003,2,1,5846.86,0.05
2026-09-08T05:33:39.635717,0000000000000005-0000000000000006,2,2,1904.66,0.06
2026-09-08T05:33:39.656302,0000000000000003-0000000000000006,1,2,3964.35,0.06
2026-09-08T05:33:39.673995,0000000000000001-0000000000000006,2,2,5824.71,0.05
2026-09-08T05:33:39.692779,0000000000000002-0000000000000006,3,2,7773.66,0.06
2026-09-08T05:33:42.214573,0000000000000003-0000000000000005,2,2,7236.64,0.06
2026-09-08T05:33:42.239077,0000000000000004-0000000000000006,2,2,7615.17,0.06
2026-09-08T05:33:42.258895,0000000000000004-0000000000000005,1,2,3673.99,0.06
2026-09-08T05:33:42.278886,0000000000000002-0000000000000005,2,2,5611.18,0.05
2026-09-08T05:33:42.301985,0000000000000001-0000000000000005,3,2,7169.84,0.06
2026-09-08T05:33:42.321688,0000000000000005-0000000000000004,2,1,1848.13,0.06
2026-09-08T05:33:42.343801,0000000000000003-0000000000000004,1,1,3829.85,0.06
2026-09-08T05:33:42.363947,0000000000000001-0000000000000004,2,1,5677.98,0.05
2026-09-08T05:33:42.384090,0000000000000002-0000000000000004,3,1,7548.37,0.06
2026-09-08T05:33:42.408029,0000000000000006-0000000000000004,2,2,1825.86,0.06
2026-09-08T05:33:44.992327,0000000000000003-0000000000000005,2,2,7839.67,0.06
2026-09-08T05:33:45.013923,0000000000000004-0000000000000006,2,2,8034.04,0.06
2026-09-08T05:33:45.036988,0000000000000001-0000000000000003,3,1,7731.68,0.06
2026-09-08T05:33:45.058271,0000000000000002-0000000000000003,2,1,5982.33,0.05
2026-09-08T05:33:45.082296,0000000000000004-0000000000000002,1,3,3952.23,0.06
2026-09-08T05:33:45.101519,0000000000000006-0000000000000002,2,3,1900.53,0.06
2026-09-08T05:33:45.123318,0000000000000001-0000000000000002,2,2,5982.33,0.05
2026-09-08T05:33:45.145870,0000000000000005-0000000000000002,2,2,1878.93,0.06
2026-09-08T05:33:45.168626,0000000000000003-0000000000000002,1,2,4017.02,0.06
2026-09-08T05:33:45.190237,0000000000000002-0000000000000006,3,2,7904.46,0.06
2026-09-08T05:33:47.681609,0000000000000003-0000000000000005,2,2,7675.49,0.06
2026-09-08T05:33:47.702401,0000000000000004-0000000000000006,2,2,7853.99,0.06
2026-09-08T05:33:47.722952,0000000000000003-0000000000000002,1,2,3949.31,0.06
2026-09-08T05:33:47.740925,0000000000000001-0000000000000003,3,1,7653.18,0.06
2026-09-08T05:33:47.765921,0000000000000006-0000000000000003,2,1,1874.25,0.06
2026-09-08T05:33:47.786672,0000000000000004-0000000000000003,1,1,3860.06,0.06
2026-09-08T05:33:47.805584,0000000000000002-0000000000000003,2,1,5935.12,0.05
2026-09-08T05:33:47.826038,0000000000000005-0000000000000006,2,2,1963.5,0.06
2026-09-08T05:33:47.843975,0000000000000001-0000000000000006,2,2,6024.37,0.05
2026-09-08T05:33:47.862085,0000000000000002-0000000000000006,3,2,7876.3,0.06
2026-09-08T05:33:50.470849,0000000000000003-0000000000000005,2,2,7291.33,0.06
2026-09-08T05:33:50.490136,0000000000000004-0000000000000006,2,2,7398.88,0.06
2026-09-08T05:33:50.508972,0000000000000006-0000000000000003,2,1,1849.72,0.06
2026-09-08T05:33:50.532725,0000000000000004-0000000000000003,1,1,3785.47,0.06
2026-09-08T05:33:50.558298,0000000000000002-0000000000000003,2,1,5592.17,0.05
2026-09-08T05:33:50.580138,0000000000000001-0000000000000003,3,1,7226.81,0.06
2026-09-08T05:33:50.600792,0000000000000005-0000000000000006,2,2,1828.21,0.06
2026-09-08T05:33:50.618319,0000000000000003-0000000000000006,1,2,3785.47,0.06
2026-09-08T05:33:50.639467,0000000000000001-0000000000000006,2,2,5635.19,0.05
2026-09-08T05:33:50.658655,0000000000000002-0000000000000006,3,2,7226.81,0.06
2026-09-08T05:33:53.241945,0000000000000003-0000000000000005,2,2,7948.81,0.06
2026-09-08T05:33:53.269189,0000000000000004-0000000000000006,2,2,7818.85,0.06
2026-09-08T05:33:53.289145,0000000000000001-0000000000000003,3,1,7797.19,0.06
2026-09-08T05:33:53.309326,0000000000000002-0000000000000003,2,1,5934.53,0.05
2026-09-08T05:33:53.327282,0000000000000003-0000000000000001,1,3,4028.55,0.06
2026-09-08T05:33:53.348107,0000000000000005-0000000000000001,2,3,1949.3,0.06
2026-09-08T05:33:53.368034,0000000000000004-0000000000000001,1,2,3920.26,0.06
2026-09-08T05:33:53.387849,0000000000000006-0000000000000004,2,2,1905.98,0.06
2026-09-08T05:33:53.412642,0000000000000002-0000000000000004,3,1,7775.53,0.06
2026-09-08T05:33:53.433360,0000000000000001-0000000000000004,2,1,5977.85,0.05
2026-09-08T05:33:56.032129,0000000000000003-0000000000000005,2,2,7740.12,0.06
2026-09-08T05:33:56.054352,0000000000000004-0000000000000006,2,2,7761.62,0.06
2026-09-08T05:33:56.077722,0000000000000002-0000000000000006,3,2,7675.62,0.06
2026-09-08T05:33:56.099124,0000000000000006-0000000000000003,2,1,1978.03,0.06
2026-09-08T05:33:56.120054,0000000000000002-0000000000000003,2,1,5998.59,0.05
2026-09-08T05:33:56.142716,0000000000000001-0000000000000003,3,1,7675.62,0.06
2026-09-08T05:33:56.164385,0000000000000004-0000000000000002,1,3,3977.56,0.06
2026-09-08T05:33:56.186979,0000000000000001-0000000000000002,2,2,5869.59,0.05
2026-09-08T05:33:56.207925,0000000000000005-0000000000000006,2,2,1849.03,0.06
2026-09-08T05:33:56.229431,0000000000000003-0000000000000006,1,2,3956.06,0.06
2026-09-08T05:33:58.745353,0000000000000003-0000000000000005,2,2,8159.73,0.07
2026-09-08T05:33:58.769629,0000000000000004-0000000000000006,2,2,7960.71,0.06
2026-09-08T05:33:58.789108,0000000000000002-0000000000000004,3,1,8027.05,0.06
2026-09-08T05:33:58.809975,0000000000000003-0000000000000004,1,1,3980.35,0.06
2026-09-08T05:33:58.834541,0000000000000001-0000000000000004,2,1,6258.0,0.05
2026-09-08T05:33:58.855104,0000000000000001-0000000000000003,3,1,8115.5,0.06
2026-09-08T05:33:58.873802,0000000000000006-0000000000000003,2,1,1879.61,0.06
2026-09-08T05:33:58.896091,0000000000000004-0000000000000003,1,1,3891.9,0.06
2026-09-08T05:33:58.918141,0000000000000002-0000000000000003,2,1,6213.77,0.05
2026-09-08T05:33:58.940224,0000000000000005-0000000000000003,2,2,1835.39,0.06
2026-09-08T05:34:01.432661,0000000000000003-0000000000000005,2,2,7010.06,0.06
2026-09-08T05:34:01.453358,0000000000000004-0000000000000006,2,2,7255.63,0.06
2026-09-08T05:34:01.471485,0000000000000005-0000000000000004,2,1,1830.65,0.06
2026-09-08T05:34:01.489129,0000000000000003-0000000000000004,1,1,3638.98,0.06
2026-09-08T05:34:01.507556,0000000000000001-0000000000000004,2,1,5447.3,0.04
2026-09-08T05:34:01.526695,0000000000000002-0000000000000004,3,1,7121.68,0.06
2026-09-08T05:34:01.550828,0000000000000002-0000000000000005,2,2,5536.6,0.04
2026-09-08T05:34:01.568942,0000000000000006-0000000000000005,2,2,1830.65,0.06
2026-09-08T05:34:01.586690,0000000000000004-0000000000000005,1,2,3705.95,0.06
2026-09-08T05:34:01.606911,0000000000000001-0000000000000005,3,2,7054.71,0.06
2026-09-08T05:34:04.119720,0000000000000003-0000000000000005,2,2,7770.35,0.06
2026-09-08T05:34:04.144572,0000000000000004-0000000000000006,2,2,7837.34,0.06
2026-09-08T05:34:04.168896,0000000000000002-0000000000000004,3,1,7792.68,0.06
2026-09-08T05:34:04.188345,0000000000000001-0000000000000005,3,2,7658.71,0.06
2026-09-08T05:34:04.210024,0000000000000001-0000000000000004,2,1,5894.75,0.05
2026-09-08T05:34:04.231024,0000000000000003-0000000000000001,1,3,3840.52,0.06
2026-09-08T05:34:04.250271,0000000000000005-0000000000000001,2,3,1920.26,0.06
2026-09-08T05:34:04.274970,0000000000000006-0000000000000005,2,2,1920.26,0.06
2026-09-08T05:34:04.296116,0000000000000004-0000000000000005,1,2,3974.49,0.06
2026-09-08T05:34:04.314953,0000000000000002-0000000000000005,2,2,5961.74,0.05
2026-09-08T05:34:06.895620,0000000000000003-0000000000000005,2,2,7111.49,0.06
2026-09-08T05:34:06.919039,0000000000000004-0000000000000006,2,2,7370.87,0.06
2026-09-08T05:34:06.939220,0000000000000002-0000000000000004,3,1,7241.18,0.06
2026-09-08T05:34:06.960001,0000000000000004-0000000000000001,1,2,3761.09,0.06
2026-09-08T05:34:06.984878,0000000000000005-0000000000000004,2,1,1837.31,0.06
2026-09-08T05:34:07.005289,0000000000000003-0000000000000004,1,1,3804.32,0.06
2026-09-08T05:34:07.025466,0000000000000001-0000000000000004,2,1,5598.41,0.04
2026-09-08T05:34:07.046482,0000000000000006-0000000000000005,2,2,1815.7,0.06
2026-09-08T05:34:07.066078,0000000000000002-0000000000000005,2,2,5576.79,0.05
2026-09-08T05:34:07.088695,0000000000000001-0000000000000005,3,2,7068.26,0.06
2026-09-08T05:34:09.786295,0000000000000003-0000000000000005,2,2,7410.79,0.06
2026-09-08T05:34:09.811447,0000000000000004-0000000000000006,2,2,7265.48,0.06
2026-09-08T05:34:09.832388,0000000000000002-0000000000000004,3,1,7265.48,0.06
2026-09-08T05:34:09.854306,0000000000000001-0000000000000004,2,1,5584.04,0.05
2026-09-08T05:34:09.877314,0000000000000003-0000000000000001,1,3,3611.98,0.06
2026-09-08T05:34:09.900319,0000000000000005-0000000000000001,2,3,1702.2,0.06
2026-09-08T05:34:09.924264,0000000000000006-0000000000000005,2,2,1702.2,0.06
2026-09-08T05:34:09.946589,0000000000000004-0000000000000005,1,2,3591.22,0.06
2026-09-08T05:34:09.968491,0000000000000002-0000000000000005,2,2,5625.56,0.05
2026-09-08T05:34:09.992880,0000000000000001-0000000000000005,3,2,7410.79,0.06
2026-09-08T05:34:12.387083,0000000000000003-0000000000000005,2,2,7797.62,0.06
2026-09-08T05:34:12.410215,0000000000000004-0000000000000006,2,2,7589.99,0.06
2026-09-08T05:34:12.433815,0000000000000001-0000000000000005,3,2,7728.41,0.06
2026-09-08T05:34:12.456368,0000000000000002-0000000000000004,3,1,7613.06,0.06
2026-09-08T05:34:12.475463,0000000000000001-0000000000000004,2,1,5952.03,0.05
2026-09-08T05:34:12.495277,0000000000000003-0000000000000001,1,3,3921.88,0.06
2026-09-08T05:34:12.515675,0000000000000005-0000000000000001,2,3,2030.15,0.06
2026-09-08T05:34:12.533584,0000000000000002-0000000000000001,2,2,5952.03,0.05
2026-09-08T05:34:12.553636,0000000000000006-0000000000000001,2,2,1868.66,0.06
2026-09-08T05:34:12.572149,0000000000000004-0000000000000001,1,2,3852.67,0.06
2026-09-08T05:34:15.182967,0000000000000003-0000000000000005,2,2,7231.28,0.06
2026-09-08T05:34:15.203851,0000000000000004-0000000000000006,2,2,7402.94,0.06
2026-09-08T05:34:15.232266,0000000000000001-0000000000000005,3,2,6995.25,0.06
2026-09-08T05:34:15.251618,0000000000000001-0000000000000006,2,2,5493.2,0.04
2026-09-08T05:34:15.270635,0000000000000002-0000000000000006,3,2,7166.91,0.06
2026-09-08T05:34:15.295587,0000000000000006-0000000000000003,2,1,1888.29,0.06
2026-09-08T05:34:15.315996,0000000000000004-0000000000000003,1,1,3926.78,0.06
2026-09-08T05:34:15.339315,0000000000000002-0000000000000003,2,1,5557.57,0.04
2026-09-08T05:34:15.359164,0000000000000005-0000000000000004,2,1,1909.75,0.06
2026-09-08T05:34:15.379296,0000000000000003-0000000000000004,1,1,3862.41,0.06
2026-09-08T05:34:17.861486,0000000000000003-0000000000000005,2,2,8018.73,0.06
2026-09-08T05:34:17.883025,0000000000000004-0000000000000006,2,2,7861.94,0.06
2026-09-08T05:34:17.903871,0000000000000001-0000000000000004,2,1,6204.44,0.05
2026-09-08T05:34:17.925497,0000000000000002-0000000000000004,3,1,7929.13,0.06
2026-09-08T05:34:17.946312,0000000000000005-0000000000000001,2,3,2038.28,0.06
2026-09-08T05:34:17.968869,0000000000000004-0000000000000001,1,2,4031.76,0.06
2026-09-08T05:34:17.988121,0000000000000002-0000000000000005,2,2,6226.83,0.05
2026-09-08T05:34:18.008829,0000000000000001-0000000000000005,3,2,8041.13,0.06
2026-09-08T05:34:18.032003,0000000000000006-0000000000000004,2,2,1971.08,0.06
2026-09-08T05:34:18.052324,0000000000000003-0000000000000004,1,1,4143.76,0.06
2026-09-08T05:34:20.508246,0000000000000003-0000000000000005,2,2,7798.9,0.06
2026-09-08T05:34:20.529681,0000000000000004-0000000000000006,2,2,7776.23,0.06
2026-09-08T05:34:20.550630,0000000000000002-0000000000000006,3,2,7662.88,0.06
2026-09-08T05:34:20.573966,0000000000000001-0000000000000003,3,1,7730.89,0.06
2026-09-08T05:34:20.595183,0000000000000002-0000000000000003,2,1,5962.53,0.05
2026-09-08T05:34:20.617490,0000000000000004-0000000000000002,1,3,3944.79,0.06
2026-09-08T05:34:20.637932,0000000000000006-0000000000000002,2,3,1927.06,0.06
2026-09-08T05:34:20.656178,0000000000000001-0000000000000002,2,2,5826.51,0.05
2026-09-08T05:34:20.676691,0000000000000005-0000000000000002,2,2,1836.37,0.06
2026-09-08T05:34:20.695952,0000000000000003-0000000000000002,1,2,3876.78,0.06
2026-09-08T05:34:23.189412,0000000000000003-0000000000000005,2,2,7742.93,0.06
2026-09-08T05:34:23.215164,0000000000000004-0000000000000006,2,2,7675.79,0.06
2026-09-08T05:34:23.236181,0000000000000002-0000000000000003,2,1,5997.41,0.05
2026-09-08T05:34:23.259312,0000000000000001-0000000000000003,3,1,7675.79,0.06
2026-09-08T05:34:23.284787,0000000000000002-0000000000000006,3,2,7608.66,0.06
2026-09-08T05:34:23.306659,0000000000000001-0000000000000002,2,2,5818.38,0.05
2026-09-08T05:34:23.328252,0000000000000003-0000000000000002,1,2,3781.95,0.06
2026-09-08T05:34:23.350912,0000000000000006-0000000000000003,2,1,2014.06,0.06
2026-09-08T05:34:23.369064,0000000000000004-0000000000000003,1,1,3983.36,0.06
2026-09-08T05:34:23.397200,0000000000000005-0000000000000003,2,2,1879.79,0.06
2026-09-08T05:34:25.960165,0000000000000003-0000000000000005,2,2,7492.27,0.06
2026-09-08T05:34:25.982516,0000000000000004-0000000000000006,2,2,7557.23,0.06
2026-09-08T05:34:26.002935,0000000000000002-0000000000000001,2,2,5716.64,0.05
2026-09-08T05:34:26.025659,0000000000000001-0000000000000004,2,1,5759.95,0.05
2026-09-08T05:34:26.047653,0000000000000002-0000000000000004,3,1,7492.27,0.06
2026-09-08T05:34:26.070228,0000000000000004-0000000000000005,1,2,3811.1,0.06
2026-09-08T05:34:26.090299,0000000000000001-0000000000000005,3,2,7448.96,0.06
2026-09-08T05:34:26.111682,0000000000000003-0000000000000001,1,3,3897.71,0.06
2026-09-08T05:34:26.134174,0000000000000006-0000000000000001,2,2,1818.93,0.06
2026-09-08T05:34:26.152857,0000000000000005-0000000000000004,2,1,1905.55,0.06
2026-09-08T05:34:28.738148,0000000000000003-0000000000000005,2,2,7688.72,0.06
2026-09-08T05:34:28.760999,0000000000000004-0000000000000006,2,2,7818.31,0.06
2026-09-08T05:34:28.781785,0000000000000001-0000000000000004,2,1,5939.32,0.05
2026-09-08T05:34:28.802569,0000000000000002-0000000000000004,3,1,7753.51,0.06
2026-09-08T05:34:28.824300,0000000000000001-0000000000000005,3,2,7602.33,0.06
2026-09-08T05:34:28.846258,0000000000000002-0000000000000001,2,2,5809.74,0.05
2026-09-08T05:34:28.867015,0000000000000004-0000000000000001,1,2,3757.97,0.06
2026-09-08T05:34:28.890468,0000000000000005-0000000000000004,2,1,1900.58,0.06
2026-09-08T05:34:28.908540,0000000000000003-0000000000000004,1,1,3973.95,0.06
2026-09-08T05:34:28.931630,0000000000000006-0000000000000004,2,2,1727.8,0.06
2026-09-08T05:34:31.449365,0000000000000003-0000000000000005,2,2,7636.71,0.06
2026-09-08T05:34:31.470214,0000000000000004-0000000000000006,2,2,7835.93,0.06
2026-09-08T05:34:31.488239,0000000000000002-0000000000000004,3,1,7769.52,0.06
2026-09-08T05:34:31.508778,0000000000000001-0000000000000005,3,2,7592.44,0.06
2026-09-08T05:34:31.527152,0000000000000002-0000000000000001,2,2,5799.47,0.05
2026-09-08T05:34:31.551982,0000000000000006-0000000000000002,2,3,1815.1,0.06
2026-09-08T05:34:31.569196,0000000000000004-0000000000000002,1,3,3718.75,0.06
2026-09-08T05:34:31.586467,0000000000000005-0000000000000002,2,2,1881.51,0.06
2026-09-08T05:34:31.608940,0000000000000003-0000000000000002,1,2,3895.83,0.06
2026-09-08T05:34:31.628832,0000000000000001-0000000000000002,2,2,5888.01,0.05
2026-09-08T05:34:34.137690,0000000000000003-0000000000000005,2,2,7542.41,0.06
2026-09-08T05:34:34.170387,0000000000000004-0000000000000006,2,2,7542.41,0.06
2026-09-08T05:34:34.194820,0000000000000002-0000000000000006,3,2,7520.1,0.06
2026-09-08T05:34:34.218263,0000000000000002-0000000000000003,2,1,5712.6,0.05
2026-09-08T05:34:34.238537,0000000000000001-0000000000000003,3,1,7453.15,0.06
2026-09-08T05:34:34.260614,0000000000000006-0000000000000002,2,3,1785.19,0.06
2026-09-08T05:34:34.284246,0000000000000004-0000000000000002,1,3,3793.52,0.06
2026-09-08T05:34:34.304578,0000000000000005-0000000000000002,2,2,1919.08,0.06
2026-09-08T05:34:34.324751,0000000000000003-0000000000000002,1,2,3815.84,0.06
2026-09-08T05:34:34.346925,0000000000000001-0000000000000002,2,2,5801.86,0.05
2026-09-08T05:34:36.893591,0000000000000003-0000000000000005,2,2,7750.95,0.06
2026-09-08T05:34:36.916959,0000000000000004-0000000000000006,2,2,7685.63,0.06
2026-09-08T05:34:36.938909,0000000000000002-0000000000000006,3,2,7555.0,0.06
2026-09-08T05:34:36.958393,0000000000000003-0000000000000002,1,2,3831.93,0.06
2026-09-08T05:34:36.980434,0000000000000001-0000000000000002,2,2,5769.67,0.05
2026-09-08T05:34:37.001173,0000000000000006-0000000000000003,2,1,1850.65,0.06
2026-09-08T05:34:37.021392,0000000000000004-0000000000000003,1,1,3875.47,0.06
2026-09-08T05:34:37.044640,0000000000000002-0000000000000003,2,1,5769.67,0.05
2026-09-08T05:34:37.066477,0000000000000001-0000000000000003,3,1,7663.86,0.06
2026-09-08T05:34:37.087807,0000000000000005-0000000000000003,2,2,1872.42,0.06
2026-09-08T05:34:39.625089,0000000000000003-0000000000000005,2,2,7556.6,0.06
2026-09-08T05:34:39.649077,0000000000000004-0000000000000006,2,2,7776.27,0.06
2026-09-08T05:34:39.669306,0000000000000002-0000000000000004,3,1,7732.34,0.06
2026-09-08T05:34:39.688095,0000000000000002-0000000000000003,2,1,5909.09,0.05
2026-09-08T05:34:39.709774,0000000000000001-0000000000000003,3,1,7534.64,0.06
2026-09-08T05:34:39.729883,0000000000000001-0000000000000006,2,2,5777.29,0.05
2026-09-08T05:34:39.748660,0000000000000005-0000000000000001,2,3,1801.28,0.06
2026-09-08T05:34:39.769180,0000000000000003-0000000000000001,1,3,3778.3,0.06
2026-09-08T05:34:39.789661,0000000000000004-0000000000000001,1,2,3888.14,0.06
2026-09-08T05:34:39.808497,0000000000000006-0000000000000004,2,2,1779.32,0.06
2026-09-08T05:34:42.320698,0000000000000003-0000000000000005,2,2,7611.87,0.06
2026-09-08T05:34:42.347447,0000000000000004-0000000000000006,2,2,7834.44,0.06
2026-09-08T05:34:42.370915,0000000000000001-0000000000000004,2,1,5920.34,0.05
2026-09-08T05:34:42.390638,0000000000000002-0000000000000004,3,1,7767.67,0.06
2026-09-08T05:34:42.413532,0000000000000004-0000000000000005,1,2,3672.39,0.06
2026-09-08T05:34:42.433746,0000000000000002-0000000000000005,2,2,5742.29,0.05
2026-09-08T05:34:42.456015,0000000000000001-0000000000000005,3,2,7522.84,0.06
2026-09-08T05:34:42.476246,0000000000000006-0000000000000004,2,2,1825.07,0.06
2026-09-08T05:34:42.498076,0000000000000005-0000000000000004,2,1,1869.58,0.06
2026-09-08T05:34:42.520677,0000000000000003-0000000000000004,1,1,3894.96,0.06
2026-09-08T05:34:45.087701,0000000000000003-0000000000000005,2,2,7546.13,0.06
2026-09-08T05:34:45.110187,0000000000000004-0000000000000006,2,2,7502.76,0.06
2026-09-08T05:34:45.130373,0000000000000002-0000000000000006,3,2,7459.4,0.06
2026-09-08T05:34:45.152903,0000000000000001-0000000000000002,2,2,5659.6,0.05
2026-09-08T05:34:45.175770,0000000000000003-0000000000000002,1,2,3664.64,0.06
2026-09-08T05:34:45.199768,0000000000000001-0000000000000003,3,1,7502.76,0.06
2026-09-08T05:34:45.221927,0000000000000006-0000000000000003,2,1,1864.85,0.06
2026-09-08T05:34:45.248724,0000000000000004-0000000000000003,1,1,3968.22,0.06
2026-09-08T05:34:45.267660,0000000000000002-0000000000000003,2,1,5963.18,0.05
2026-09-08T05:34:45.285925,0000000000000005-0000000000000003,2,2,1821.48,0.06
2026-09-08T05:34:47.750714,0000000000000003-0000000000000005,2,2,8222.72,0.07
2026-09-08T05:34:47.771550,0000000000000004-0000000000000006,2,2,8200.19,0.07
2026-09-08T05:34:47.794893,0000000000000001-0000000000000003,3,1,8132.61,0.07
2026-09-08T05:34:47.813115,0000000000000006-0000000000000003,2,1,1959.94,0.07
2026-09-08T05:34:47.833990,0000000000000004-0000000000000003,1,1,4009.98,0.06
2026-09-08T05:34:47.852390,0000000000000002-0000000000000003,2,1,6105.09,0.05
2026-09-08T05:34:47.871623,0000000000000005-0000000000000006,2,2,2004.99,0.07
2026-09-08T05:34:47.891520,0000000000000003-0000000000000006,1,2,4145.15,0.06
2026-09-08T05:34:47.913206,0000000000000001-0000000000000006,2,2,6172.67,0.05
2026-09-08T05:34:47.932146,0000000000000002-0000000000000006,3,2,8110.08,0.06
2026-09-08T05:34:50.382647,0000000000000003-0000000000000005,2,2,7750.84,0.06
2026-09-08T05:34:50.404623,0000000000000004-0000000000000006,2,2,7823.03,0.06
2026-09-08T05:34:50.423128,0000000000000002-0000000000000006,3,2,7845.83,0.06
2026-09-08T05:34:50.441288,0000000000000006-0000000000000004,2,2,1960.51,0.06
2026-09-08T05:34:50.462302,0000000000000001-0000000000000004,2,1,5908.12,0.05
2026-09-08T05:34:50.482753,0000000000000003-0000000000000001,1,3,3879.22,0.06
2026-09-08T05:34:50.503606,0000000000000005-0000000000000001,2,3,1873.12,0.06
2026-09-08T05:34:50.524244,0000000000000004-0000000000000005,1,2,4035.0,0.06
2026-09-08T05:34:50.542165,0000000000000002-0000000000000005,2,2,6018.3,0.05
2026-09-08T05:34:50.563699,0000000000000001-0000000000000005,3,2,7682.45,0.06
2026-09-08T05:34:52.975048,0000000000000003-0000000000000005,2,2,7106.59,0.06
2026-09-08T05:34:52.999549,0000000000000004-0000000000000006,2,2,7338.07,0.06
2026-09-08T05:34:53.020483,0000000000000002-0000000000000003,2,1,5416.75,0.05
2026-09-08T05:34:53.041327,0000000000000006-0000000000000002,2,3,1759.29,0.06
2026-09-08T05:34:53.061323,0000000000000004-0000000000000002,1,3,3611.17,0.06
2026-09-08T05:34:53.083518,0000000000000003-0000000000000002,1,2,3750.06,0.06
2026-09-08T05:34:53.104316,0000000000000002-0000000000000006,3,2,7222.33,0.06
2026-09-08T05:34:53.124058,0000000000000001-0000000000000004,2,1,5717.68,0.05
2026-09-08T05:34:53.146691,0000000000000001-0000000000000003,3,1,7129.74,0.06
2026-09-08T05:34:53.167626,0000000000000005-0000000000000003,2,2,1828.73,0.06
2026-09-08T05:34:55.431682,0000000000000003-0000000000000005,2,2,8133.68,0.07
2026-09-08T05:34:55.454233,0000000000000004-0000000000000006,2,2,7938.28,0.06
2026-09-08T05:34:55.473948,0000000000000001-0000000000000005,3,2,8206.96,0.07
2026-09-08T05:34:55.491639,0000000000000002-0000000000000006,3,2,8035.98,0.06
2026-09-08T05:34:55.511142,0000000000000001-0000000000000006,2,2,6301.77,0.05
2026-09-08T05:34:55.529604,0000000000000002-0000000000000005,2,2,6155.22,0.05
2026-09-08T05:34:55.549600,0000000000000005-0000000000000004,2,1,1905.19,0.06
2026-09-08T05:34:55.568252,0000000000000004-0000000000000005,1,2,3785.95,0.06
2026-09-08T05:34:55.587870,0000000000000003-0000000000000006,1,2,3981.35,0.06
2026-09-08T05:34:55.606916,0000000000000006-0000000000000003,2,1,1807.48,0.06
2026-09-08T05:34:58.009272,0000000000000003-0000000000000005,2,2,7960.37,0.06
2026-09-08T05:34:58.032052,0000000000000004-0000000000000006,2,2,8076.75,0.06
2026-09-08T05:34:58.054285,0000000000000002-0000000000000006,3,2,7937.09,0.06
2026-09-08T05:34:58.074111,0000000000000002-0000000000000005,2,2,6098.3,0.05
2026-09-08T05:34:58.095503,0000000000000001-0000000000000005,3,2,7820.71,0.06
2026-09-08T05:34:58.117790,0000000000000006-0000000000000001,2,2,1955.18,0.06
2026-09-08T05:34:58.138343,0000000000000004-0000000000000001,1,2,4073.29,0.06
2026-09-08T05:34:58.160075,0000000000000005-0000000000000004,2,1,2025.01,0.06
2026-09-08T05:34:58.182911,0000000000000003-0000000000000004,1,1,4143.12,0.06
2026-09-08T05:34:58.201571,0000000000000001-0000000000000004,2,1,6121.57,0.05
2026-09-08T05:35:00.591162,0000000000000003-0000000000000005,2,2,7969.69,0.06
2026-09-08T05:35:00.614989,0000000000000004-0000000000000006,2,2,7969.69,0.06
2026-09-08T05:35:00.637101,0000000000000002-0000000000000004,3,1,7876.74,0.06
2026-09-08T05:35:00.656935,0000000000000001-0000000000000005,3,2,7760.57,0.06
2026-09-08T05:35:00.677694,0000000000000001-0000000000000004,2,1,6017.93,0.05
2026-09-08T05:35:00.698856,0000000000000003-0000000000000001,1,3,4019.7,0.06
2026-09-08T05:35:00.717401,0000000000000005-0000000000000001,2,3,1974.99,0.06
2026-09-08T05:35:00.737335,0000000000000002-0000000000000001,2,2,6157.34,0.05
2026-09-08T05:35:00.757566,0000000000000006-0000000000000001,2,2,1998.23,0.06
2026-09-08T05:35:00.777270,0000000000000004-0000000000000001,1,2,4135.87,0.06
2026-09-08T05:35:03.415073,0000000000000003-0000000000000005,2,2,7182.7,0.06
2026-09-08T05:35:03.436388,0000000000000004-0000000000000006,2,2,7331.45,0.06
2026-09-08T05:35:03.453580,0000000000000002-0000000000000004,3,1,7161.45,0.06
2026-09-08T05:35:03.474072,0000000000000002-0000000000000005,2,2,5461.4,0.04
2026-09-08T05:35:03.492466,0000000000000001-0000000000000005,3,2,7012.7,0.06
2026-09-08T05:35:03.511579,0000000000000004-0000000000000002,1,3,3740.1,0.06
2026-09-08T05:35:03.529807,0000000000000006-0000000000000002,2,3,1870.05,0.06
2026-09-08T05:35:03.550187,0000000000000005-0000000000000002,2,2,1785.05,0.06
2026-09-08T05:35:03.568507,0000000000000003-0000000000000002,1,2,3718.85,0.06
2026-09-08T05:35:03.592151,0000000000000001-0000000000000006,2,2,5461.4,0.04
2026-09-08T05:35:06.041201,0000000000000003-0000000000000005,2,2,7996.25,0.06
2026-09-08T05:35:06.064560,0000000000000004-0000000000000006,2,2,8019.09,0.06
2026-09-08T05:35:06.086918,0000000000000001-0000000000000005,3,2,8041.94,0.06
2026-09-08T05:35:06.105809,0000000000000001-0000000000000004,2,1,6077.15,0.05
2026-09-08T05:35:06.126896,0000000000000002-0000000000000004,3,1,7996.25,0.06
2026-09-08T05:35:06.148383,0000000000000005-0000000000000004,2,1,1896.25,0.06
2026-09-08T05:35:06.166767,0000000000000003-0000000000000004,1,1,3929.58,0.06
2026-09-08T05:35:06.188094,0000000000000006-0000000000000005,2,2,1896.25,0.06
2026-09-08T05:35:06.208942,0000000000000004-0000000000000005,1,2,3952.43,0.06
2026-09-08T05:35:06.230167,0000000000000002-0000000000000005,2,2,6145.69,0.05
2026-09-08T05:35:08.719943,0000000000000003-0000000000000005,2,2,7390.97,0.06
2026-09-08T05:35:08.742109,0000000000000004-0000000000000006,2,2,7256.59,0.06
2026-09-08T05:35:08.765485,0000000000000002-0000000000000004,3,1,7167.0,0.06
2026-09-08T05:35:08.786185,0000000000000001-0000000000000006,2,2,5554.43,0.05
2026-09-08T05:35:08.806435,0000000000000001-0000000000000003,3,1,7323.78,0.06
2026-09-08T05:35:08.826266,0000000000000003-0000000000000001,1,3,3695.48,0.06
2026-09-08T05:35:08.848038,0000000000000005-0000000000000001,2,3,1858.94,0.06
2026-09-08T05:35:08.867110,0000000000000002-0000000000000001,2,2,5621.62,0.04
2026-09-08T05:35:08.886717,0000000000000006-0000000000000001,2,2,1858.94,0.06
2026-09-08T05:35:08.906738,0000000000000004-0000000000000001,1,2,3740.28,0.06
2026-09-08T05:35:11.523698,0000000000000003-0000000000000005,2,2,7554.11,0.06
2026-09-08T05:35:11.542315,0000000000000004-0000000000000006,2,2,7596.91,0.06
2026-09-08T05:35:11.564726,0000000000000001-0000000000000003,3,1,7382.91,0.06
2026-09-08T05:35:11.583824,0000000000000006-0000000000000003,2,1,1861.78,0.06
2026-09-08T05:35:11.602800,0000000000000004-0000000000000003,1,1,3809.15,0.06
2026-09-08T05:35:11.622832,0000000000000002-0000000000000003,2,1,5735.13,0.05
2026-09-08T05:35:11.642605,0000000000000005-0000000000000006,2,2,1883.18,0.06
2026-09-08T05:35:11.663691,0000000000000003-0000000000000006,1,2,3894.75,0.06
2026-09-08T05:35:11.682284,0000000000000001-0000000000000006,2,2,5628.13,0.05
2026-09-08T05:35:11.700120,0000000000000002-0000000000000006,3,2,7425.71,0.06
2026-09-08T05:35:14.172782,0000000000000003-0000000000000005,2,2,8131.72,0.07
2026-09-08T05:35:14.194685,0000000000000004-0000000000000006,2,2,7882.56,0.06
2026-09-08T05:35:14.216798,0000000000000001-0000000000000003,3,1,8177.02,0.07
2026-09-08T05:35:14.239560,0000000000000002-0000000000000003,2,1,6342.29,0.05
2026-09-08T05:35:14.259910,0000000000000004-0000000000000002,1,3,4054.53,0.06
2026-09-08T05:35:14.282067,0000000000000006-0000000000000002,2,3,2015.94,0.06
2026-09-08T05:35:14.303747,0000000000000005-0000000000000006,2,2,1902.69,0.06
2026-09-08T05:35:14.324215,0000000000000003-0000000000000006,1,2,3918.63,0.06
2026-09-08T05:35:14.348490,0000000000000001-0000000000000006,2,2,6070.47,0.05
2026-09-08T05:35:14.368301,0000000000000002-0000000000000006,3,2,8018.46,0.06
2026-09-08T05:35:16.867309,0000000000000003-0000000000000005,2,2,7485.08,0.06
2026-09-08T05:35:16.891048,0000000000000004-0000000000000006,2,2,7663.3,0.06
2026-09-08T05:35:16.918985,0000000000000002-0000000000000006,3,2,7507.36,0.06
2026-09-08T05:35:16.941113,0000000000000001-0000000000000002,2,2,5814.31,0.05
2026-09-08T05:35:16.964621,0000000000000003-0000000000000001,1,3,3809.37,0.06
2026-09-08T05:35:16.985231,0000000000000005-0000000000000001,2,3,1871.27,0.06
2026-09-08T05:35:17.003162,0000000000000006-0000000000000005,2,2,1893.55,0.06
2026-09-08T05:35:17.024984,0000000000000004-0000000000000005,1,2,3853.93,0.06
2026-09-08T05:35:17.047674,0000000000000002-0000000000000005,2,2,5747.48,0.05
2026-09-08T05:35:17.067488,0000000000000001-0000000000000005,3,2,7418.25,0.06
2026-09-08T05:35:19.626560,0000000000000003-0000000000000005,2,2,6955.39,0.06
2026-09-08T05:35:19.647522,0000000000000004-0000000000000006,2,2,7194.49,0.06
2026-09-08T05:35:19.665403,0000000000000002-0000000000000001,2,2,5412.17,0.04
2026-09-08T05:35:19.686441,0000000000000002-0000000000000004,3,1,7085.81,0.06
2026-09-08T05:35:19.704866,0000000000000003-0000000000000004,1,1,3629.85,0.06
2026-09-08T05:35:19.726749,0000000000000001-0000000000000004,2,1,5520.84,0.04
2026-09-08T05:35:19.744327,0000000000000005-0000000000000002,2,2,1782.32,0.06
2026-09-08T05:35:19.762463,0000000000000006-0000000000000005,2,2,1717.11,0.06
2026-09-08T05:35:19.781680,0000000000000004-0000000000000005,1,2,3608.11,0.06
2026-09-08T05:35:19.802776,0000000000000001-0000000000000005,3,2,6911.92,0.06
2026-09-08T05:35:22.289849,0000000000000003-0000000000000005,2,2,7929.6,0.06
2026-09-08T05:35:22.310974,0000000000000004-0000000000000006,2,2,8087.29,0.06
2026-09-08T05:35:22.333682,0000000000000002-0000000000000006,3,2,8064.76,0.06
2026-09-08T05:35:22.351812,0000000000000001-0000000000000005,3,2,7929.6,0.06
2026-09-08T05:35:22.370446,0000000000000002-0000000000000001,2,2,6149.95,0.05
2026-09-08T05:35:22.399482,0000000000000004-0000000000000001,1,2,3919.75,0.06
2026-09-08T05:35:22.419212,0000000000000006-0000000000000004,2,2,1824.71,0.06
2026-09-08T05:35:22.440674,0000000000000005-0000000000000004,2,1,1869.76,0.06
2026-09-08T05:35:22.464216,0000000000000003-0000000000000004,1,1,3964.8,0.06
2026-09-08T05:35:22.483498,0000000000000001-0000000000000004,2,1,6149.95,0.05
2026-09-08T05:35:24.989862,0000000000000003-0000000000000005,2,2,7244.92,0.06
2026-09-08T05:35:25.011484,0000000000000004-0000000000000006,2,2,7311.6,0.06
2026-09-08T05:35:25.034263,0000000000000002-0000000000000001,2,2,5711.49,0.05
2026-09-08T05:35:25.055990,0000000000000001-0000000000000002,2,2,5600.37,0.04
2026-09-08T05:35:25.077985,0000000000000002-0000000000000006,3,2,7356.04,0.06
2026-09-08T05:35:25.096450,0000000000000006-0000000000000001,2,2,1822.34,0.06
2026-09-08T05:35:25.116656,0000000000000001-0000000000000003,3,1,7133.81,0.06
2026-09-08T05:35:25.136719,0000000000000004-0000000000000002,1,3,3778.03,0.06
2026-09-08T05:35:25.156734,0000000000000005-0000000000000002,2,2,1866.79,0.06
2026-09-08T05:35:25.176735,0000000000000003-0000000000000006,1,2,3800.25,0.06
2026-09-08T05:35:27.562223,0000000000000003-0000000000000005,2,2,8023.09,0.06
2026-09-08T05:35:27.585390,0000000000000004-0000000000000006,2,2,7953.12,0.06
2026-09-08T05:35:27.603818,0000000000000002-0000000000000004,3,1,7859.83,0.06
2026-09-08T05:35:27.629629,0000000000000004-0000000000000001,1,2,3988.22,0.06
2026-09-08T05:35:27.650259,0000000000000006-0000000000000002,2,3,2005.77,0.06
2026-09-08T05:35:27.672928,0000000000000001-0000000000000002,2,2,6180.58,0.05
2026-09-08T05:35:27.697131,0000000000000003-0000000000000002,1,2,4151.48,0.06
2026-09-08T05:35:27.717278,0000000000000001-0000000000000003,3,1,7976.44,0.06
2026-09-08T05:35:27.738389,0000000000000002-0000000000000003,2,1,6110.61,0.05
2026-09-08T05:35:27.758200,0000000000000005-0000000000000001,2,3,1935.8,0.06
2026-09-08T05:35:29.868755,0000000000000003-0000000000000005,2,2,8663.11,0.07
2026-09-08T05:35:29.891556,0000000000000004-0000000000000006,2,2,8481.0,0.07
2026-09-08T05:35:29.910502,0000000000000001-0000000000000005,3,2,8767.17,0.07
2026-09-08T05:35:29.930650,0000000000000002-0000000000000006,3,2,8585.06,0.07
2026-09-08T05:35:29.951092,0000000000000001-0000000000000006,2,2,6659.93,0.05
2026-09-08T05:35:29.970072,0000000000000002-0000000000000005,2,2,6581.88,0.05
2026-09-08T05:35:29.988495,0000000000000003-0000000000000006,1,2,4136.44,0.07
2026-09-08T05:35:30.008047,0000000000000004-0000000000000005,1,2,4110.42,0.07
2026-09-08T05:35:30.026229,0000000000000006-0000000000000005,2,2,1925.13,0.06
2026-09-08T05:35:30.049265,0000000000000005-0000000000000006,2,2,1873.1,0.07
2026-09-08T05:35:32.478514,0000000000000003-0000000000000005,2,2,7566.9,0.06
2026-09-08T05:35:32.501602,0000000000000004-0000000000000006,2,2,7681.89,0.06
2026-09-08T05:35:32.522667,0000000000000002-0000000000000004,3,1,7474.9,0.06
2026-09-08T05:35:32.544915,0000000000000002-0000000000000005,2,2,5772.92,0.05
2026-09-08T05:35:32.567274,0000000000000001-0000000000000005,3,2,7290.9,0.06
2026-09-08T05:35:32.587567,0000000000000006-0000000000000002,2,3,1977.97,0.06
2026-09-08T05:35:32.606439,0000000000000004-0000000000000002,1,3,3932.95,0.06
2026-09-08T05:35:32.635116,0000000000000005-0000000000000002,2,2,2000.97,0.06
2026-09-08T05:35:32.655152,0000000000000003-0000000000000002,1,2,3955.95,0.06
2026-09-08T05:35:32.674920,0000000000000001-0000000000000002,2,2,5588.92,0.04
2026-09-08T05:35:35.163149,0000000000000003-0000000000000005,2,2,7618.98,0.06
2026-09-08T05:35:35.197595,0000000000000004-0000000000000006,2,2,7484.92,0.06
2026-09-08T05:35:35.224449,0000000000000002-0000000000000003,2,1,5675.13,0.05
2026-09-08T05:35:35.249167,0000000000000001-0000000000000003,3,1,7574.29,0.06
2026-09-08T05:35:35.267633,0000000000000002-0000000000000006,3,2,7328.52,0.06
2026-09-08T05:35:35.288092,0000000000000004-0000000000000002,1,3,3865.35,0.06
2026-09-08T05:35:35.308535,0000000000000006-0000000000000002,2,3,1876.82,0.06
2026-09-08T05:35:35.328887,0000000000000001-0000000000000002,2,2,5630.45,0.05
2026-09-08T05:35:35.347206,0000000000000005-0000000000000002,2,2,1854.47,0.06
2026-09-08T05:35:35.365928,0000000000000003-0000000000000002,1,2,3731.29,0.06
2026-09-08T05:35:37.998134,0000000000000003-0000000000000005,2,2,7048.8,0.06
2026-09-08T05:35:38.023864,0000000000000004-0000000000000006,2,2,7302.81,0.06
2026-09-08T05:35:38.047498,0000000000000001-0000000000000003,3,1,6964.13,0.06
2026-09-08T05:35:38.069934,0000000000000002-0000000000000003,2,1,5524.74,0.04
2026-09-08T05:35:38.090540,0000000000000005-0000000000000002,2,2,1820.41,0.06
2026-09-08T05:35:38.113435,0000000000000004-0000000000000002,1,3,3704.32,0.06
2026-09-08T05:35:38.134657,0000000000000006-0000000000000002,2,3,1799.24,0.06
2026-09-08T05:35:38.155226,0000000000000003-0000000000000006,1,2,3640.82,0.06
2026-09-08T05:35:38.177985,0000000000000001-0000000000000006,2,2,5397.73,0.04
2026-09-08T05:35:38.197602,0000000000000002-0000000000000006,3,2,7239.31,0.06
2026-09-08T05:35:40.676142,0000000000000003-0000000000000005,2,2,7570.04,0.06
2026-09-08T05:35:40.697191,0000000000000004-0000000000000006,2,2,7547.65,0.06
2026-09-08T05:35:40.717879,0000000000000001-0000000000000005,3,2,7502.85,0.06
2026-09-08T05:35:40.737027,0000000000000001-0000000000000004,2,1,5823.11,0.05
2026-09-08T05:35:40.759838,0000000000000002-0000000000000004,3,1,7547.65,0.06
2026-09-08T05:35:40.781149,0000000000000005-0000000000000001,2,3,1858.92,0.06
2026-09-08T05:35:40.802058,0000000000000003-0000000000000001,1,3,3897.01,0.06
2026-09-08T05:35:40.824057,0000000000000006-0000000000000001,2,2,1769.33,0.06
2026-09-08T05:35:40.855521,0000000000000004-0000000000000001,1,2,3695.44,0.06
2026-09-08T05:35:40.879775,0000000000000002-0000000000000001,2,2,5755.92,0.05
2026-09-08T05:35:43.438011,0000000000000003-0000000000000005,2,2,7085.49,0.06
2026-09-08T05:35:43.461402,0000000000000004-0000000000000006,2,2,7107.22,0.06
2026-09-08T05:35:43.486572,0000000000000002-0000000000000003,2,1,5390.19,0.04
2026-09-08T05:35:43.513805,0000000000000001-0000000000000003,3,1,7063.76,0.06
2026-09-08T05:35:43.540224,0000000000000002-0000000000000006,3,2,6976.82,0.06
2026-09-08T05:35:43.559192,0000000000000005-0000000000000002,2,2,1825.71,0.06
2026-09-08T05:35:43.582499,0000000000000003-0000000000000002,1,2,3651.42,0.06
2026-09-08T05:35:43.602617,0000000000000001-0000000000000002,2,2,5477.13,0.04
2026-09-08T05:35:43.622760,0000000000000006-0000000000000002,2,3,1825.71,0.06
2026-09-08T05:35:43.644170,0000000000000004-0000000000000002,1,3,3629.68,0.06
2026-09-08T05:35:46.239986,0000000000000003-0000000000000005,2,2,7492.32,0.06
2026-09-08T05:35:46.263744,0000000000000004-0000000000000006,2,2,7492.32,0.06
2026-09-08T05:35:46.291164,0000000000000002-0000000000000004,3,1,7449.5,0.06
2026-09-08T05:35:46.315724,0000000000000005-0000000000000002,2,2,1905.19,0.06
2026-09-08T05:35:46.336880,0000000000000003-0000000000000002,1,2,3853.19,0.06
2026-09-08T05:35:46.356426,0000000000000001-0000000000000002,2,2,5715.57,0.05
2026-09-08T05:35:46.384273,0000000000000006-0000000000000005,2,2,1819.56,0.06
2026-09-08T05:35:46.408232,0000000000000004-0000000000000005,1,2,3767.56,0.06
2026-09-08T05:35:46.435116,0000000000000002-0000000000000005,2,2,5758.38,0.05
2026-09-08T05:35:46.459143,0000000000000001-0000000000000005,3,2,7299.66,0.06
2026-09-08T05:35:49.610267,0000000000000003-0000000000000005,2,2,5696.95,0.05
2026-09-08T05:35:49.693008,0000000000000004-0000000000000006,2,2,5606.52,0.04
2026-09-08T05:35:49.775248,0000000000000001-0000000000000003,3,1,5787.38,0.05
2026-09-08T05:35:49.820148,0000000000000002-0000000000000004,3,1,5624.61,0.04
2026-09-08T05:35:49.868522,0000000000000006-0000000000000002,2,3,1483.02,0.04
2026-09-08T05:35:49.901451,0000000000000001-0000000000000002,2,2,4322.45,0.04
2026-09-08T05:35:49.938708,0000000000000002-0000000000000001,2,2,4485.22,0.04
2026-09-08T05:35:49.975831,0000000000000004-0000000000000001,1,2,2947.95,0.04
2026-09-08T05:35:50.010117,0000000000000003-0000000000000001,1,3,2712.83,0.04
2026-09-08T05:35:50.041536,0000000000000005-0000000000000001,2,3,1302.16,0.05
2026-09-08T05:35:52.775612,0000000000000003-0000000000000005,2,2,4885.03,0.04
2026-09-08T05:35:52.799763,0000000000000004-0000000000000006,2,2,4847.74,0.04
2026-09-08T05:35:52.820612,0000000000000001-0000000000000003,3,1,4791.8,0.04
2026-09-08T05:35:52.840274,0000000000000002-0000000000000004,3,1,4735.87,0.04
2026-09-08T05:35:52.863474,0000000000000001-0000000000000004,2,1,3673.09,0.03
2026-09-08T05:35:52.884951,0000000000000005-0000000000000001,2,3,1305.16,0.04
2026-09-08T05:35:52.905435,0000000000000006-0000000000000001,2,2,1211.93,0.04
2026-09-08T05:35:52.925085,0000000000000004-0000000000000001,1,2,2610.32,0.04
2026-09-08T05:35:52.949085,0000000000000002-0000000000000001,2,2,3859.55,0.03
2026-09-08T05:35:52.966950,0000000000000003-0000000000000002,1,2,2591.68,0.04
2026-09-08T05:35:55.825398,0000000000000003-0000000000000005,2,2,5116.01,0.04
2026-09-08T05:35:55.851725,0000000000000004-0000000000000006,2,2,5096.33,0.04
2026-09-08T05:35:55.881555,0000000000000002-0000000000000006,3,2,5056.98,0.04
2026-09-08T05:35:55.902301,0000000000000005-0000000000000002,2,2,1377.39,0.04
2026-09-08T05:35:55.924521,0000000000000003-0000000000000002,1,2,2715.42,0.04
2026-09-08T05:35:55.953788,0000000000000001-0000000000000002,2,2,4073.13,0.03
2026-09-08T05:35:55.981631,0000000000000006-0000000000000003,2,1,1200.29,0.04
2026-09-08T05:35:56.006565,0000000000000004-0000000000000003,1,1,2498.97,0.04
2026-09-08T05:35:56.031564,0000000000000002-0000000000000003,2,1,3758.3,0.03
2026-09-08T05:35:56.052371,0000000000000001-0000000000000003,3,1,4978.27,0.04
2026-09-08T05:35:58.642563,0000000000000003-0000000000000005,2,2,5771.51,0.05
2026-09-08T05:35:58.671041,0000000000000004-0000000000000006,2,2,5771.51,0.05
2026-09-08T05:35:58.693898,0000000000000002-0000000000000005,2,2,4621.47,0.04
2026-09-08T05:35:58.721538,0000000000000001-0000000000000005,3,2,5728.92,0.05
2026-09-08T05:35:58.749354,0000000000000002-0000000000000004,3,1,5707.62,0.05
2026-09-08T05:35:58.768071,0000000000000005-0000000000000002,2,2,1533.39,0.05
2026-09-08T05:35:58.794016,0000000000000001-0000000000000002,2,2,4600.17,0.04
2026-09-08T05:35:58.815967,0000000000000006-0000000000000002,2,3,1575.98,0.04
2026-09-08T05:35:58.837722,0000000000000004-0000000000000002,1,3,3066.78,0.05
2026-09-08T05:35:58.863705,0000000000000003-0000000000000006,1,2,3088.08,0.05
2026-09-08T05:36:01.550754,0000000000000003-0000000000000005,2,2,6024.96,0.05
2026-09-08T05:36:01.575847,0000000000000004-0000000000000006,2,2,6004.32,0.05
2026-09-08T05:36:01.597673,0000000000000001-0000000000000003,3,1,6024.96,0.05
2026-09-08T05:36:01.623045,0000000000000002-0000000000000006,3,2,5942.42,0.05
2026-09-08T05:36:01.644810,0000000000000003-0000000000000002,1,2,3301.35,0.05
2026-09-08T05:36:01.666755,0000000000000001-0000000000000002,2,2,4848.85,0.04
2026-09-08T05:36:01.692136,0000000000000005-0000000000000001,2,3,1691.94,0.05
2026-09-08T05:36:01.717513,0000000000000006-0000000000000001,2,2,1671.31,0.05
2026-09-08T05:36:01.746769,0000000000000004-0000000000000001,1,2,3301.35,0.05
2026-09-08T05:36:01.769069,0000000000000002-0000000000000001,2,2,4786.95,0.04
2026-09-08T05:36:04.283740,0000000000000003-0000000000000005,2,2,6497.46,0.05
2026-09-08T05:36:04.310609,0000000000000004-0000000000000006,2,2,6585.27,0.05
2026-09-08T05:36:04.333946,0000000000000001-0000000000000005,3,2,6475.51,0.05
2026-09-08T05:36:04.354711,0000000000000002-0000000000000006,3,2,6497.46,0.05
2026-09-08T05:36:04.381933,0000000000000001-0000000000000004,2,1,5202.36,0.04
2026-09-08T05:36:04.402405,0000000000000005-0000000000000004,2,1,1799.97,0.05
2026-09-08T05:36:04.429449,0000000000000004-0000000000000005,1,2,3446.29,0.05
2026-09-08T05:36:04.450917,0000000000000002-0000000000000003,2,1,5136.51,0.04
2026-09-08T05:36:04.476731,0000000000000003-0000000000000006,1,2,3534.09,0.05
2026-09-08T05:36:04.503939,0000000000000006-0000000000000003,2,1,1646.32,0.05
2026-09-08T05:36:06.875549,0000000000000003-0000000000000005,2,2,6712.52,0.05
2026-09-08T05:36:06.899863,0000000000000004-0000000000000006,2,2,6758.82,0.05
2026-09-08T05:36:06.922910,0000000000000002-0000000000000006,3,2,6758.82,0.05
2026-09-08T05:36:06.945841,0000000000000004-0000000000000003,1,1,3425.7,0.05
2026-09-08T05:36:06.966319,0000000000000002-0000000000000005,2,2,5231.14,0.04
2026-09-08T05:36:06.984376,0000000000000001-0000000000000005,3,2,6735.67,0.05
2026-09-08T05:36:07.005566,0000000000000003-0000000000000004,1,1,3587.73,0.05
2026-09-08T05:36:07.027559,0000000000000001-0000000000000004,2,1,5462.6,0.04
2026-09-08T05:36:07.046379,0000000000000006-0000000000000002,2,3,1712.85,0.05
2026-09-08T05:36:07.066011,0000000000000005-0000000000000002,2,2,1805.44,0.05
2026-09-08T05:36:09.318885,0000000000000003-0000000000000005,2,2,8226.73,0.07
2026-09-08T05:36:09.344471,0000000000000004-0000000000000006,2,2,8128.5,0.07
2026-09-08T05:36:09.366017,0000000000000002-0000000000000006,3,2,8128.5,0.07
2026-09-08T05:36:09.384712,0000000000000001-0000000000000005,3,2,8079.39,0.06
2026-09-08T05:36:09.408249,0000000000000001-0000000000000004,2,1,6188.47,0.05
2026-09-08T05:36:09.432100,0000000000000006-0000000000000002,2,3,2013.71,0.06
2026-09-08T05:36:09.457283,0000000000000003-0000000000000002,1,2,4199.32,0.06
2026-09-08T05:36:09.481505,0000000000000005-0000000000000001,2,3,1940.04,0.07
2026-09-08T05:36:09.506966,0000000000000004-0000000000000001,1,2,4223.87,0.06
2026-09-08T05:36:09.533007,0000000000000002-0000000000000003,2,1,6262.14,0.05
2026-09-08T05:36:12.041312,0000000000000003-0000000000000005,2,2,8153.16,0.07
2026-09-08T05:36:12.062770,0000000000000004-0000000000000006,2,2,8197.23,0.07
2026-09-08T05:36:12.083699,0000000000000001-0000000000000005,3,2,7954.84,0.06
2026-09-08T05:36:12.102985,0000000000000002-0000000000000001,2,2,6390.31,0.05
2026-09-08T05:36:12.120360,0000000000000004-0000000000000001,1,2,4363.04,0.07
2026-09-08T05:36:12.142399,0000000000000002-0000000000000004,3,1,7998.91,0.06
2026-09-08T05:36:12.160641,0000000000000005-0000000000000004,2,1,2071.34,0.07
2026-09-08T05:36:12.179030,0000000000000003-0000000000000004,1,1,4120.65,0.07
2026-09-08T05:36:12.204268,0000000000000001-0000000000000004,2,1,5993.67,0.05
2026-09-08T05:36:12.222996,0000000000000006-0000000000000004,2,2,2181.52,0.07
2026-09-08T05:36:14.736620,0000000000000003-0000000000000005,2,2,8036.14,0.06
2026-09-08T05:36:14.759821,0000000000000004-0000000000000006,2,2,8147.44,0.07
2026-09-08T05:36:14.781340,0000000000000003-0000000000000006,1,2,4118.24,0.06
2026-09-08T05:36:14.804120,0000000000000001-0000000000000006,2,2,6188.49,0.05
2026-09-08T05:36:14.831210,0000000000000002-0000000000000006,3,2,8058.4,0.06
2026-09-08T05:36:14.862625,0000000000000001-0000000000000003,3,1,7969.36,0.06
2026-09-08T05:36:14.892969,0000000000000006-0000000000000003,2,1,1981.21,0.07
2026-09-08T05:36:14.918185,0000000000000004-0000000000000003,1,1,4140.5,0.06
2026-09-08T05:36:14.947918,0000000000000002-0000000000000003,2,1,6188.49,0.05
2026-09-08T05:36:14.972848,0000000000000005-0000000000000003,2,2,2114.77,0.06
2026-09-08T05:36:17.481267,0000000000000003-0000000000000005,2,2,7609.81,0.06
2026-09-08T05:36:17.502851,0000000000000004-0000000000000006,2,2,7631.68,0.06
2026-09-08T05:36:17.523543,0000000000000002-0000000000000006,3,2,7522.35,0.06
2026-09-08T05:36:17.546059,0000000000000002-0000000000000003,2,1,5729.23,0.05
2026-09-08T05:36:17.567053,0000000000000001-0000000000000003,3,1,7500.48,0.06
2026-09-08T05:36:17.588686,0000000000000006-0000000000000002,2,3,1902.45,0.06
2026-09-08T05:36:17.615114,0000000000000004-0000000000000002,1,3,3870.51,0.06
2026-09-08T05:36:17.637554,0000000000000005-0000000000000002,2,2,1836.85,0.06
2026-09-08T05:36:17.663516,0000000000000003-0000000000000002,1,2,3826.77,0.06
2026-09-08T05:36:17.686740,0000000000000001-0000000000000002,2,2,5794.83,0.05
2026-09-08T05:36:20.118843,0000000000000003-0000000000000005,2,2,7209.52,0.06
2026-09-08T05:36:20.141162,0000000000000004-0000000000000006,2,2,7323.23,0.06
2026-09-08T05:36:20.162353,0000000000000001-0000000000000005,3,2,7186.77,0.06
2026-09-08T05:36:20.183891,0000000000000002-0000000000000001,2,2,5458.31,0.04
2026-09-08T05:36:20.201772,0000000000000004-0000000000000001,1,2,3661.62,0.06
2026-09-08T05:36:20.220264,0000000000000002-0000000000000004,3,1,7345.97,0.06
2026-09-08T05:36:20.242477,0000000000000005-0000000000000004,2,1,1842.18,0.06
2026-09-08T05:36:20.259678,0000000000000003-0000000000000004,1,1,3798.07,0.06
2026-09-08T05:36:20.279699,0000000000000001-0000000000000004,2,1,5640.25,0.05
2026-09-08T05:36:20.300330,0000000000000006-0000000000000004,2,2,1773.95,0.06
2026-09-08T05:36:22.732052,0000000000000003-0000000000000005,2,2,7760.4,0.06
2026-09-08T05:36:22.751390,0000000000000004-0000000000000006,2,2,7944.08,0.06
2026-09-08T05:36:22.769792,0000000000000001-0000000000000003,3,1,7691.53,0.06
2026-09-08T05:36:22.792652,0000000000000001-0000000000000006,2,2,5969.54,0.05
2026-09-08T05:36:22.812496,0000000000000002-0000000000000006,3,2,7783.36,0.06
2026-09-08T05:36:22.830424,0000000000000003-0000000000000001,1,3,4086.84,0.06
2026-09-08T05:36:22.849689,0000000000000005-0000000000000001,2,3,2043.42,0.06
2026-09-08T05:36:22.868060,0000000000000002-0000000000000001,2,2,5831.78,0.05
2026-09-08T05:36:22.887687,0000000000000006-0000000000000001,2,2,1974.54,0.07
2026-09-08T05:36:22.907011,0000000000000004-0000000000000001,1,2,3903.16,0.06
2026-09-08T05:36:25.538974,0000000000000003-0000000000000005,2,2,6284.01,0.05
2026-09-08T05:36:25.561382,0000000000000004-0000000000000006,2,2,6604.62,0.05
2026-09-08T05:36:25.587684,0000000000000002-0000000000000003,2,1,4873.31,0.04
2026-09-08T05:36:25.617086,0000000000000001-0000000000000003,3,1,6155.76,0.05
2026-09-08T05:36:25.639051,0000000000000006-0000000000000003,2,1,1538.94,0.05
2026-09-08T05:36:25.660910,0000000000000004-0000000000000003,1,1,3291.62,0.05
2026-09-08T05:36:25.683460,0000000000000005-0000000000000006,2,2,1581.69,0.05
2026-09-08T05:36:25.703469,0000000000000003-0000000000000006,1,2,3248.87,0.05
2026-09-08T05:36:25.720715,0000000000000001-0000000000000006,2,2,4809.19,0.04
2026-09-08T05:36:25.740089,0000000000000002-0000000000000006,3,2,6519.12,0.05
2026-09-08T05:36:28.264721,0000000000000003-0000000000000005,2,2,8254.98,0.07
2026-09-08T05:36:28.283734,0000000000000004-0000000000000006,2,2,8122.9,0.06
2026-09-08T05:36:28.303187,0000000000000001-0000000000000005,3,2,8254.98,0.07
2026-09-08T05:36:28.322919,0000000000000001-0000000000000004,2,1,6185.73,0.05
2026-09-08T05:36:28.348713,0000000000000002-0000000000000004,3,1,7968.81,0.06
2026-09-08T05:36:28.368085,0000000000000005-0000000000000001,2,3,1981.2,0.07
2026-09-08T05:36:28.384625,0000000000000003-0000000000000001,1,3,4072.46,0.07
2026-09-08T05:36:28.401595,0000000000000006-0000000000000001,2,2,1871.13,0.06
2026-09-08T05:36:28.420342,0000000000000004-0000000000000001,1,2,4050.44,0.06
2026-09-08T05:36:28.437697,0000000000000002-0000000000000001,2,2,6229.76,0.05
2026-09-08T05:36:31.036394,0000000000000003-0000000000000005,2,2,7836.4,0.06
2026-09-08T05:36:31.056010,0000000000000004-0000000000000006,2,2,7966.28,0.06
2026-09-08T05:36:31.076242,0000000000000004-0000000000000005,1,2,3939.85,0.06
2026-09-08T05:36:31.094184,0000000000000002-0000000000000005,2,2,6039.66,0.05
2026-09-08T05:36:31.119686,0000000000000001-0000000000000005,3,2,7684.87,0.06
2026-09-08T05:36:31.138178,0000000000000006-0000000000000004,2,2,1840.04,0.06
2026-09-08T05:36:31.156412,0000000000000002-0000000000000004,3,1,7944.64,0.06
2026-09-08T05:36:31.175965,0000000000000005-0000000000000004,2,1,2034.87,0.06
2026-09-08T05:36:31.196355,0000000000000003-0000000000000004,1,1,4113.03,0.06
2026-09-08T05:36:31.216916,0000000000000001-0000000000000004,2,1,5996.36,0.05
2026-09-08T05:36:33.690871,0000000000000003-0000000000000005,2,2,8115.12,0.06
2026-09-08T05:36:33.716009,0000000000000004-0000000000000006,2,2,8205.54,0.07
2026-09-08T05:36:33.737446,0000000000000002-0000000000000004,3,1,8205.54,0.07
2026-09-08T05:36:33.759588,0000000000000001-0000000000000005,3,2,8160.33,0.07
2026-09-08T05:36:33.780496,0000000000000006-0000000000000004,2,2,1876.2,0.06
2026-09-08T05:36:33.801718,0000000000000001-0000000000000004,2,1,6351.94,0.05
2026-09-08T05:36:33.825113,0000000000000003-0000000000000001,1,3,4136.68,0.06
2026-09-08T05:36:33.845481,0000000000000005-0000000000000001,2,3,1989.22,0.06
2026-09-08T05:36:33.865158,0000000000000002-0000000000000001,2,2,6193.71,0.05
2026-09-08T05:36:33.882901,0000000000000004-0000000000000001,1,2,3978.44,0.06
2026-09-08T05:36:36.461628,0000000000000003-0000000000000005,2,2,7688.0,0.06
2026-09-08T05:36:36.486741,0000000000000004-0000000000000006,2,2,7861.25,0.06
2026-09-08T05:36:36.507572,0000000000000001-0000000000000003,3,1,7558.06,0.06
2026-09-08T05:36:36.529974,0000000000000002-0000000000000004,3,1,7688.0,0.06
2026-09-08T05:36:36.552136,0000000000000005-0000000000000004,2,1,1970.73,0.06
2026-09-08T05:36:36.575102,0000000000000001-0000000000000004,2,1,5890.52,0.05
2026-09-08T05:36:36.597535,0000000000000003-0000000000000001,1,3,4006.42,0.06
2026-09-08T05:36:36.617661,0000000000000002-0000000000000001,2,2,5890.52,0.05
2026-09-08T05:36:36.638086,0000000000000006-0000000000000001,2,2,1970.73,0.06
2026-09-08T05:36:36.656357,0000000000000004-0000000000000001,1,2,4049.73,0.06
2026-09-08T05:36:39.196658,0000000000000003-0000000000000005,2,2,7897.43,0.06
2026-09-08T05:36:39.244355,0000000000000004-0000000000000006,2,2,7787.74,0.06
2026-09-08T05:36:39.267437,0000000000000004-0000000000000003,1,1,3795.15,0.06
2026-09-08T05:36:39.294883,0000000000000002-0000000000000003,2,1,6054.7,0.05
2026-09-08T05:36:39.318829,0000000000000001-0000000000000003,3,1,7875.49,0.06
2026-09-08T05:36:39.336921,0000000000000005-0000000000000003,2,2,1864.67,0.06
2026-09-08T05:36:39.356454,0000000000000006-0000000000000004,2,2,1842.73,0.06
2026-09-08T05:36:39.373002,0000000000000003-0000000000000004,1,1,3948.72,0.06
2026-09-08T05:36:39.391902,0000000000000001-0000000000000004,2,1,5966.95,0.05
2026-09-08T05:36:39.410399,0000000000000002-0000000000000004,3,1,7831.62,0.06
2026-09-08T05:36:41.994616,0000000000000003-0000000000000005,2,2,7398.34,0.06
2026-09-08T05:36:42.014065,0000000000000004-0000000000000006,2,2,7462.68,0.06
2026-09-08T05:36:42.034837,0000000000000001-0000000000000003,3,1,7248.23,0.06
2026-09-08T05:36:42.055298,0000000000000002-0000000000000003,2,1,5597.01,0.05
2026-09-08T05:36:42.079989,0000000000000004-0000000000000002,1,3,3752.78,0.06
2026-09-08T05:36:42.098142,0000000000000002-0000000000000004,3,1,7334.01,0.06
2026-09-08T05:36:42.119166,0000000000000005-0000000000000004,2,1,1801.34,0.06
2026-09-08T05:36:42.137366,0000000000000003-0000000000000004,1,1,3774.23,0.06
2026-09-08T05:36:42.157476,0000000000000001-0000000000000004,2,1,5618.45,0.04
2026-09-08T05:36:42.179986,0000000000000006-0000000000000004,2,2,1822.78,0.06
2026-09-08T05:36:44.723996,0000000000000003-0000000000000005,2,2,7362.95,0.06
2026-09-08T05:36:44.747064,0000000000000004-0000000000000006,2,2,7516.81,0.06
2026-09-08T05:36:44.767747,0000000000000004-0000000000000005,1,2,3670.49,0.06
2026-09-08T05:36:44.786335,0000000000000002-0000000000000005,2,2,5758.49,0.05
2026-09-08T05:36:44.806156,0000000000000001-0000000000000005,3,2,7384.93,0.06
2026-09-08T05:36:44.828189,0000000000000006-0000000000000004,2,2,1714.36,0.06
2026-09-08T05:36:44.848546,0000000000000002-0000000000000004,3,1,7516.81,0.06
2026-09-08T05:36:44.872712,0000000000000005-0000000000000004,2,1,1824.25,0.06
2026-09-08T05:36:44.894358,0000000000000003-0000000000000004,1,1,3648.51,0.06
2026-09-08T05:36:44.920874,0000000000000001-0000000000000004,2,1,5714.53,0.05
2026-09-08T05:36:47.385802,0000000000000003-0000000000000005,2,2,7462.46,0.06
2026-09-08T05:36:47.410836,0000000000000004-0000000000000006,2,2,7530.09,0.06
2026-09-08T05:36:47.433717,0000000000000002-0000000000000006,3,2,7507.55,0.06
2026-09-08T05:36:47.456532,0000000000000001-0000000000000002,2,2,5703.93,0.05
2026-09-08T05:36:47.478261,0000000000000003-0000000000000002,1,2,3810.14,0.06
2026-09-08T05:36:47.499454,0000000000000001-0000000000000003,3,1,7394.82,0.06
2026-09-08T05:36:47.519237,0000000000000006-0000000000000003,2,1,1826.16,0.06
2026-09-08T05:36:47.537495,0000000000000004-0000000000000003,1,1,3787.59,0.06
2026-09-08T05:36:47.556249,0000000000000002-0000000000000003,2,1,5703.93,0.05
2026-09-08T05:36:47.573780,0000000000000005-0000000000000003,2,2,1848.71,0.06
2026-09-08T05:36:50.129470,0000000000000003-0000000000000005,2,2,7680.09,0.06
2026-09-08T05:36:50.151556,0000000000000004-0000000000000006,2,2,7811.38,0.06
2026-09-08T05:36:50.173960,0000000000000002-0000000000000006,3,2,7723.85,0.06
2026-09-08T05:36:50.194746,0000000000000002-0000000000000003,2,1,5951.52,0.05
2026-09-08T05:36:50.216400,0000000000000001-0000000000000003,3,1,7614.45,0.06
2026-09-08T05:36:50.236427,0000000000000006-0000000000000002,2,3,1947.37,0.06
2026-09-08T05:36:50.254828,0000000000000004-0000000000000002,1,3,3938.51,0.06
2026-09-08T05:36:50.275410,0000000000000005-0000000000000002,2,2,1903.61,0.06
2026-09-08T05:36:50.292743,0000000000000003-0000000000000002,1,2,3960.39,0.06
2026-09-08T05:36:50.312871,0000000000000001-0000000000000002,2,2,5973.41,0.05
2026-09-08T05:36:52.897241,0000000000000003-0000000000000005,2,2,7193.81,0.06
2026-09-08T05:36:52.918576,0000000000000004-0000000000000006,2,2,7193.81,0.06
2026-09-08T05:36:52.939715,0000000000000002-0000000000000006,3,2,7085.47,0.06
2026-09-08T05:36:52.963068,0000000000000003-0000000000000002,1,2,3683.58,0.06
2026-09-08T05:36:52.982486,0000000000000001-0000000000000006,2,2,5417.03,0.04
2026-09-08T05:36:53.004222,0000000000000001-0000000000000003,3,1,7042.14,0.06
2026-09-08T05:36:53.030758,0000000000000006-0000000000000003,2,1,1733.45,0.06
2026-09-08T05:36:53.048336,0000000000000004-0000000000000003,1,1,3596.91,0.06
2026-09-08T05:36:53.067639,0000000000000002-0000000000000003,2,1,5460.37,0.04
2026-09-08T05:36:53.089032,0000000000000005-0000000000000003,2,2,1755.12,0.06
2026-09-08T05:36:56.998533,0000000000000003-0000000000000005,2,2,4631.06,0.04
2026-09-08T05:36:57.038878,0000000000000004-0000000000000006,2,2,4719.27,0.04
2026-09-08T05:36:57.146314,0000000000000001-0000000000000002,2,2,3631.34,0.03
2026-09-08T05:36:57.456276,0000000000000002-0000000000000006,3,2,4689.86,0.04
2026-09-08T05:36:57.607458,0000000000000006-0000000000000003,2,1,1176.14,0.04
2026-09-08T05:36:57.669906,0000000000000001-0000000000000003,3,1,4675.16,0.04
2026-09-08T05:36:57.714521,0000000000000003-0000000000000001,1,3,2381.69,0.04
2026-09-08T05:36:57.764130,0000000000000004-0000000000000001,1,2,2381.69,0.04
2026-09-08T05:36:57.815167,0000000000000002-0000000000000001,2,2,3557.83,0.03
2026-09-08T05:36:57.904444,0000000000000005-0000000000000002,2,2,1205.54,0.04
2026-09-08T05:37:01.024568,0000000000000003-0000000000000005,2,2,2788.56,0.02
2026-09-08T05:37:01.054305,0000000000000004-0000000000000006,2,2,2818.23,0.02
2026-09-08T05:37:01.083538,0000000000000001-0000000000000005,3,2,2699.56,0.02
2026-09-08T05:37:01.106088,0000000000000002-0000000000000001,2,2,2165.58,0.02
2026-09-08T05:37:01.133541,0000000000000006-0000000000000003,2,1,711.97,0.02
2026-09-08T05:37:01.164767,0000000000000004-0000000000000003,1,1,1394.28,0.02
2026-09-08T05:37:01.188198,0000000000000002-0000000000000006,3,2,2729.23,0.02
2026-09-08T05:37:01.242078,0000000000000001-0000000000000006,2,2,2180.42,0.02
2026-09-08T05:37:01.270685,0000000000000005-0000000000000006,2,2,741.64,0.02
2026-09-08T05:37:01.305427,0000000000000003-0000000000000006,1,2,1438.78,0.02
2026-09-08T05:37:03.907788,0000000000000003-0000000000000005,2,2,5199.92,0.04
2026-09-08T05:37:03.930934,0000000000000004-0000000000000006,2,2,5241.52,0.04
2026-09-08T05:37:03.952849,0000000000000005-0000000000000001,2,3,1539.18,0.04
2026-09-08T05:37:03.971755,0000000000000004-0000000000000001,1,2,2787.16,0.04
2026-09-08T05:37:03.994785,0000000000000002-0000000000000006,3,2,5262.32,0.04
2026-09-08T05:37:04.020072,0000000000000001-0000000000000005,3,2,5220.72,0.04
2026-09-08T05:37:04.040640,0000000000000002-0000000000000003,2,1,4097.54,0.03
2026-09-08T05:37:04.059696,0000000000000006-0000000000000002,2,3,1414.38,0.04
2026-09-08T05:37:04.081795,0000000000000003-0000000000000002,1,2,2911.96,0.04
2026-09-08T05:37:04.102015,0000000000000001-0000000000000004,2,1,4284.74,0.03
2026-09-08T05:37:06.407524,0000000000000003-0000000000000005,2,2,6624.99,0.05
2026-09-08T05:37:06.425813,0000000000000004-0000000000000006,2,2,6721.01,0.05
2026-09-08T05:37:06.451775,0000000000000002-0000000000000001,2,2,5184.78,0.04
2026-09-08T05:37:06.470406,0000000000000002-0000000000000004,3,1,6745.01,0.05
2026-09-08T05:37:06.489303,0000000000000001-0000000000000002,2,2,5376.81,0.04
2026-09-08T05:37:06.512131,0000000000000001-0000000000000003,3,1,6600.99,0.05
2026-09-08T05:37:06.532109,0000000000000004-0000000000000005,1,2,3408.51,0.05
2026-09-08T05:37:06.555531,0000000000000003-0000000000000001,1,3,3624.54,0.05
2026-09-08T05:37:06.574456,0000000000000006-0000000000000004,2,2,1728.26,0.05
2026-09-08T05:37:06.592521,0000000000000005-0000000000000004,2,1,1728.26,0.05
2026-09-08T05:37:09.135539,0000000000000003-0000000000000005,2,2,7105.33,0.06
2026-09-08T05:37:09.158850,0000000000000004-0000000000000006,2,2,6973.34,0.06
2026-09-08T05:37:09.184501,0000000000000001-0000000000000005,3,2,6951.34,0.06
2026-09-08T05:37:09.203124,0000000000000002-0000000000000004,3,1,6863.35,0.05
2026-09-08T05:37:09.225005,0000000000000001-0000000000000006,2,2,5389.49,0.04
2026-09-08T05:37:09.249514,0000000000000004-0000000000000005,1,2,3673.65,0.06
2026-09-08T05:37:09.271103,0000000000000002-0000000000000005,2,2,5587.47,0.04
2026-09-08T05:37:09.291824,0000000000000005-0000000000000004,2,1,1825.83,0.06
2026-09-08T05:37:09.318058,0000000000000003-0000000000000004,1,1,3607.66,0.06
2026-09-08T05:37:09.340544,0000000000000006-0000000000000001,2,2,1759.83,0.06
2026-09-08T05:37:11.989999,0000000000000003-0000000000000005,2,2,6661.88,0.05
2026-09-08T05:37:12.010390,0000000000000004-0000000000000006,2,2,6640.86,0.05
2026-09-08T05:37:12.032967,0000000000000002-0000000000000004,3,1,6556.8,0.05
2026-09-08T05:37:12.056615,0000000000000001-0000000000000006,2,2,5253.84,0.04
2026-09-08T05:37:12.078974,0000000000000004-0000000000000005,1,2,3530.58,0.05
2026-09-08T05:37:12.099426,0000000000000002-0000000000000005,2,2,5211.81,0.04
2026-09-08T05:37:12.120688,0000000000000001-0000000000000005,3,2,6682.89,0.05
2026-09-08T05:37:12.139297,0000000000000005-0000000000000004,2,1,1681.23,0.05
2026-09-08T05:37:12.160157,0000000000000003-0000000000000004,1,1,3509.57,0.05
2026-09-08T05:37:12.179537,0000000000000006-0000000000000005,2,2,1765.29,0.05
2026-09-08T05:37:14.911439,0000000000000003-0000000000000005,2,2,5588.54,0.04
2026-09-08T05:37:14.939565,0000000000000004-0000000000000006,2,2,5773.46,0.05
2026-09-08T05:37:14.963555,0000000000000002-0000000000000005,2,2,4355.77,0.03
2026-09-08T05:37:14.990293,0000000000000001-0000000000000005,3,2,5362.53,0.04
2026-09-08T05:37:15.012594,0000000000000002-0000000000000004,3,1,5588.54,0.04
2026-09-08T05:37:15.045201,0000000000000005-0000000000000002,2,2,1335.5,0.05
2026-09-08T05:37:15.070388,0000000000000003-0000000000000002,1,2,2958.64,0.04
2026-09-08T05:37:15.092716,0000000000000001-0000000000000002,2,2,4273.59,0.03
2026-09-08T05:37:15.121285,0000000000000006-0000000000000002,2,3,1253.31,0.05
2026-09-08T05:37:15.146067,0000000000000004-0000000000000002,1,3,2855.91,0.05
2026-09-08T05:37:18.062908,0000000000000003-0000000000000005,2,2,5577.45,0.04
2026-09-08T05:37:18.101733,0000000000000004-0000000000000006,2,2,5444.2,0.04
2026-09-08T05:37:18.124462,0000000000000002-0000000000000006,3,2,5482.27,0.04
2026-09-08T05:37:18.151193,0000000000000001-0000000000000004,2,1,4263.99,0.03
2026-09-08T05:37:18.174706,0000000000000004-0000000000000001,1,2,2664.99,0.04
2026-09-08T05:37:18.202284,0000000000000005-0000000000000004,2,1,1389.6,0.04
2026-09-08T05:37:18.235104,0000000000000003-0000000000000004,1,1,2836.31,0.04
2026-09-08T05:37:18.261919,0000000000000006-0000000000000005,2,2,1313.46,0.04
2026-09-08T05:37:18.285867,0000000000000002-0000000000000005,2,2,4206.88,0.03
2026-09-08T05:37:18.308235,0000000000000001-0000000000000005,3,2,5501.31,0.04
2026-09-08T05:37:20.784787,0000000000000003-0000000000000005,2,2,5907.02,0.05
2026-09-08T05:37:20.808010,0000000000000004-0000000000000006,2,2,5840.9,0.05
2026-09-08T05:37:20.833211,0000000000000002-0000000000000004,3,1,5840.9,0.05
2026-09-08T05:37:20.855101,0000000000000003-0000000000000006,1,2,3085.76,0.05
2026-09-08T05:37:20.876273,0000000000000001-0000000000000006,2,2,4760.88,0.04
2026-09-08T05:37:20.903727,0000000000000005-0000000000000003,2,2,1631.04,0.05
2026-09-08T05:37:20.924505,0000000000000001-0000000000000003,3,1,6039.27,0.05
2026-09-08T05:37:20.945732,0000000000000006-0000000000000003,2,1,1586.96,0.05
2026-09-08T05:37:20.966534,0000000000000002-0000000000000003,2,1,4628.64,0.04
2026-09-08T05:37:20.989022,0000000000000004-0000000000000003,1,1,3195.96,0.05
2026-09-08T05:37:23.310883,0000000000000003-0000000000000005,2,2,6985.78,0.06
2026-09-08T05:37:23.335613,0000000000000004-0000000000000006,2,2,7128.34,0.06
2026-09-08T05:37:23.359729,0000000000000001-0000000000000005,3,2,6866.97,0.05
2026-09-08T05:37:23.378753,0000000000000002-0000000000000006,3,2,7080.82,0.06
2026-09-08T05:37:23.399740,0000000000000002-0000000000000003,2,1,5441.3,0.04
2026-09-08T05:37:23.423690,0000000000000003-0000000000000004,1,1,3682.98,0.05
2026-09-08T05:37:23.447642,0000000000000001-0000000000000004,2,1,5417.54,0.04
2026-09-08T05:37:23.475472,0000000000000005-0000000000000001,2,3,1734.56,0.06
2026-09-08T05:37:23.496742,0000000000000006-0000000000000001,2,2,1687.04,0.06
2026-09-08T05:37:23.516294,0000000000000004-0000000000000001,1,2,3730.5,0.06
2026-09-08T05:37:25.947604,0000000000000003-0000000000000005,2,2,7300.69,0.06
2026-09-08T05:37:25.970589,0000000000000004-0000000000000006,2,2,7323.43,0.06
2026-09-08T05:37:25.991206,0000000000000001-0000000000000003,3,1,7255.2,0.06
2026-09-08T05:37:26.014585,0000000000000002-0000000000000001,2,2,5754.12,0.05
2026-09-08T05:37:26.034150,0000000000000006-0000000000000001,2,2,1887.72,0.06
2026-09-08T05:37:26.054280,0000000000000004-0000000000000001,1,2,3775.43,0.06
2026-09-08T05:37:26.075216,0000000000000005-0000000000000006,2,2,1933.2,0.06
2026-09-08T05:37:26.097271,0000000000000003-0000000000000006,1,2,3843.66,0.06
2026-09-08T05:37:26.117693,0000000000000001-0000000000000006,2,2,5663.15,0.05
2026-09-08T05:37:26.135266,0000000000000002-0000000000000006,3,2,7209.71,0.06
2026-09-08T05:37:28.549092,0000000000000003-0000000000000005,2,2,8002.19,0.06
2026-09-08T05:37:28.569318,0000000000000004-0000000000000006,2,2,8094.44,0.06
2026-09-08T05:37:28.588845,0000000000000002-0000000000000003,2,1,5995.88,0.05
2026-09-08T05:37:28.612333,0000000000000001-0000000000000003,3,1,7725.46,0.06
2026-09-08T05:37:28.635665,0000000000000002-0000000000000006,3,2,7956.07,0.06
2026-09-08T05:37:28.654071,0000000000000006-0000000000000002,2,3,1937.13,0.07
2026-09-08T05:37:28.677065,0000000000000004-0000000000000002,1,3,4035.69,0.06
2026-09-08T05:37:28.696846,0000000000000005-0000000000000006,2,2,2075.5,0.06
2026-09-08T05:37:28.717322,0000000000000003-0000000000000006,1,2,4266.3,0.06
2026-09-08T05:37:28.737463,0000000000000001-0000000000000006,2,2,6157.31,0.05
2026-09-08T05:37:31.355884,0000000000000003-0000000000000005,2,2,7718.02,0.06
2026-09-08T05:37:31.375925,0000000000000004-0000000000000006,2,2,7995.96,0.06
2026-09-08T05:37:31.397810,0000000000000001-0000000000000003,3,1,7611.12,0.06
2026-09-08T05:37:31.424412,0000000000000001-0000000000000004,2,1,5943.52,0.05
2026-09-08T05:37:31.445645,0000000000000002-0000000000000004,3,1,7824.92,0.06
2026-09-08T05:37:31.465676,0000000000000002-0000000000000001,2,2,6007.66,0.05
2026-09-08T05:37:31.484345,0000000000000004-0000000000000005,1,2,4062.12,0.06
2026-09-08T05:37:31.501353,0000000000000005-0000000000000004,2,1,1966.92,0.06
2026-09-08T05:37:31.520606,0000000000000003-0000000000000004,1,1,4083.5,0.06
2026-09-08T05:37:31.539137,0000000000000006-0000000000000004,2,2,2031.06,0.07
2026-09-08T05:37:34.025404,0000000000000003-0000000000000005,2,2,7821.83,0.06
2026-09-08T05:37:34.046847,0000000000000004-0000000000000006,2,2,7709.45,0.06
2026-09-08T05:37:34.066070,0000000000000002-0000000000000004,3,1,7709.45,0.06
2026-09-08T05:37:34.085294,0000000000000001-0000000000000005,3,2,7754.4,0.06
2026-09-08T05:37:34.105286,0000000000000005-0000000000000004,2,1,1843.08,0.06
2026-09-08T05:37:34.124277,0000000000000003-0000000000000004,1,1,3888.44,0.06
2026-09-08T05:37:34.150095,0000000000000001-0000000000000004,2,1,5911.33,0.05
2026-09-08T05:37:34.169185,0000000000000006-0000000000000005,2,2,1910.5,0.06
2026-09-08T05:37:34.188464,0000000000000004-0000000000000005,1,2,3843.49,0.06
2026-09-08T05:37:34.209556,0000000000000002-0000000000000005,2,2,5843.9,0.05
2026-09-08T05:37:36.705966,0000000000000003-0000000000000005,2,2,7433.13,0.06
2026-09-08T05:37:36.736186,0000000000000004-0000000000000006,2,2,7612.24,0.06
2026-09-08T05:37:36.757018,0000000000000004-0000000000000005,1,2,3694.18,0.06
2026-09-08T05:37:36.780358,0000000000000002-0000000000000005,2,2,5642.02,0.05
2026-09-08T05:37:36.802814,0000000000000001-0000000000000005,3,2,7567.47,0.06
2026-09-08T05:37:36.823993,0000000000000002-0000000000000004,3,1,7545.08,0.06
2026-09-08T05:37:36.851577,0000000000000005-0000000000000004,2,1,1925.45,0.06
2026-09-08T05:37:36.871768,0000000000000003-0000000000000004,1,1,3828.51,0.06
2026-09-08T05:37:36.891697,0000000000000001-0000000000000004,2,1,5933.07,0.05
2026-09-08T05:37:36.911929,0000000000000006-0000000000000004,2,2,1768.73,0.06
2026-09-08T05:37:39.416918,0000000000000003-0000000000000005,2,2,6782.07,0.05
2026-09-08T05:37:39.440904,0000000000000004-0000000000000006,2,2,6848.56,0.05
2026-09-08T05:37:39.464986,0000000000000001-0000000000000003,3,1,6626.93,0.05
2026-09-08T05:37:39.484179,0000000000000002-0000000000000004,3,1,6782.07,0.05
2026-09-08T05:37:39.507321,0000000000000002-0000000000000001,2,2,5141.96,0.04
2026-09-08T05:37:39.528612,0000000000000001-0000000000000002,2,2,5097.64,0.04
2026-09-08T05:37:39.546485,0000000000000005-0000000000000002,2,2,1662.27,0.05
2026-09-08T05:37:39.567888,0000000000000003-0000000000000002,1,2,3457.53,0.05
2026-09-08T05:37:39.588936,0000000000000004-0000000000000002,1,3,3435.36,0.05
2026-09-08T05:37:39.615030,0000000000000006-0000000000000002,2,3,1662.27,0.05
2026-09-08T05:37:42.317352,0000000000000003-0000000000000005,2,2,5928.25,0.05
2026-09-08T05:37:42.344352,0000000000000004-0000000000000006,2,2,6134.8,0.05
2026-09-08T05:37:42.368043,0000000000000002-0000000000000004,3,1,5948.9,0.05
2026-09-08T05:37:42.387712,0000000000000001-0000000000000002,2,2,4668.24,0.04
2026-09-08T05:37:42.417194,0000000000000003-0000000000000006,1,2,3325.6,0.05
2026-09-08T05:37:42.438695,0000000000000001-0000000000000003,3,1,5866.28,0.05
2026-09-08T05:37:42.463285,0000000000000002-0000000000000001,2,2,4564.96,0.04
2026-09-08T05:37:42.486636,0000000000000006-0000000000000001,2,2,1569.85,0.05
2026-09-08T05:37:42.507610,0000000000000004-0000000000000002,1,3,3098.39,0.05
2026-09-08T05:37:42.532953,0000000000000005-0000000000000002,2,2,1673.13,0.05
2026-09-08T05:37:45.084652,0000000000000003-0000000000000005,2,2,7567.86,0.06
2026-09-08T05:37:45.108686,0000000000000004-0000000000000006,2,2,7307.65,0.06
2026-09-08T05:37:45.135204,0000000000000002-0000000000000004,3,1,7416.07,0.06
2026-09-08T05:37:45.156362,0000000000000001-0000000000000003,3,1,7437.75,0.06
2026-09-08T05:37:45.185386,0000000000000001-0000000000000002,2,2,5854.79,0.05
2026-09-08T05:37:45.209280,0000000000000005-0000000000000003,2,2,1886.54,0.06
2026-09-08T05:37:45.229505,0000000000000003-0000000000000006,1,2,3816.46,0.06
2026-09-08T05:37:45.252578,0000000000000006-0000000000000005,2,2,1691.38,0.06
2026-09-08T05:37:45.271698,0000000000000004-0000000000000005,1,2,3534.56,0.06
2026-09-08T05:37:45.294965,0000000000000002-0000000000000005,2,2,5616.26,0.05
2026-09-08T05:37:47.913220,0000000000000003-0000000000000005,2,2,6363.05,0.05
2026-09-08T05:37:47.940288,0000000000000004-0000000000000006,2,2,6469.1,0.05
2026-09-08T05:37:47.964658,0000000000000004-0000000000000005,1,2,3330.0,0.05
2026-09-08T05:37:47.988712,0000000000000002-0000000000000005,2,2,4814.71,0.04
2026-09-08T05:37:48.017357,0000000000000001-0000000000000005,3,2,6405.47,0.05
2026-09-08T05:37:48.038899,0000000000000005-0000000000000004,2,1,1633.18,0.05
2026-09-08T05:37:48.062687,0000000000000003-0000000000000004,1,1,3330.0,0.05
2026-09-08T05:37:48.086314,0000000000000001-0000000000000004,2,1,5069.23,0.04
2026-09-08T05:37:48.113031,0000000000000002-0000000000000004,3,1,6490.31,0.05
2026-09-08T05:37:48.138795,0000000000000006-0000000000000004,2,2,1611.97,0.05
2026-09-08T05:37:50.569266,0000000000000003-0000000000000005,2,2,6123.87,0.05
2026-09-08T05:37:50.593113,0000000000000004-0000000000000006,2,2,6236.85,0.05
2026-09-08T05:37:50.621652,0000000000000001-0000000000000003,3,1,6123.87,0.05
2026-09-08T05:37:50.646433,0000000000000004-0000000000000003,1,1,3299.21,0.05
2026-09-08T05:37:50.666601,0000000000000005-0000000000000003,2,2,1423.63,0.05
2026-09-08T05:37:50.690200,0000000000000001-0000000000000006,2,2,4745.43,0.04
2026-09-08T05:37:50.712360,0000000000000006-0000000000000004,2,2,1627.01,0.05
2026-09-08T05:37:50.734131,0000000000000002-0000000000000004,3,1,6191.66,0.05
2026-09-08T05:37:50.753628,0000000000000003-0000000000000001,1,3,3073.23,0.05
2026-09-08T05:37:50.773296,0000000000000002-0000000000000001,2,2,4813.22,0.04
2026-09-08T05:37:53.156975,0000000000000003-0000000000000005,2,2,7415.05,0.06
2026-09-08T05:37:53.176935,0000000000000004-0000000000000006,2,2,7391.88,0.06
2026-09-08T05:37:53.198794,0000000000000003-0000000000000006,1,2,3753.87,0.06
2026-09-08T05:37:53.217538,0000000000000001-0000000000000006,2,2,5561.29,0.05
2026-09-08T05:37:53.236277,0000000000000002-0000000000000006,3,2,7299.19,0.06
2026-09-08T05:37:53.256561,0000000000000001-0000000000000003,3,1,7252.84,0.06
2026-09-08T05:37:53.274856,0000000000000006-0000000000000003,2,1,1876.93,0.06
2026-09-08T05:37:53.295700,0000000000000004-0000000000000003,1,1,3730.7,0.06
2026-09-08T05:37:53.314194,0000000000000002-0000000000000003,2,1,5653.97,0.05
2026-09-08T05:37:53.332860,0000000000000005-0000000000000003,2,2,1853.76,0.06
2026-09-08T05:37:56.021277,0000000000000003-0000000000000005,2,2,6268.6,0.05
2026-09-08T05:37:56.049693,0000000000000004-0000000000000006,2,2,6478.25,0.05
2026-09-08T05:37:56.074126,0000000000000001-0000000000000005,3,2,6163.77,0.05
2026-09-08T05:37:56.096168,0000000000000002-0000000000000003,2,1,4905.86,0.04
2026-09-08T05:37:56.121572,0000000000000005-0000000000000003,2,2,1572.39,0.05
2026-09-08T05:37:56.147712,0000000000000002-0000000000000006,3,2,6331.49,0.05
2026-09-08T05:37:56.170954,0000000000000006-0000000000000002,2,3,1614.32,0.05
2026-09-08T05:37:56.196480,0000000000000004-0000000000000002,1,3,3333.47,0.05
2026-09-08T05:37:56.220981,0000000000000003-0000000000000002,1,2,3228.64,0.05
2026-09-08T05:37:56.241660,0000000000000001-0000000000000002,2,2,4780.07,0.04
2026-09-08T05:37:58.805494,0000000000000003-0000000000000005,2,2,6530.33,0.05
2026-09-08T05:37:58.834690,0000000000000004-0000000000000006,2,2,6444.12,0.05
2026-09-08T05:37:58.856899,0000000000000005-0000000000000002,2,2,1616.42,0.05
2026-09-08T05:37:58.883721,0000000000000004-0000000000000001,1,2,3189.73,0.05
2026-09-08T05:37:58.905662,0000000000000002-0000000000000005,2,2,4913.91,0.04
2026-09-08T05:37:58.926932,0000000000000001-0000000000000005,3,2,6465.67,0.05
2026-09-08T05:37:58.948116,0000000000000003-0000000000000004,1,1,3297.49,0.05
2026-09-08T05:37:58.966620,0000000000000001-0000000000000004,2,1,5000.12,0.04
2026-09-08T05:37:58.985432,0000000000000002-0000000000000004,3,1,6401.02,0.05
2026-09-08T05:37:59.006223,0000000000000006-0000000000000004,2,2,1573.31,0.05
2026-09-08T05:38:01.629569,0000000000000003-0000000000000005,2,2,6877.91,0.06
2026-09-08T05:38:01.650036,0000000000000004-0000000000000006,2,2,6877.91,0.06
2026-09-08T05:38:01.680535,0000000000000001-0000000000000004,2,1,5285.8,0.04
2026-09-08T05:38:01.703263,0000000000000002-0000000000000004,3,1,6814.23,0.05
2026-09-08T05:38:01.730702,0000000000000001-0000000000000005,3,2,6835.45,0.05
2026-09-08T05:38:01.752082,0000000000000005-0000000000000001,2,3,1719.48,0.05
2026-09-08T05:38:01.773408,0000000000000003-0000000000000001,1,3,3481.41,0.05
2026-09-08T05:38:01.792852,0000000000000006-0000000000000005,2,2,1740.71,0.06
2026-09-08T05:38:01.814228,0000000000000004-0000000000000005,1,2,3502.64,0.05
2026-09-08T05:38:01.832053,0000000000000002-0000000000000005,2,2,5285.8,0.04
2026-09-08T05:38:04.690805,0000000000000003-0000000000000005,2,2,4665.28,0.04
2026-09-08T05:38:04.714901,0000000000000004-0000000000000006,2,2,4586.87,0.04
2026-09-08T05:38:04.736910,0000000000000001-0000000000000003,3,1,4567.27,0.04
2026-09-08T05:38:04.763747,0000000000000002-0000000000000001,2,2,3489.16,0.03
2026-09-08T05:38:04.785759,0000000000000004-0000000000000002,1,3,2411.05,0.04
2026-09-08T05:38:04.805892,0000000000000006-0000000000000004,2,2,1254.53,0.04
2026-09-08T05:38:04.831959,0000000000000005-0000000000000006,2,2,1293.73,0.04
2026-09-08T05:38:04.862043,0000000000000003-0000000000000006,1,2,2430.65,0.04
2026-09-08T05:38:04.883845,0000000000000001-0000000000000006,2,2,3567.56,0.03
2026-09-08T05:38:04.906971,0000000000000002-0000000000000006,3,2,4606.47,0.04
2026-09-08T05:38:07.258253,0000000000000003-0000000000000005,2,2,6752.74,0.05
2026-09-08T05:38:07.284779,0000000000000004-0000000000000006,2,2,6846.2,0.05
2026-09-08T05:38:07.309482,0000000000000001-0000000000000003,3,1,6892.93,0.06
2026-09-08T05:38:07.332942,0000000000000002-0000000000000005,2,2,5140.49,0.04
2026-09-08T05:38:07.358975,0000000000000002-0000000000000004,3,1,6752.74,0.05
2026-09-08T05:38:07.382381,0000000000000003-0000000000000004,1,1,3738.54,0.05
2026-09-08T05:38:07.407116,0000000000000006-0000000000000005,2,2,1588.88,0.05
2026-09-08T05:38:07.434316,0000000000000004-0000000000000002,1,3,3224.49,0.05
2026-09-08T05:38:07.460878,0000000000000005-0000000000000006,2,2,1752.44,0.05
2026-09-08T05:38:07.485919,0000000000000001-0000000000000006,2,2,5654.54,0.05
2026-09-08T05:38:09.939658,0000000000000003-0000000000000005,2,2,7228.04,0.06
2026-09-08T05:38:09.969088,0000000000000004-0000000000000006,2,2,7071.4,0.06
2026-09-08T05:38:10.006061,0000000000000002-0000000000000004,3,1,7026.64,0.06
2026-09-08T05:38:10.028638,0000000000000004-0000000000000005,1,2,3692.34,0.06
2026-09-08T05:38:10.049319,0000000000000001-0000000000000005,3,2,7116.15,0.06
2026-09-08T05:38:10.073383,0000000000000006-0000000000000001,2,2,1723.09,0.06
2026-09-08T05:38:10.092956,0000000000000002-0000000000000001,2,2,5549.7,0.04
2026-09-08T05:38:10.113760,0000000000000005-0000000000000006,2,2,1812.61,0.06
2026-09-08T05:38:10.134145,0000000000000003-0000000000000006,1,2,3759.48,0.06
2026-09-08T05:38:10.154464,0000000000000001-0000000000000006,2,2,5527.33,0.04
2026-09-08T05:38:12.533992,0000000000000003-0000000000000005,2,2,6646.29,0.05
2026-09-08T05:38:12.556261,0000000000000004-0000000000000006,2,2,6715.76,0.05
2026-09-08T05:38:12.578561,0000000000000002-0000000000000006,3,2,6646.29,0.05
2026-09-08T05:38:12.599915,0000000000000004-0000000000000005,1,2,3357.88,0.05
2026-09-08T05:38:12.624321,0000000000000002-0000000000000005,2,2,5071.56,0.04
2026-09-08T05:38:12.644433,0000000000000001-0000000000000005,3,2,6553.65,0.05
2026-09-08T05:38:12.668975,0000000000000006-0000000000000002,2,3,1621.05,0.05
2026-09-08T05:38:12.709011,0000000000000005-0000000000000006,2,2,1713.68,0.05
2026-09-08T05:38:12.731818,0000000000000003-0000000000000006,1,2,3543.14,0.05
2026-09-08T05:38:12.755491,0000000000000001-0000000000000006,2,2,5094.71,0.04
2026-09-08T05:38:15.295413,0000000000000003-0000000000000005,2,2,6582.51,0.05
2026-09-08T05:38:15.318245,0000000000000004-0000000000000006,2,2,6799.76,0.05
2026-09-08T05:38:15.340698,0000000000000001-0000000000000003,3,1,6430.44,0.05
2026-09-08T05:38:15.361084,0000000000000006-0000000000000003,2,1,1672.78,0.05
2026-09-08T05:38:15.381166,0000000000000004-0000000000000003,1,1,3475.91,0.05
2026-09-08T05:38:15.404039,0000000000000002-0000000000000003,2,1,5061.8,0.04
2026-09-08T05:38:15.426535,0000000000000005-0000000000000006,2,2,1694.51,0.05
2026-09-08T05:38:15.449326,0000000000000003-0000000000000006,1,2,3562.81,0.05
2026-09-08T05:38:15.471866,0000000000000001-0000000000000006,2,2,5083.52,0.04
2026-09-08T05:38:15.493593,0000000000000002-0000000000000006,3,2,6604.23,0.05
2026-09-08T05:38:18.202472,0000000000000003-0000000000000005,2,2,5486.08,0.04
2026-09-08T05:38:18.233775,0000000000000004-0000000000000006,2,2,5424.2,0.04
2026-09-08T05:38:18.268468,0000000000000001-0000000000000005,3,2,5486.08,0.04
2026-09-08T05:38:18.296358,0000000000000002-0000000000000006,3,2,5403.58,0.04
2026-09-08T05:38:18.320845,0000000000000002-0000000000000001,2,2,4145.49,0.03
2026-09-08T05:38:18.350318,0000000000000004-0000000000000002,1,3,2784.29,0.04
2026-09-08T05:38:18.375154,0000000000000006-0000000000000002,2,3,1402.46,0.04
2026-09-08T05:38:18.402202,0000000000000001-0000000000000002,2,2,4227.99,0.03
2026-09-08T05:38:18.429057,0000000000000005-0000000000000002,2,2,1361.21,0.04
2026-09-08T05:38:18.453937,0000000000000003-0000000000000002,1,2,2701.79,0.04
2026-09-08T05:38:20.801591,0000000000000003-0000000000000005,2,2,5722.19,0.05
2026-09-08T05:38:20.826845,0000000000000004-0000000000000006,2,2,5676.04,0.05
2026-09-08T05:38:20.853933,0000000000000004-0000000000000003,1,1,2791.88,0.04
2026-09-08T05:38:20.872868,0000000000000001-0000000000000003,3,1,5699.12,0.05
2026-09-08T05:38:20.897144,0000000000000002-0000000000000004,3,1,5722.19,0.05
2026-09-08T05:38:20.921256,0000000000000006-0000000000000004,2,2,1292.11,0.04
2026-09-08T05:38:20.949041,0000000000000001-0000000000000006,2,2,4591.6,0.04
2026-09-08T05:38:20.971719,0000000000000002-0000000000000005,2,2,4268.57,0.04
2026-09-08T05:38:20.995950,0000000000000003-0000000000000006,1,2,3068.76,0.05
2026-09-08T05:38:21.015201,0000000000000005-0000000000000002,2,2,1476.69,0.05
2026-09-08T05:38:23.610218,0000000000000003-0000000000000005,2,2,6991.96,0.06
2026-09-08T05:38:23.644736,0000000000000004-0000000000000006,2,2,6970.59,0.06
2026-09-08T05:38:23.669389,0000000000000001-0000000000000004,2,1,5175.4,0.04
2026-09-08T05:38:23.690644,0000000000000002-0000000000000004,3,1,6756.87,0.05
2026-09-08T05:38:23.715118,0000000000000001-0000000000000005,3,2,6756.87,0.05
2026-09-08T05:38:23.735989,0000000000000005-0000000000000001,2,3,1731.07,0.06
2026-09-08T05:38:23.756175,0000000000000003-0000000000000001,1,3,3569.0,0.06
2026-09-08T05:38:23.784019,0000000000000006-0000000000000001,2,2,1837.93,0.06
2026-09-08T05:38:23.803788,0000000000000004-0000000000000001,1,2,3675.85,0.06
2026-09-08T05:38:23.828495,0000000000000002-0000000000000001,2,2,5406.92,0.04
2026-09-08T05:38:26.325174,0000000000000003-0000000000000005,2,2,6672.29,0.05
2026-09-08T05:38:26.350078,0000000000000004-0000000000000006,2,2,6694.39,0.05
2026-09-08T05:38:26.373565,0000000000000002-0000000000000004,3,1,6716.48,0.05
2026-09-08T05:38:26.393201,0000000000000001-0000000000000002,2,2,5214.11,0.04
2026-09-08T05:38:26.412631,0000000000000003-0000000000000001,1,3,3424.52,0.05
2026-09-08T05:38:26.433365,0000000000000006-0000000000000003,2,1,1546.56,0.05
2026-09-08T05:38:26.456293,0000000000000004-0000000000000003,1,1,3336.15,0.05
2026-09-08T05:38:26.481317,0000000000000002-0000000000000003,2,1,5103.64,0.04
2026-09-08T05:38:26.501901,0000000000000001-0000000000000003,3,1,6716.48,0.05
2026-09-08T05:38:26.523182,0000000000000005-0000000000000003,2,2,1679.12,0.05
2026-09-08T05:38:29.064337,0000000000000003-0000000000000005,2,2,7384.18,0.06
2026-09-08T05:38:29.086149,0000000000000004-0000000000000006,2,2,7208.88,0.06
2026-09-08T05:38:29.106960,0000000000000006-0000000000000005,2,2,1796.74,0.06
2026-09-08T05:38:29.128432,0000000000000004-0000000000000005,1,2,3659.22,0.06
2026-09-08T05:38:29.150764,0000000000000002-0000000000000005,2,2,5565.52,0.05
2026-09-08T05:38:29.171050,0000000000000001-0000000000000005,3,2,7340.35,0.06
2026-09-08T05:38:29.194240,0000000000000005-0000000000000006,2,2,1862.48,0.06
2026-09-08T05:38:29.213630,0000000000000003-0000000000000006,1,2,3790.69,0.06
2026-09-08T05:38:29.235027,0000000000000001-0000000000000006,2,2,5653.17,0.05
2026-09-08T05:38:29.253630,0000000000000002-0000000000000006,3,2,7121.24,0.06
2026-09-08T05:38:31.987067,0000000000000003-0000000000000005,2,2,5561.45,0.04
2026-09-08T05:38:32.007291,0000000000000004-0000000000000006,2,2,5540.93,0.04
2026-09-08T05:38:32.034427,0000000000000001-0000000000000005,3,2,5664.06,0.05
2026-09-08T05:38:32.059529,0000000000000002-0000000000000006,3,2,5623.02,0.04
2026-09-08T05:38:32.079457,0000000000000005-0000000000000004,2,1,1354.45,0.04
2026-09-08T05:38:32.101098,0000000000000003-0000000000000004,1,1,2852.55,0.04
2026-09-08T05:38:32.122130,0000000000000001-0000000000000004,2,1,4432.74,0.04
2026-09-08T05:38:32.141060,0000000000000006-0000000000000005,2,2,1313.41,0.04
2026-09-08T05:38:32.162514,0000000000000004-0000000000000005,1,2,2729.42,0.04
2026-09-08T05:38:32.183772,0000000000000002-0000000000000005,2,2,4309.61,0.03
2026-09-08T05:38:34.748260,0000000000000003-0000000000000005,2,2,5889.27,0.05
2026-09-08T05:38:34.771553,0000000000000004-0000000000000006,2,2,6106.59,0.05
2026-09-08T05:38:34.794718,0000000000000001-0000000000000005,3,2,5650.22,0.05
2026-09-08T05:38:34.816271,0000000000000002-0000000000000001,2,2,4563.64,0.04
2026-09-08T05:38:34.842488,0000000000000004-0000000000000001,1,2,3172.82,0.05
2026-09-08T05:38:34.863908,0000000000000006-0000000000000004,2,2,1564.68,0.05
2026-09-08T05:38:34.887677,0000000000000002-0000000000000004,3,1,5824.08,0.05
2026-09-08T05:38:34.909865,0000000000000005-0000000000000004,2,1,1651.6,0.05
2026-09-08T05:38:34.938448,0000000000000003-0000000000000004,1,1,3151.09,0.05
2026-09-08T05:38:34.962403,0000000000000001-0000000000000004,2,1,4454.98,0.04
2026-09-08T05:38:37.472934,0000000000000003-0000000000000005,2,2,6762.15,0.05
2026-09-08T05:38:37.503750,0000000000000004-0000000000000006,2,2,6718.1,0.05
2026-09-08T05:38:37.522069,0000000000000002-0000000000000006,3,2,6585.94,0.05
2026-09-08T05:38:37.544351,0000000000000001-0000000000000002,2,2,4933.95,0.04
2026-09-08T05:38:37.562758,0000000000000003-0000000000000002,1,2,3326.01,0.05
2026-09-08T05:38:37.582473,0000000000000001-0000000000000003,3,1,6629.99,0.05
2026-09-08T05:38:37.604424,0000000000000006-0000000000000003,2,1,1629.97,0.05
2026-09-08T05:38:37.624902,0000000000000004-0000000000000003,1,1,3436.14,0.05
2026-09-08T05:38:37.642875,0000000000000002-0000000000000003,2,1,5176.24,0.04
2026-09-08T05:38:37.663512,0000000000000005-0000000000000003,2,2,1629.97,0.05
2026-09-08T05:38:40.149366,0000000000000003-0000000000000005,2,2,7755.62,0.06
2026-09-08T05:38:40.174027,0000000000000004-0000000000000006,2,2,7598.71,0.06
2026-09-08T05:38:40.196446,0000000000000001-0000000000000004,2,1,5738.26,0.05
2026-09-08T05:38:40.219243,0000000000000002-0000000000000004,3,1,7576.3,0.06
2026-09-08T05:38:40.238856,0000000000000001-0000000000000005,3,2,7688.37,0.06
2026-09-08T05:38:40.257526,0000000000000003-0000000000000001,1,3,3810.56,0.06
2026-09-08T05:38:40.276645,0000000000000005-0000000000000001,2,3,1905.28,0.06
2026-09-08T05:38:40.293360,0000000000000002-0000000000000001,2,2,5827.92,0.05
2026-09-08T05:38:40.312909,0000000000000006-0000000000000001,2,2,1860.45,0.06
2026-09-08T05:38:40.334869,0000000000000004-0000000000000001,1,2,3832.98,0.06
2026-09-08T05:38:42.911666,0000000000000003-0000000000000005,2,2,7274.94,0.06
2026-09-08T05:38:42.931874,0000000000000004-0000000000000006,2,2,7470.39,0.06
2026-09-08T05:38:42.955430,0000000000000001-0000000000000002,2,2,5581.08,0.04
2026-09-08T05:38:42.975017,0000000000000001-0000000000000003,3,1,7253.23,0.06
2026-09-08T05:38:42.997520,0000000000000005-0000000000000001,2,3,1911.03,0.06
2026-09-08T05:38:43.018773,0000000000000003-0000000000000001,1,3,3778.63,0.06
2026-09-08T05:38:43.037793,0000000000000006-0000000000000001,2,2,1911.03,0.06
2026-09-08T05:38:43.055856,0000000000000002-0000000000000001,2,2,5602.79,0.05
2026-09-08T05:38:43.076744,0000000000000004-0000000000000001,1,2,3865.49,0.06
2026-09-08T05:38:43.093645,0000000000000002-0000000000000004,3,1,7405.24,0.06
2026-09-08T05:38:45.641774,0000000000000003-0000000000000005,2,2,7321.12,0.06
2026-09-08T05:38:45.669324,0000000000000004-0000000000000006,2,2,7255.16,0.06
2026-09-08T05:38:45.690261,0000000000000001-0000000000000002,2,2,5452.36,0.04
2026-09-08T05:38:45.711577,0000000000000006-0000000000000003,2,1,1736.84,0.06
2026-09-08T05:38:45.733381,0000000000000004-0000000000000003,1,1,3627.58,0.06
2026-09-08T05:38:45.753899,0000000000000002-0000000000000003,2,1,5606.26,0.04
2026-09-08T05:38:45.774559,0000000000000001-0000000000000003,3,1,7233.18,0.06
2026-09-08T05:38:45.795319,0000000000000005-0000000000000003,2,2,1670.89,0.06
2026-09-08T05:38:45.816147,0000000000000003-0000000000000004,1,1,3627.58,0.06
2026-09-08T05:38:45.836212,0000000000000002-0000000000000004,3,1,7189.21,0.06
2026-09-08T05:38:48.442836,0000000000000003-0000000000000005,2,2,6895.89,0.06
2026-09-08T05:38:48.464925,0000000000000004-0000000000000006,2,2,6938.72,0.06
2026-09-08T05:38:48.495577,0000000000000002-0000000000000006,3,2,6788.81,0.05
2026-09-08T05:38:48.520423,0000000000000006-0000000000000002,2,3,1756.1,0.06
2026-09-08T05:38:48.540689,0000000000000003-0000000000000002,1,2,3490.78,0.06
2026-09-08T05:38:48.563691,0000000000000001-0000000000000003,3,1,6810.23,0.05
2026-09-08T05:38:48.587773,0000000000000004-0000000000000003,1,1,3555.03,0.06
2026-09-08T05:38:48.609025,0000000000000002-0000000000000003,2,1,5311.12,0.04
2026-09-08T05:38:48.630396,0000000000000005-0000000000000003,2,2,1734.68,0.06
2026-09-08T05:38:48.650318,0000000000000001-0000000000000006,2,2,5204.04,0.04
2026-09-08T05:38:51.201060,0000000000000003-0000000000000005,2,2,7612.16,0.06
2026-09-08T05:38:51.227231,0000000000000004-0000000000000006,2,2,7568.66,0.06
2026-09-08T05:38:51.246729,0000000000000004-0000000000000005,1,2,3762.58,0.06
2026-09-08T05:38:51.269086,0000000000000002-0000000000000005,2,2,5850.49,0.05
2026-09-08T05:38:51.286014,0000000000000001-0000000000000005,3,2,7481.67,0.06
2026-09-08T05:38:51.304190,0000000000000002-0000000000000004,3,1,7546.91,0.06
2026-09-08T05:38:51.324449,0000000000000005-0000000000000004,2,1,1826.92,0.06
2026-09-08T05:38:51.341307,0000000000000003-0000000000000004,1,1,3936.57,0.06
2026-09-08T05:38:51.359768,0000000000000001-0000000000000004,2,1,5850.49,0.05
2026-09-08T05:38:51.379678,0000000000000006-0000000000000003,2,1,1848.67,0.06
2026-09-08T05:38:53.896788,0000000000000003-0000000000000005,2,2,7793.01,0.06
2026-09-08T05:38:53.918872,0000000000000004-0000000000000006,2,2,7859.81,0.06
2026-09-08T05:38:53.939039,0000000000000001-0000000000000005,3,2,7681.68,0.06
2026-09-08T05:38:53.961814,0000000000000001-0000000000000004,2,1,5922.69,0.05
2026-09-08T05:38:53.981977,0000000000000002-0000000000000004,3,1,7748.48,0.06
2026-09-08T05:38:54.001298,0000000000000005-0000000000000001,2,3,1892.59,0.06
2026-09-08T05:38:54.024239,0000000000000003-0000000000000001,1,3,3985.57,0.06
2026-09-08T05:38:54.043095,0000000000000006-0000000000000001,2,2,1937.12,0.06
2026-09-08T05:38:54.064460,0000000000000004-0000000000000001,1,2,4030.1,0.06
2026-09-08T05:38:54.084078,0000000000000002-0000000000000001,2,2,5944.95,0.05
2026-09-08T05:38:56.672624,0000000000000003-0000000000000005,2,2,7087.9,0.06
2026-09-08T05:38:56.692459,0000000000000004-0000000000000006,2,2,7239.17,0.06
2026-09-08T05:38:56.713494,0000000000000001-0000000000000004,2,1,5402.37,0.04
2026-09-08T05:38:56.733608,0000000000000002-0000000000000004,3,1,7239.17,0.06
2026-09-08T05:38:56.753137,0000000000000005-0000000000000001,2,3,1815.19,0.06
2026-09-08T05:38:56.773221,0000000000000003-0000000000000001,1,3,3608.78,0.06
2026-09-08T05:38:56.794077,0000000000000006-0000000000000001,2,2,1750.37,0.06
2026-09-08T05:38:56.813236,0000000000000004-0000000000000005,1,2,3630.39,0.06
2026-09-08T05:38:56.832759,0000000000000002-0000000000000005,2,2,5510.41,0.04
2026-09-08T05:38:56.851117,0000000000000001-0000000000000005,3,2,7044.68,0.06
2026-09-08T05:38:59.383736,0000000000000003-0000000000000005,2,2,7701.88,0.06
2026-09-08T05:38:59.404280,0000000000000004-0000000000000006,2,2,7613.36,0.06
2026-09-08T05:38:59.428904,0000000000000002-0000000000000004,3,1,7502.7,0.06
2026-09-08T05:38:59.455509,0000000000000001-0000000000000004,2,1,5732.15,0.05
2026-09-08T05:38:59.478778,0000000000000003-0000000000000001,1,3,3784.55,0.06
2026-09-08T05:38:59.499532,0000000000000001-0000000000000003,3,1,7679.75,0.06
2026-09-08T05:38:59.523031,0000000000000005-0000000000000001,2,3,1814.81,0.06
2026-09-08T05:38:59.546571,0000000000000002-0000000000000001,2,2,5887.07,0.05
2026-09-08T05:38:59.566801,0000000000000006-0000000000000001,2,2,1859.08,0.06
2026-09-08T05:38:59.589614,0000000000000004-0000000000000001,1,2,3828.81,0.06
2026-09-08T05:39:02.114316,0000000000000003-0000000000000005,2,2,7558.17,0.06
2026-09-08T05:39:02.137826,0000000000000004-0000000000000006,2,2,7602.11,0.06
2026-09-08T05:39:02.162012,0000000000000001-0000000000000005,3,2,7536.19,0.06
2026-09-08T05:39:02.184960,0000000000000002-0000000000000004,3,1,7602.11,0.06
2026-09-08T05:39:02.207921,0000000000000001-0000000000000004,2,1,5800.45,0.05
2026-09-08T05:39:02.234624,0000000000000003-0000000000000001,1,3,3801.05,0.06
2026-09-08T05:39:02.258354,0000000000000005-0000000000000001,2,3,1823.63,0.06
2026-09-08T05:39:02.285154,0000000000000002-0000000000000001,2,2,5646.65,0.05
2026-09-08T05:39:02.314149,0000000000000006-0000000000000001,2,2,1801.66,0.06
2026-09-08T05:39:02.338838,0000000000000004-0000000000000001,1,2,3559.37,0.06
2026-09-08T05:39:04.843993,0000000000000003-0000000000000005,2,2,7605.5,0.06
2026-09-08T05:39:04.866083,0000000000000004-0000000000000006,2,2,7429.65,0.06
2026-09-08T05:39:04.885128,0000000000000002-0000000000000005,2,2,5671.15,0.05
2026-09-08T05:39:04.903711,0000000000000002-0000000000000006,3,2,7363.71,0.06
2026-09-08T05:39:04.922831,0000000000000001-0000000000000002,2,2,5583.23,0.05
2026-09-08T05:39:04.941601,0000000000000005-0000000000000002,2,2,1824.44,0.06
2026-09-08T05:39:04.960285,0000000000000003-0000000000000002,1,2,3758.79,0.06
2026-09-08T05:39:04.979684,0000000000000001-0000000000000003,3,1,7385.69,0.06
2026-09-08T05:39:04.998518,0000000000000006-0000000000000003,2,1,1824.44,0.06
2026-09-08T05:39:05.020943,0000000000000004-0000000000000003,1,1,3802.75,0.06
2026-09-08T05:39:07.667528,0000000000000003-0000000000000005,2,2,7629.98,0.06
2026-09-08T05:39:07.693877,0000000000000004-0000000000000006,2,2,7693.74,0.06
2026-09-08T05:39:07.716429,0000000000000002-0000000000000006,3,2,7566.22,0.06
2026-09-08T05:39:07.735911,0000000000000001-0000000000000003,3,1,7608.73,0.06
2026-09-08T05:39:07.756066,0000000000000001-0000000000000002,2,2,5738.43,0.05
2026-09-08T05:39:07.780079,0000000000000005-0000000000000001,2,3,1955.32,0.06
2026-09-08T05:39:07.799885,0000000000000003-0000000000000001,1,3,3953.14,0.06
2026-09-08T05:39:07.817868,0000000000000006-0000000000000005,2,2,1997.82,0.06
2026-09-08T05:39:07.839158,0000000000000004-0000000000000005,1,2,4059.41,0.06
2026-09-08T05:39:07.857478,0000000000000002-0000000000000005,2,2,5929.71,0.05
2026-09-08T05:39:10.312274,0000000000000003-0000000000000005,2,2,8075.72,0.06
2026-09-08T05:39:10.334203,0000000000000004-0000000000000006,2,2,8053.03,0.06
2026-09-08T05:39:10.358907,0000000000000002-0000000000000006,3,2,8121.09,0.06
2026-09-08T05:39:10.382414,0000000000000001-0000000000000003,3,1,8121.09,0.06
2026-09-08T05:39:10.403453,0000000000000002-0000000000000003,2,1,6079.47,0.05
2026-09-08T05:39:10.421511,0000000000000004-0000000000000002,1,3,3969.81,0.06
2026-09-08T05:39:10.440952,0000000000000006-0000000000000002,2,3,1928.19,0.06
2026-09-08T05:39:10.458850,0000000000000001-0000000000000002,2,2,6192.9,0.05
2026-09-08T05:39:10.477290,0000000000000005-0000000000000002,2,2,1973.56,0.06
2026-09-08T05:39:10.497807,0000000000000003-0000000000000002,1,2,3969.81,0.06
2026-09-08T05:39:12.970147,0000000000000003-0000000000000005,2,2,7741.57,0.06
2026-09-08T05:39:12.994756,0000000000000004-0000000000000006,2,2,7606.14,0.06
2026-09-08T05:39:13.021359,0000000000000001-0000000000000003,3,1,7696.42,0.06
2026-09-08T05:39:13.042331,0000000000000002-0000000000000001,2,2,5845.67,0.05
2026-09-08T05:39:13.064484,0000000000000002-0000000000000006,3,2,7651.28,0.06
2026-09-08T05:39:13.085036,0000000000000006-0000000000000002,2,3,1873.32,0.06
2026-09-08T05:39:13.104822,0000000000000004-0000000000000002,1,3,3882.07,0.06
2026-09-08T05:39:13.123685,0000000000000005-0000000000000002,2,2,1873.32,0.06
2026-09-08T05:39:13.146343,0000000000000003-0000000000000002,1,2,3859.5,0.06
2026-09-08T05:39:13.164294,0000000000000001-0000000000000002,2,2,5845.67,0.05
2026-09-08T05:39:15.740827,0000000000000003-0000000000000005,2,2,7254.73,0.06
2026-09-08T05:39:15.766408,0000000000000004-0000000000000006,2,2,7492.94,0.06
2026-09-08T05:39:15.786186,0000000000000001-0000000000000005,3,2,7189.76,0.06
2026-09-08T05:39:15.808531,0000000000000002-0000000000000004,3,1,7276.38,0.06
2026-09-08T05:39:15.830594,0000000000000006-0000000000000002,2,3,1862.41,0.06
2026-09-08T05:39:15.849397,0000000000000003-0000000000000002,1,2,3854.75,0.06
2026-09-08T05:39:15.868833,0000000000000001-0000000000000002,2,2,5630.53,0.05
2026-09-08T05:39:15.890810,0000000000000004-0000000000000003,1,1,3746.47,0.06
2026-09-08T05:39:15.910825,0000000000000002-0000000000000003,2,1,5587.22,0.05
2026-09-08T05:39:15.930366,0000000000000005-0000000000000003,2,2,1970.69,0.06
2026-09-08T05:39:18.253325,0000000000000003-0000000000000005,2,2,7928.3,0.06
2026-09-08T05:39:18.273790,0000000000000004-0000000000000006,2,2,7952.18,0.06
2026-09-08T05:39:18.291285,0000000000000006-0000000000000003,2,1,1767.15,0.06
2026-09-08T05:39:18.311599,0000000000000004-0000000000000003,1,1,3701.46,0.06
2026-09-08T05:39:18.332414,0000000000000002-0000000000000003,2,1,5922.34,0.05
2026-09-08T05:39:18.350910,0000000000000001-0000000000000003,3,1,7928.3,0.06
2026-09-08T05:39:18.373286,0000000000000005-0000000000000006,2,2,1862.67,0.06
2026-09-08T05:39:18.395509,0000000000000003-0000000000000006,1,2,3892.51,0.06
2026-09-08T05:39:18.414181,0000000000000001-0000000000000006,2,2,6041.74,0.05
2026-09-08T05:39:18.436060,0000000000000002-0000000000000006,3,2,7952.18,0.06
2026-09-08T05:39:20.622711,0000000000000003-0000000000000005,2,2,7749.19,0.06
2026-09-08T05:39:20.647879,0000000000000004-0000000000000006,2,2,7850.49,0.06
2026-09-08T05:39:20.665467,0000000000000001-0000000000000005,3,2,7825.16,0.06
2026-09-08T05:39:20.686815,0000000000000004-0000000000000002,1,3,3849.27,0.06
2026-09-08T05:39:20.709469,0000000000000001-0000000000000002,2,2,6052.47,0.05
2026-09-08T05:39:20.728877,0000000000000005-0000000000000003,2,2,1823.34,0.06
2026-09-08T05:39:20.751533,0000000000000003-0000000000000001,1,3,3899.92,0.06
2026-09-08T05:39:20.772658,0000000000000002-0000000000000001,2,2,5900.53,0.05
2026-09-08T05:39:20.792162,0000000000000006-0000000000000004,2,2,1823.34,0.06
2026-09-08T05:39:20.815193,0000000000000002-0000000000000004,3,1,7926.46,0.06
2026-09-08T05:39:23.136761,0000000000000003-0000000000000005,2,2,8091.02,0.06
2026-09-08T05:39:23.162433,0000000000000004-0000000000000006,2,2,8210.36,0.07
2026-09-08T05:39:23.179437,0000000000000001-0000000000000003,3,1,7947.82,0.06
2026-09-08T05:39:23.198633,0000000000000006-0000000000000005,2,2,1885.52,0.07
2026-09-08T05:39:23.219612,0000000000000004-0000000000000005,1,2,4033.58,0.07
2026-09-08T05:39:23.237154,0000000000000002-0000000000000005,2,2,6181.64,0.05
2026-09-08T05:39:23.256876,0000000000000002-0000000000000006,3,2,8091.02,0.06
2026-09-08T05:39:23.274833,0000000000000005-0000000000000006,2,2,1957.12,0.07
2026-09-08T05:39:23.293771,0000000000000003-0000000000000006,1,2,4152.91,0.06
2026-09-08T05:39:23.311725,0000000000000001-0000000000000006,2,2,6157.77,0.05
2026-09-08T05:39:25.772446,0000000000000003-0000000000000005,2,2,7398.57,0.06
2026-09-08T05:39:25.797120,0000000000000004-0000000000000006,2,2,7557.92,0.06
2026-09-08T05:39:25.816312,0000000000000003-0000000000000006,1,2,3870.02,0.06
2026-09-08T05:39:25.838288,0000000000000001-0000000000000006,2,2,5463.56,0.04
2026-09-08T05:39:25.857362,0000000000000002-0000000000000006,3,2,7330.27,0.06
2026-09-08T05:39:25.877369,0000000000000001-0000000000000003,3,1,7193.68,0.06
2026-09-08T05:39:25.898536,0000000000000006-0000000000000003,2,1,1889.48,0.06
2026-09-08T05:39:25.919462,0000000000000004-0000000000000003,1,1,3824.49,0.06
2026-09-08T05:39:25.939227,0000000000000002-0000000000000003,2,1,5622.91,0.04
2026-09-08T05:39:25.957922,0000000000000005-0000000000000003,2,2,1889.48,0.06
2026-09-08T05:39:28.477534,0000000000000003-0000000000000005,2,2,6886.28,0.06
2026-09-08T05:39:28.504490,0000000000000004-0000000000000006,2,2,6945.46,0.06
2026-09-08T05:39:28.526601,0000000000000001-0000000000000003,3,1,6908.47,0.06
2026-09-08T05:39:28.545420,0000000000000002-0000000000000004,3,1,6878.89,0.06
2026-09-08T05:39:28.568057,0000000000000001-0000000000000004,2,1,5236.83,0.04
2026-09-08T05:39:28.585755,0000000000000003-0000000000000001,1,3,3372.87,0.06
2026-09-08T05:39:28.606750,0000000000000005-0000000000000001,2,3,1730.82,0.06
2026-09-08T05:39:28.625338,0000000000000002-0000000000000001,2,2,5421.75,0.04
2026-09-08T05:39:28.645416,0000000000000006-0000000000000001,2,2,1734.52,0.06
2026-09-08T05:39:28.665779,0000000000000004-0000000000000001,1,2,3598.47,0.05
2026-09-08T05:39:31.166763,0000000000000003-0000000000000005,2,2,7270.39,0.06
2026-09-08T05:39:31.190993,0000000000000004-0000000000000006,2,2,7203.49,0.06
2026-09-08T05:39:31.214655,0000000000000001-0000000000000004,2,1,5397.04,0.04
2026-09-08T05:39:31.238078,0000000000000002-0000000000000004,3,1,7181.18,0.06
2026-09-08T05:39:31.256299,0000000000000001-0000000000000005,3,2,7181.18,0.06
2026-09-08T05:39:31.277405,0000000000000003-0000000000000001,1,3,3635.2,0.06
2026-09-08T05:39:31.299647,0000000000000005-0000000000000001,2,3,1739.54,0.06
2026-09-08T05:39:31.319953,0000000000000002-0000000000000001,2,2,5530.85,0.04
2026-09-08T05:39:31.338917,0000000000000004-0000000000000001,1,2,3635.2,0.06
2026-09-08T05:39:31.359074,0000000000000006-0000000000000001,2,2,1828.75,0.06
2026-09-08T05:39:33.927221,0000000000000003-0000000000000005,2,2,7369.0,0.06
2026-09-08T05:39:33.950154,0000000000000004-0000000000000006,2,2,7369.0,0.06
2026-09-08T05:39:33.970076,0000000000000001-0000000000000004,2,1,5477.84,0.05
2026-09-08T05:39:34.008892,0000000000000002-0000000000000004,3,1,7238.57,0.06
2026-09-08T05:39:34.032785,0000000000000001-0000000000000005,3,2,7151.62,0.06
2026-09-08T05:39:34.056730,0000000000000005-0000000000000001,2,3,1847.68,0.06
2026-09-08T05:39:34.077167,0000000000000003-0000000000000001,1,3,3804.05,0.06
2026-09-08T05:39:34.100460,0000000000000006-0000000000000001,2,2,1869.42,0.06
2026-09-08T05:39:34.137605,0000000000000004-0000000000000001,1,2,3825.79,0.06
2026-09-08T05:39:34.167523,0000000000000002-0000000000000001,2,2,5608.26,0.04
2026-09-08T05:39:36.629275,0000000000000003-0000000000000005,2,2,8036.24,0.06
2026-09-08T05:39:36.655760,0000000000000004-0000000000000006,2,2,8102.83,0.06
2026-09-08T05:39:36.687257,0000000000000001-0000000000000003,3,1,8058.43,0.06
2026-09-08T05:39:36.705860,0000000000000006-0000000000000002,2,3,1820.36,0.06
2026-09-08T05:39:36.726610,0000000000000003-0000000000000006,1,2,4084.72,0.06
2026-09-08T05:39:36.747860,0000000000000001-0000000000000006,2,2,6149.27,0.05
2026-09-08T05:39:36.769264,0000000000000002-0000000000000006,3,2,8058.43,0.06
2026-09-08T05:39:36.787536,0000000000000005-0000000000000001,2,3,1953.56,0.06
2026-09-08T05:39:36.811860,0000000000000004-0000000000000001,1,2,3951.52,0.06
2026-09-08T05:39:36.831498,0000000000000002-0000000000000001,2,2,6127.07,0.05
2026-09-08T05:39:39.421883,0000000000000003-0000000000000005,2,2,7413.38,0.06
2026-09-08T05:39:39.442799,0000000000000004-0000000000000006,2,2,7542.31,0.06
2026-09-08T05:39:39.465373,0000000000000005-0000000000000001,2,3,1826.48,0.06
2026-09-08T05:39:39.484985,0000000000000001-0000000000000002,2,2,5758.8,0.05
2026-09-08T05:39:39.503232,0000000000000003-0000000000000001,1,3,3803.39,0.06
2026-09-08T05:39:39.524288,0000000000000002-0000000000000004,3,1,7477.84,0.06
2026-09-08T05:39:39.543504,0000000000000006-0000000000000005,2,2,1805.0,0.06
2026-09-08T05:39:39.562298,0000000000000004-0000000000000005,1,2,3760.41,0.06
2026-09-08T05:39:39.584622,0000000000000002-0000000000000005,2,2,5651.36,0.05
2026-09-08T05:39:39.603281,0000000000000001-0000000000000005,3,2,7370.4,0.06
2026-09-08T05:39:42.218032,0000000000000003-0000000000000005,2,2,7531.6,0.06
2026-09-08T05:39:42.236553,0000000000000004-0000000000000006,2,2,7467.23,0.06
2026-09-08T05:39:42.256995,0000000000000002-0000000000000006,3,2,7359.94,0.06
2026-09-08T05:39:42.283917,0000000000000001-0000000000000002,2,2,5664.79,0.05
2026-09-08T05:39:42.303605,0000000000000003-0000000000000002,1,2,3755.07,0.06
2026-09-08T05:39:42.322099,0000000000000001-0000000000000003,3,1,7359.94,0.06
2026-09-08T05:39:42.341141,0000000000000006-0000000000000003,2,1,1716.6,0.06
2026-09-08T05:39:42.359198,0000000000000004-0000000000000003,1,1,3733.61,0.06
2026-09-08T05:39:42.379564,0000000000000002-0000000000000003,2,1,5621.88,0.05
2026-09-08T05:39:42.399047,0000000000000005-0000000000000003,2,2,1888.26,0.06
2026-09-08T05:39:44.889216,0000000000000003-0000000000000005,2,2,7840.23,0.06
2026-09-08T05:39:44.912945,0000000000000004-0000000000000006,2,2,7638.05,0.06
2026-09-08T05:39:44.935590,0000000000000002-0000000000000004,3,1,7705.44,0.06
2026-09-08T05:39:44.959535,0000000000000003-0000000000000002,1,2,3863.95,0.06
2026-09-08T05:39:44.981620,0000000000000001-0000000000000002,2,2,5975.65,0.05
2026-09-08T05:39:45.002463,0000000000000005-0000000000000003,2,2,1909.51,0.06
2026-09-08T05:39:45.026334,0000000000000006-0000000000000005,2,2,1887.05,0.06
2026-09-08T05:39:45.047187,0000000000000004-0000000000000005,1,2,3796.56,0.06
2026-09-08T05:39:45.069407,0000000000000002-0000000000000005,2,2,5998.12,0.05
2026-09-08T05:39:45.089263,0000000000000001-0000000000000005,3,2,7862.7,0.06
2026-09-08T05:39:47.700718,0000000000000003-0000000000000005,2,2,7511.85,0.06
2026-09-08T05:39:47.726541,0000000000000004-0000000000000006,2,2,7682.57,0.06
2026-09-08T05:39:47.750814,0000000000000001-0000000000000003,3,1,7341.12,0.06
2026-09-08T05:39:47.771823,0000000000000002-0000000000000001,2,2,5676.57,0.05
2026-09-08T05:39:47.792317,0000000000000004-0000000000000002,1,3,3862.63,0.06
2026-09-08T05:39:47.811721,0000000000000006-0000000000000002,2,3,1835.28,0.06
2026-09-08T05:39:47.832886,0000000000000005-0000000000000006,2,2,1835.28,0.06
2026-09-08T05:39:47.850768,0000000000000003-0000000000000006,1,2,3841.28,0.06
2026-09-08T05:39:47.869125,0000000000000001-0000000000000006,2,2,5697.91,0.05
2026-09-08T05:39:47.892262,0000000000000002-0000000000000006,3,2,7490.51,0.06
2026-09-08T05:39:50.369570,0000000000000003-0000000000000005,2,2,8025.46,0.06
2026-09-08T05:39:50.390923,0000000000000004-0000000000000006,2,2,8160.35,0.07
2026-09-08T05:39:50.418935,0000000000000001-0000000000000005,3,2,8047.94,0.06
2026-09-08T05:39:50.443817,0000000000000002-0000000000000004,3,1,8182.83,0.07
2026-09-08T05:39:50.465701,0000000000000001-0000000000000004,2,1,6294.48,0.05
2026-09-08T05:39:50.485719,0000000000000003-0000000000000001,1,3,4068.93,0.06
2026-09-08T05:39:50.505397,0000000000000005-0000000000000001,2,3,2045.71,0.06
2026-09-08T05:39:50.524946,0000000000000002-0000000000000001,2,2,6204.56,0.05
2026-09-08T05:39:50.545832,0000000000000006-0000000000000001,2,2,2000.75,0.06
2026-09-08T05:39:50.567549,0000000000000004-0000000000000001,1,2,4046.45,0.06
2026-09-08T05:39:53.149901,0000000000000003-0000000000000005,2,2,7185.93,0.06
2026-09-08T05:39:53.179172,0000000000000004-0000000000000006,2,2,7272.24,0.06
2026-09-08T05:39:53.199877,0000000000000001-0000000000000005,3,2,7078.03,0.06
2026-09-08T05:39:53.219717,0000000000000001-0000000000000004,2,1,5653.79,0.05
2026-09-08T05:39:53.241514,0000000000000002-0000000000000004,3,1,7099.61,0.06
2026-09-08T05:39:53.259744,0000000000000005-0000000000000001,2,3,1877.4,0.06
2026-09-08T05:39:53.280512,0000000000000003-0000000000000001,1,3,3884.28,0.06
2026-09-08T05:39:53.298549,0000000000000006-0000000000000001,2,2,1769.51,0.06
2026-09-08T05:39:53.316527,0000000000000004-0000000000000001,1,2,3841.13,0.06
2026-09-08T05:39:53.336579,0000000000000002-0000000000000001,2,2,5481.16,0.05
2026-09-08T05:39:55.863853,0000000000000003-0000000000000005,2,2,7761.47,0.06
2026-09-08T05:39:55.893002,0000000000000004-0000000000000006,2,2,7916.26,0.06
2026-09-08T05:39:55.920698,0000000000000001-0000000000000004,2,1,6036.7,0.05
2026-09-08T05:39:55.945416,0000000000000002-0000000000000004,3,1,7916.26,0.06
2026-09-08T05:39:55.969352,0000000000000003-0000000000000001,1,3,3958.13,0.06
2026-09-08T05:39:55.995021,0000000000000005-0000000000000001,2,3,1990.12,0.06
2026-09-08T05:39:56.016309,0000000000000006-0000000000000005,2,2,1835.33,0.06
2026-09-08T05:39:56.041683,0000000000000004-0000000000000005,1,2,3825.45,0.06
2026-09-08T05:39:56.065380,0000000000000002-0000000000000005,2,2,5881.91,0.05
2026-09-08T05:39:56.096837,0000000000000001-0000000000000005,3,2,7739.36,0.06
2026-09-08T05:39:58.603537,0000000000000003-0000000000000005,2,2,7379.5,0.06
2026-09-08T05:39:58.625561,0000000000000004-0000000000000006,2,2,7532.78,0.06
2026-09-08T05:39:58.645630,0000000000000002-0000000000000004,3,1,7488.99,0.06
2026-09-08T05:39:58.665861,0000000000000001-0000000000000005,3,2,7313.81,0.06
2026-09-08T05:39:58.683917,0000000000000001-0000000000000004,2,1,5737.18,0.05
2026-09-08T05:39:58.704812,0000000000000004-0000000000000005,1,2,3832.08,0.06
2026-09-08T05:39:58.728298,0000000000000002-0000000000000005,2,2,5715.28,0.05
2026-09-08T05:39:58.748869,0000000000000005-0000000000000004,2,1,1839.4,0.06
2026-09-08T05:39:58.769609,0000000000000003-0000000000000004,1,1,3810.19,0.06
2026-09-08T05:39:58.788602,0000000000000006-0000000000000004,2,2,1926.99,0.06
2026-09-08T05:40:01.337974,0000000000000003-0000000000000005,2,2,7440.93,0.06
2026-09-08T05:40:01.359559,0000000000000004-0000000000000006,2,2,7481.15,0.06
2026-09-08T05:40:01.377106,0000000000000002-0000000000000006,3,2,7415.33,0.06
2026-09-08T05:40:01.395311,0000000000000001-0000000000000004,2,1,5747.98,0.05
2026-09-08T05:40:01.416345,0000000000000003-0000000000000001,1,3,3839.3,0.06
2026-09-08T05:40:01.434418,0000000000000005-0000000000000003,2,2,1820.92,0.06
2026-09-08T05:40:01.455064,0000000000000001-0000000000000003,3,1,7243.48,0.06
2026-09-08T05:40:01.475048,0000000000000006-0000000000000003,2,1,1667.35,0.06
2026-09-08T05:40:01.492606,0000000000000004-0000000000000003,1,1,3619.91,0.06
2026-09-08T05:40:01.510631,0000000000000002-0000000000000003,2,1,5572.47,0.05
2026-09-08T05:40:03.984036,0000000000000003-0000000000000005,2,2,7528.28,0.06
2026-09-08T05:40:04.008903,0000000000000004-0000000000000006,2,2,7777.71,0.06
2026-09-08T05:40:04.031700,0000000000000006-0000000000000005,2,2,1927.42,0.06
2026-09-08T05:40:04.054539,0000000000000004-0000000000000005,1,2,3786.81,0.06
2026-09-08T05:40:04.076030,0000000000000002-0000000000000005,2,2,5714.24,0.05
2026-09-08T05:40:04.094919,0000000000000001-0000000000000005,3,2,7618.98,0.06
2026-09-08T05:40:04.118857,0000000000000005-0000000000000006,2,2,1882.07,0.06
2026-09-08T05:40:04.140685,0000000000000003-0000000000000006,1,2,3764.14,0.06
2026-09-08T05:40:04.163082,0000000000000001-0000000000000006,2,2,5782.26,0.05
2026-09-08T05:40:04.183885,0000000000000002-0000000000000006,3,2,7687.01,0.06
2026-09-08T05:40:06.696485,0000000000000003-0000000000000005,2,2,7432.85,0.06
2026-09-08T05:40:06.721091,0000000000000004-0000000000000006,2,2,7499.21,0.06
2026-09-08T05:40:06.740085,0000000000000001-0000000000000004,2,1,5751.61,0.05
2026-09-08T05:40:06.764129,0000000000000001-0000000000000005,3,2,7477.09,0.06
2026-09-08T05:40:06.785031,0000000000000004-0000000000000001,1,2,3694.3,0.06
2026-09-08T05:40:06.803885,0000000000000002-0000000000000001,2,2,5773.73,0.05
2026-09-08T05:40:06.824123,0000000000000006-0000000000000004,2,2,1747.6,0.06
2026-09-08T05:40:06.845668,0000000000000005-0000000000000004,2,1,1858.21,0.06
2026-09-08T05:40:06.866053,0000000000000003-0000000000000004,1,1,3716.42,0.06
2026-09-08T05:40:06.887887,0000000000000002-0000000000000004,3,1,7521.33,0.06
2026-09-08T05:40:09.463010,0000000000000003-0000000000000005,2,2,7461.19,0.06
2026-09-08T05:40:09.482704,0000000000000004-0000000000000006,2,2,7309.36,0.06
2026-09-08T05:40:09.501100,0000000000000002-0000000000000006,3,2,7200.92,0.06
2026-09-08T05:40:09.518083,0000000000000001-0000000000000003,3,1,7309.36,0.06
2026-09-08T05:40:09.542177,0000000000000002-0000000000000003,2,1,5682.65,0.05
2026-09-08T05:40:09.562285,0000000000000004-0000000000000002,1,3,3882.42,0.06
2026-09-08T05:40:09.581509,0000000000000006-0000000000000002,2,3,1908.68,0.06
2026-09-08T05:40:09.602048,0000000000000001-0000000000000002,2,2,5530.82,0.05
2026-09-08T05:40:09.619826,0000000000000005-0000000000000002,2,2,1821.92,0.06
2026-09-08T05:40:09.639492,0000000000000003-0000000000000002,1,2,3687.22,0.06
2026-09-08T05:40:12.182620,0000000000000003-0000000000000005,2,2,7832.92,0.06
2026-09-08T05:40:12.209527,0000000000000004-0000000000000006,2,2,7832.92,0.06
2026-09-08T05:40:12.228590,0000000000000002-0000000000000006,3,2,7722.6,0.06
2026-09-08T05:40:12.249249,0000000000000002-0000000000000003,2,1,5891.24,0.05
2026-09-08T05:40:12.267877,0000000000000001-0000000000000003,3,1,7744.66,0.06
2026-09-08T05:40:12.287587,0000000000000006-0000000000000002,2,3,1875.49,0.06
2026-09-08T05:40:12.308625,0000000000000004-0000000000000002,1,3,3861.3,0.06
2026-09-08T05:40:12.328889,0000000000000005-0000000000000002,2,2,1831.36,0.06
2026-09-08T05:40:12.346942,0000000000000003-0000000000000002,1,2,3927.49,0.06
2026-09-08T05:40:12.366439,0000000000000001-0000000000000002,2,2,5891.24,0.05
2026-09-08T05:40:14.901374,0000000000000003-0000000000000005,2,2,7347.84,0.06
2026-09-08T05:40:14.924741,0000000000000004-0000000000000006,2,2,7436.1,0.06
2026-09-08T05:40:14.944346,0000000000000001-0000000000000004,2,1,5538.46,0.05
2026-09-08T05:40:14.962572,0000000000000002-0000000000000004,3,1,7369.91,0.06
2026-09-08T05:40:14.984202,0000000000000001-0000000000000005,3,2,7303.71,0.06
2026-09-08T05:40:15.001134,0000000000000002-0000000000000001,2,2,5759.12,0.05
2026-09-08T05:40:15.020090,0000000000000004-0000000000000001,1,2,3839.41,0.06
2026-09-08T05:40:15.040572,0000000000000006-0000000000000004,2,2,1919.71,0.06
2026-09-08T05:40:15.059635,0000000000000005-0000000000000004,2,1,1743.18,0.06
2026-09-08T05:40:15.080104,0000000000000003-0000000000000004,1,1,3684.95,0.06
2026-09-08T05:40:17.693488,0000000000000003-0000000000000005,2,2,5394.06,0.04
2026-09-08T05:40:17.719671,0000000000000004-0000000000000006,2,2,5333.17,0.04
2026-09-08T05:40:17.741851,0000000000000002-0000000000000006,3,2,5247.21,0.04
2026-09-08T05:40:17.761764,0000000000000005-0000000000000001,2,3,1332.4,0.04
2026-09-08T05:40:17.781014,0000000000000003-0000000000000002,1,2,2754.34,0.04
2026-09-08T05:40:17.801468,0000000000000001-0000000000000002,2,2,4043.75,0.03
2026-09-08T05:40:17.823861,0000000000000002-0000000000000003,2,1,4040.17,0.03
2026-09-08T05:40:17.844260,0000000000000006-0000000000000003,2,1,1375.38,0.04
2026-09-08T05:40:17.865322,0000000000000004-0000000000000005,1,2,2664.79,0.04
2026-09-08T05:40:17.883291,0000000000000001-0000000000000005,3,2,5308.1,0.04
2026-09-08T05:40:20.576460,0000000000000003-0000000000000005,2,2,6556.98,0.05
2026-09-08T05:40:20.599649,0000000000000004-0000000000000006,2,2,6556.98,0.05
2026-09-08T05:40:20.624392,0000000000000004-0000000000000005,1,2,3434.61,0.05
2026-09-08T05:40:20.646635,0000000000000002-0000000000000005,2,2,5079.06,0.04
2026-09-08T05:40:20.665973,0000000000000001-0000000000000005,3,2,6390.45,0.05
2026-09-08T05:40:20.689529,0000000000000006-0000000000000004,2,2,1686.08,0.05
2026-09-08T05:40:20.711700,0000000000000005-0000000000000004,2,1,1686.08,0.05
2026-09-08T05:40:20.734422,0000000000000001-0000000000000004,2,1,4974.98,0.04
2026-09-08T05:40:20.754767,0000000000000003-0000000000000006,1,2,3476.24,0.05
2026-09-08T05:40:20.777623,0000000000000002-0000000000000006,3,2,6432.08,0.05
2026-09-08T05:40:23.415674,0000000000000003-0000000000000005,2,2,7668.46,0.06
2026-09-08T05:40:23.465744,0000000000000004-0000000000000006,2,2,7520.58,0.06
2026-09-08T05:40:23.491734,0000000000000002-0000000000000006,3,2,7520.58,0.06
2026-09-08T05:40:23.520282,0000000000000002-0000000000000003,2,1,5809.44,0.05
2026-09-08T05:40:23.551673,0000000000000001-0000000000000003,3,1,7626.21,0.06
2026-09-08T05:40:23.574142,0000000000000006-0000000000000003,2,1,1964.65,0.06
2026-09-08T05:40:23.595274,0000000000000004-0000000000000003,1,1,3802.54,0.06
2026-09-08T05:40:23.620196,0000000000000005-0000000000000006,2,2,1816.77,0.06
2026-09-08T05:40:23.641520,0000000000000003-0000000000000006,1,2,3908.17,0.06
2026-09-08T05:40:23.663072,0000000000000001-0000000000000006,2,2,5915.07,0.05
2026-09-08T05:40:26.042298,0000000000000003-0000000000000005,2,2,7060.05,0.06
2026-09-08T05:40:26.063193,0000000000000004-0000000000000006,2,2,6991.51,0.06
2026-09-08T05:40:26.081757,0000000000000002-0000000000000006,3,2,7060.05,0.06
2026-09-08T05:40:26.101205,0000000000000001-0000000000000002,2,2,5483.54,0.05
2026-09-08T05:40:26.124479,0000000000000003-0000000000000002,1,2,3541.45,0.06
2026-09-08T05:40:26.145396,0000000000000001-0000000000000003,3,1,7174.29,0.06
2026-09-08T05:40:26.167414,0000000000000006-0000000000000003,2,1,1759.3,0.06
2026-09-08T05:40:26.188783,0000000000000004-0000000000000003,1,1,3632.84,0.05
2026-09-08T05:40:26.211595,0000000000000002-0000000000000003,2,1,5574.93,0.04
2026-09-08T05:40:26.236030,0000000000000005-0000000000000003,2,2,1713.61,0.05
2026-09-08T05:40:28.723579,0000000000000003-0000000000000005,2,2,7405.82,0.06
2026-09-08T05:40:28.749844,0000000000000004-0000000000000006,2,2,7450.57,0.06
2026-09-08T05:40:28.771495,0000000000000002-0000000000000006,3,2,7249.21,0.06
2026-09-08T05:40:28.793765,0000000000000001-0000000000000002,2,2,5571.15,0.04
2026-09-08T05:40:28.818163,0000000000000005-0000000000000002,2,2,1924.17,0.06
2026-09-08T05:40:28.840434,0000000000000003-0000000000000002,1,2,3848.34,0.06
2026-09-08T05:40:28.861185,0000000000000006-0000000000000005,2,2,1901.8,0.06
2026-09-08T05:40:28.884675,0000000000000004-0000000000000005,1,2,3848.34,0.06
2026-09-08T05:40:28.905757,0000000000000002-0000000000000005,2,2,5660.64,0.05
2026-09-08T05:40:28.928101,0000000000000001-0000000000000005,3,2,7226.83,0.06
2026-09-08T05:40:31.400662,0000000000000003-0000000000000005,2,2,7510.0,0.06
2026-09-08T05:40:31.421912,0000000000000004-0000000000000006,2,2,7622.09,0.06
2026-09-08T05:40:31.444350,0000000000000001-0000000000000005,3,2,7465.17,0.06
2026-09-08T05:40:31.464809,0000000000000001-0000000000000004,2,1,5738.99,0.05
2026-09-08T05:40:31.486035,0000000000000002-0000000000000004,3,1,7532.42,0.06
2026-09-08T05:40:31.507264,0000000000000002-0000000000000001,2,2,5716.57,0.05
2026-09-08T05:40:31.530400,0000000000000004-0000000000000001,1,2,3721.38,0.06
2026-09-08T05:40:31.550153,0000000000000006-0000000000000004,2,2,1793.43,0.06
2026-09-08T05:40:31.573718,0000000000000005-0000000000000004,2,1,1793.43,0.06
2026-09-08T05:40:31.593278,0000000000000003-0000000000000004,1,1,3833.47,0.06
2026-09-08T05:40:34.229756,0000000000000003-0000000000000005,2,2,7738.93,0.06
2026-09-08T05:40:34.252346,0000000000000004-0000000000000006,2,2,7844.94,0.06
2026-09-08T05:40:34.272708,0000000000000003-0000000000000006,1,2,3901.27,0.06
2026-09-08T05:40:34.294601,0000000000000001-0000000000000006,2,2,5830.7,0.05
2026-09-08T05:40:34.316295,0000000000000002-0000000000000006,3,2,7738.93,0.06
2026-09-08T05:40:34.336184,0000000000000001-0000000000000003,3,1,7569.31,0.06
2026-09-08T05:40:34.357129,0000000000000006-0000000000000003,2,1,1929.43,0.06
2026-09-08T05:40:34.380248,0000000000000004-0000000000000003,1,1,4007.28,0.06
2026-09-08T05:40:34.401161,0000000000000002-0000000000000003,2,1,6000.32,0.05
2026-09-08T05:40:34.426058,0000000000000005-0000000000000003,2,2,1865.82,0.06
2026-09-08T05:40:36.783183,0000000000000003-0000000000000005,2,2,7918.53,0.06
2026-09-08T05:40:36.811572,0000000000000004-0000000000000006,2,2,7801.04,0.06
2026-09-08T05:40:36.840235,0000000000000004-0000000000000005,1,2,3924.02,0.06
2026-09-08T05:40:36.861110,0000000000000002-0000000000000005,2,2,6085.75,0.05
2026-09-08T05:40:36.880551,0000000000000001-0000000000000005,3,2,8059.51,0.06
2026-09-08T05:40:36.903316,0000000000000006-0000000000000004,2,2,1950.26,0.06
2026-09-08T05:40:36.922533,0000000000000005-0000000000000004,2,1,1832.77,0.06
2026-09-08T05:40:36.943176,0000000000000003-0000000000000004,1,1,3877.02,0.06
2026-09-08T05:40:36.963880,0000000000000001-0000000000000004,2,1,6085.75,0.05
2026-09-08T05:40:36.987125,0000000000000002-0000000000000004,3,1,7918.53,0.06
2026-09-08T05:40:39.681640,0000000000000003-0000000000000005,2,2,6831.4,0.05
2026-09-08T05:40:39.704039,0000000000000004-0000000000000006,2,2,6831.4,0.05
2026-09-08T05:40:39.728910,0000000000000001-0000000000000003,3,1,6624.39,0.05
2026-09-08T05:40:39.749594,0000000000000002-0000000000000004,3,1,6707.19,0.05
2026-09-08T05:40:39.770967,0000000000000005-0000000000000004,2,1,1656.1,0.05
2026-09-08T05:40:39.790547,0000000000000001-0000000000000004,2,1,5175.3,0.04
2026-09-08T05:40:39.811575,0000000000000003-0000000000000001,1,3,3457.1,0.05
2026-09-08T05:40:39.831291,0000000000000002-0000000000000001,2,2,5237.41,0.04
2026-09-08T05:40:39.852161,0000000000000006-0000000000000001,2,2,1718.2,0.05
2026-09-08T05:40:39.870648,0000000000000004-0000000000000001,1,2,3457.1,0.05
2026-09-08T05:40:42.358372,0000000000000003-0000000000000005,2,2,7555.71,0.06
2026-09-08T05:40:42.386097,0000000000000004-0000000000000006,2,2,7353.92,0.06
2026-09-08T05:40:42.406572,0000000000000002-0000000000000006,3,2,7286.66,0.06
2026-09-08T05:40:42.429573,0000000000000001-0000000000000002,2,2,5605.12,0.05
2026-09-08T05:40:42.454661,0000000000000003-0000000000000002,1,2,3721.8,0.06
2026-09-08T05:40:42.476216,0000000000000001-0000000000000003,3,1,7533.29,0.06
2026-09-08T05:40:42.498940,0000000000000006-0000000000000003,2,1,1816.06,0.06
2026-09-08T05:40:42.520005,0000000000000004-0000000000000003,1,1,3811.48,0.06
2026-09-08T05:40:42.542692,0000000000000002-0000000000000003,2,1,5739.65,0.05
2026-09-08T05:40:42.568445,0000000000000005-0000000000000003,2,2,1883.32,0.06
2026-09-08T05:40:45.028960,0000000000000003-0000000000000005,2,2,7189.4,0.06
2026-09-08T05:40:45.049434,0000000000000004-0000000000000006,2,2,7279.27,0.06
2026-09-08T05:40:45.069873,0000000000000002-0000000000000006,3,2,7211.87,0.06
2026-09-08T05:40:45.092107,0000000000000003-0000000000000002,1,2,3639.64,0.06
2026-09-08T05:40:45.113277,0000000000000001-0000000000000002,2,2,5414.52,0.04
2026-09-08T05:40:45.132853,0000000000000005-0000000000000003,2,2,1729.95,0.06
2026-09-08T05:40:45.153161,0000000000000006-0000000000000005,2,2,1797.35,0.06
2026-09-08T05:40:45.174586,0000000000000004-0000000000000005,1,2,3594.7,0.06
2026-09-08T05:40:45.196000,0000000000000002-0000000000000005,2,2,5526.85,0.04
2026-09-08T05:40:45.213484,0000000000000001-0000000000000005,3,2,7122.0,0.06
2026-09-08T05:40:47.804298,0000000000000003-0000000000000005,2,2,6700.82,0.05
2026-09-08T05:40:47.826813,0000000000000004-0000000000000006,2,2,6873.75,0.05
2026-09-08T05:40:47.847070,0000000000000001-0000000000000004,2,1,5209.35,0.04
2026-09-08T05:40:47.866877,0000000000000002-0000000000000004,3,1,6700.82,0.05
2026-09-08T05:40:47.888659,0000000000000001-0000000000000005,3,2,6635.98,0.05
2026-09-08T05:40:47.911322,0000000000000006-0000000000000004,2,2,1664.4,0.06
2026-09-08T05:40:47.930006,0000000000000005-0000000000000003,2,2,1815.71,0.05
2026-09-08T05:40:47.950213,0000000000000002-0000000000000005,2,2,5014.81,0.04
2026-09-08T05:40:47.968953,0000000000000004-0000000000000002,1,3,3501.72,0.06
2026-09-08T05:40:47.987580,0000000000000003-0000000000000002,1,2,3588.18,0.05
2026-09-08T05:40:50.453345,0000000000000003-0000000000000005,2,2,8018.13,0.06
2026-09-08T05:40:50.474225,0000000000000004-0000000000000006,2,2,8044.55,0.06
2026-09-08T05:40:50.496205,0000000000000002-0000000000000004,3,1,8067.2,0.06
2026-09-08T05:40:50.517399,0000000000000002-0000000000000005,2,2,6274.07,0.05
2026-09-08T05:40:50.537059,0000000000000001-0000000000000005,3,2,7972.83,0.06
2026-09-08T05:40:50.560710,0000000000000004-0000000000000002,1,3,4122.31,0.06
2026-09-08T05:40:50.578181,0000000000000006-0000000000000002,2,3,1947.91,0.06
2026-09-08T05:40:50.598353,0000000000000001-0000000000000002,2,2,6209.9,0.05
2026-09-08T05:40:50.617348,0000000000000005-0000000000000002,2,2,1974.33,0.06
2026-09-08T05:40:50.635308,0000000000000003-0000000000000002,1,2,4080.79,0.06
2026-09-08T05:40:53.347805,0000000000000003-0000000000000005,2,2,7275.66,0.06
2026-09-08T05:40:53.366023,0000000000000004-0000000000000006,2,2,7379.3,0.06
2026-09-08T05:40:53.384829,0000000000000004-0000000000000005,1,2,3793.29,0.06
2026-09-08T05:40:53.406712,0000000000000002-0000000000000005,2,2,5575.94,0.04
2026-09-08T05:40:53.427728,0000000000000001-0000000000000005,3,2,7109.84,0.06
2026-09-08T05:40:53.446567,0000000000000006-0000000000000004,2,2,1844.83,0.06
2026-09-08T05:40:53.466713,0000000000000002-0000000000000004,3,1,7192.75,0.06
2026-09-08T05:40:53.484307,0000000000000005-0000000000000004,2,1,1948.47,0.06
2026-09-08T05:40:53.503460,0000000000000003-0000000000000004,1,1,3855.48,0.06
2026-09-08T05:40:53.523827,0000000000000001-0000000000000004,2,1,5472.29,0.04
2026-09-08T05:40:56.081022,0000000000000003-0000000000000005,2,2,8188.17,0.07
2026-09-08T05:40:56.101778,0000000000000004-0000000000000006,2,2,8166.22,0.07
2026-09-08T05:40:56.124072,0000000000000002-0000000000000006,3,2,8232.07,0.07
2026-09-08T05:40:56.148237,0000000000000001-0000000000000002,2,2,6300.28,0.05
2026-09-08T05:40:56.168829,0000000000000003-0000000000000002,1,2,4017.25,0.06
2026-09-08T05:40:56.194586,0000000000000001-0000000000000003,3,1,8122.31,0.06
2026-09-08T05:40:56.216407,0000000000000006-0000000000000003,2,1,1931.79,0.06
2026-09-08T05:40:56.237091,0000000000000004-0000000000000003,1,1,3995.3,0.06
2026-09-08T05:40:56.257543,0000000000000002-0000000000000003,2,1,6344.19,0.05
2026-09-08T05:40:56.277516,0000000000000005-0000000000000003,2,2,1822.03,0.06
2026-09-08T05:40:58.768031,0000000000000003-0000000000000005,2,2,7748.13,0.06
2026-09-08T05:40:58.788963,0000000000000004-0000000000000006,2,2,7792.79,0.06
2026-09-08T05:40:58.816260,0000000000000002-0000000000000006,3,2,7770.46,0.06
2026-09-08T05:40:58.836477,0000000000000001-0000000000000003,3,1,7792.79,0.06
2026-09-08T05:40:58.860074,0000000000000003-0000000000000006,1,2,3974.55,0.06
2026-09-08T05:40:58.889427,0000000000000001-0000000000000006,2,2,5939.49,0.05
2026-09-08T05:40:58.912114,0000000000000006-0000000000000003,2,1,1897.96,0.06
2026-09-08T05:40:58.930536,0000000000000004-0000000000000003,1,1,3929.89,0.06
2026-09-08T05:40:58.951419,0000000000000002-0000000000000003,2,1,5894.83,0.05
2026-09-08T05:40:58.970296,0000000000000005-0000000000000003,2,2,1897.96,0.06
2026-09-08T05:41:01.425381,0000000000000003-0000000000000005,2,2,7566.76,0.06
2026-09-08T05:41:01.447678,0000000000000004-0000000000000006,2,2,7702.28,0.06
2026-09-08T05:41:01.468165,0000000000000002-0000000000000006,3,2,7611.93,0.06
2026-09-08T05:41:01.489356,0000000000000001-0000000000000003,3,1,7476.41,0.06
2026-09-08T05:41:01.508384,0000000000000002-0000000000000001,2,2,5827.53,0.05
2026-09-08T05:41:01.529966,0000000000000006-0000000000000002,2,3,1874.75,0.06
2026-09-08T05:41:01.549216,0000000000000004-0000000000000002,1,3,3772.09,0.06
2026-09-08T05:41:01.568057,0000000000000005-0000000000000002,2,2,1942.51,0.06
2026-09-08T05:41:01.589173,0000000000000003-0000000000000002,1,2,3952.78,0.06
2026-09-08T05:41:01.605536,0000000000000001-0000000000000002,2,2,5782.36,0.05
2026-09-08T05:41:04.090461,0000000000000003-0000000000000005,2,2,7877.39,0.06
2026-09-08T05:41:04.110616,0000000000000004-0000000000000006,2,2,7989.92,0.06
2026-09-08T05:41:04.130809,0000000000000001-0000000000000005,3,2,7832.37,0.06
2026-09-08T05:41:04.152097,0000000000000002-0000000000000001,2,2,6031.83,0.05
2026-09-08T05:41:04.171155,0000000000000004-0000000000000001,1,2,4051.23,0.06
2026-09-08T05:41:04.193458,0000000000000006-0000000000000004,2,2,1980.6,0.06
2026-09-08T05:41:04.213713,0000000000000002-0000000000000004,3,1,7899.89,0.06
2026-09-08T05:41:04.233779,0000000000000005-0000000000000004,2,1,2003.11,0.06
2026-09-08T05:41:04.251859,0000000000000003-0000000000000004,1,1,4051.23,0.06
2026-09-08T05:41:04.272493,0000000000000001-0000000000000004,2,1,6076.84,0.05
2026-09-08T05:41:06.802751,0000000000000003-0000000000000005,2,2,7476.45,0.06
2026-09-08T05:41:06.823665,0000000000000004-0000000000000006,2,2,7498.57,0.06
2026-09-08T05:41:06.852700,0000000000000002-0000000000000004,3,1,7432.21,0.06
2026-09-08T05:41:06.873957,0000000000000001-0000000000000004,2,1,5729.0,0.05
2026-09-08T05:41:06.893882,0000000000000001-0000000000000005,3,2,7498.57,0.06
2026-09-08T05:41:06.914493,0000000000000003-0000000000000001,1,3,3826.7,0.06
2026-09-08T05:41:06.935876,0000000000000005-0000000000000001,2,3,1835.93,0.06
2026-09-08T05:41:06.960162,0000000000000002-0000000000000001,2,2,5751.11,0.05
2026-09-08T05:41:06.981709,0000000000000006-0000000000000001,2,2,1858.05,0.06
2026-09-08T05:41:07.002751,0000000000000004-0000000000000001,1,2,3671.87,0.06
2026-09-08T05:41:09.564945,0000000000000003-0000000000000005,2,2,7342.93,0.06
2026-09-08T05:41:09.584352,0000000000000004-0000000000000006,2,2,7408.11,0.06
2026-09-08T05:41:09.605238,0000000000000002-0000000000000004,3,1,7342.93,0.06
2026-09-08T05:41:09.627659,0000000000000001-0000000000000004,2,1,5648.41,0.05
2026-09-08T05:41:09.647428,0000000000000001-0000000000000005,3,2,7277.76,0.06
2026-09-08T05:41:09.671502,0000000000000003-0000000000000001,1,3,3736.64,0.06
2026-09-08T05:41:09.692187,0000000000000005-0000000000000001,2,3,1846.6,0.06
2026-09-08T05:41:09.712303,0000000000000002-0000000000000001,2,2,5583.23,0.05
2026-09-08T05:41:09.733373,0000000000000006-0000000000000001,2,2,1716.25,0.06
2026-09-08T05:41:09.752790,0000000000000004-0000000000000001,1,2,3693.19,0.06
2026-09-08T05:41:12.387881,0000000000000003-0000000000000005,2,2,6970.65,0.06
2026-09-08T05:41:12.409897,0000000000000004-0000000000000006,2,2,7034.41,0.06
2026-09-08T05:41:12.432582,0000000000000002-0000000000000004,3,1,6991.9,0.06
2026-09-08T05:41:12.456170,0000000000000001-0000000000000002,2,2,5313.0,0.04
2026-09-08T05:41:12.476857,0000000000000002-0000000000000003,2,1,5461.76,0.04
2026-09-08T05:41:12.498881,0000000000000001-0000000000000003,3,1,6779.38,0.05
2026-09-08T05:41:12.519610,0000000000000005-0000000000000002,2,2,1678.91,0.06
2026-09-08T05:41:12.542851,0000000000000003-0000000000000002,1,2,3591.59,0.05
2026-09-08T05:41:12.561952,0000000000000004-0000000000000002,1,3,3719.1,0.06
2026-09-08T05:41:12.581357,0000000000000006-0000000000000005,2,2,1827.67,0.06
2026-09-08T05:41:15.032085,0000000000000003-0000000000000005,2,2,4809.46,0.04
2026-09-08T05:41:15.054249,0000000000000004-0000000000000006,2,2,4877.52,0.04
2026-09-08T05:41:15.072740,0000000000000001-0000000000000005,3,2,4877.52,0.04
2026-09-08T05:41:15.093792,0000000000000002-0000000000000006,3,2,4741.4,0.04
2026-09-08T05:41:15.113888,0000000000000002-0000000000000005,2,2,3720.53,0.03
2026-09-08T05:41:15.135741,0000000000000006-0000000000000003,2,1,1225.05,0.04
2026-09-08T05:41:15.155498,0000000000000001-0000000000000006,2,2,3765.9,0.03
2026-09-08T05:41:15.175709,0000000000000004-0000000000000005,1,2,2427.42,0.04
2026-09-08T05:41:15.196266,0000000000000005-0000000000000004,2,1,1179.68,0.04
2026-09-08T05:41:15.217795,0000000000000003-0000000000000004,1,1,2495.47,0.04
